TL_ID;Time;Queue Length;Waiting Time;Mean Speed;Base Duration;Extended Time;Total Duration;Phase State;Time Left
J11;1,000;0,000;0,000;13,890;42,000;0,000;42,000;GGGGGgrr;41,000
J11;1,000;0,000;0,000;13,890;42,000;0,000;42,000;GGGGGgrr;41,000
J11;1,000;0,000;0,000;13,890;42,000;0,000;42,000;GGGGGgrr;41,000
J11;1,000;0,000;0,000;13,890;42,000;0,000;42,000;GGGGGgrr;41,000
J11;1,000;0,000;0,000;13,890;42,000;0,000;42,000;GGGGGgrr;41,000
J11;1,000;0,000;0,000;13,890;42,000;0,000;42,000;GGGGGgrr;42,000
J11;1,000;0,000;0,000;13,890;42,000;0,000;42,000;GGGGGgrr;42,000
J11;1,000;0,000;0,000;13,890;42,000;0,000;42,000;GGGGGgrr;42,000
J11;2,000;0,000;0,000;13,890;42,000;0,000;42,000;GGGGGgrr;41,000
J11;2,000;0,000;0,000;13,890;42,000;-37,000;5,000;GGGGGgrr;4,000
J11;2,000;0,000;0,000;13,890;42,000;-37,000;5,000;GGGGGgrr;4,000
J11;2,000;0,000;0,000;13,890;42,000;-37,000;5,000;GGGGGgrr;4,000
J11;2,000;0,000;0,000;13,890;42,000;-37,000;5,000;GGGGGgrr;4,000
J11;2,000;0,000;0,000;13,890;42,000;-37,000;5,000;GGGGGgrr;4,000
J11;2,000;0,000;0,000;13,890;42,000;-37,000;5,000;GGGGGgrr;4,000
J11;2,000;0,000;0,000;13,890;42,000;-37,000;5,000;GGGGGgrr;4,000
J11;2,000;0,000;0,000;13,890;42,000;-37,000;5,000;GGGGGgrr;4,000
J11;2,000;0,000;0,000;13,890;42,000;-37,000;5,000;GGGGGgrr;4,000
J11;2,000;0,000;0,000;13,890;42,000;-37,000;5,000;GGGGGgrr;4,000
J11;2,000;0,000;0,000;13,890;42,000;-37,000;5,000;GGGGGgrr;4,000
J11;2,000;0,000;0,000;13,890;42,000;-37,000;5,000;GGGGGgrr;4,000
J11;2,000;0,000;0,000;13,890;42,000;0,000;42,000;GGGGGgrr;42,000
J11;2,000;0,000;0,000;13,890;42,000;0,000;42,000;GGGGGgrr;42,000
J11;2,000;0,000;0,000;13,890;42,000;0,000;42,000;GGGGGgrr;42,000
J11;3,000;0,000;0,000;13,890;42,000;0,000;42,000;GGGGGgrr;41,000
J11;3,000;0,000;0,000;13,890;42,000;-37,000;5,000;GGGGGgrr;4,000
J11;3,000;0,000;0,000;13,890;42,000;-37,000;5,000;GGGGGgrr;4,000
J11;3,000;0,000;0,000;13,890;42,000;-37,000;5,000;GGGGGgrr;4,000
J11;3,000;0,000;0,000;13,890;42,000;-37,000;5,000;GGGGGgrr;4,000
J11;3,000;0,000;0,000;13,890;42,000;-37,000;5,000;GGGGGgrr;4,000
J11;3,000;0,000;0,000;13,890;42,000;-37,000;5,000;GGGGGgrr;4,000
J11;3,000;0,000;0,000;13,890;42,000;-37,000;5,000;GGGGGgrr;4,000
J11;3,000;0,000;0,000;13,890;42,000;-37,000;5,000;GGGGGgrr;4,000
J11;3,000;0,000;0,000;13,890;42,000;-37,000;5,000;GGGGGgrr;4,000
J11;3,000;0,000;0,000;13,890;42,000;-37,000;5,000;GGGGGgrr;4,000
J11;3,000;0,000;0,000;13,890;42,000;-37,000;5,000;GGGGGgrr;4,000
J11;3,000;0,000;0,000;13,890;42,000;-37,000;5,000;GGGGGgrr;4,000
J11;3,000;0,000;0,000;13,890;42,000;0,000;42,000;GGGGGgrr;42,000
J11;3,000;0,000;0,000;13,890;42,000;0,000;42,000;GGGGGgrr;42,000
J11;3,000;0,000;0,000;13,890;42,000;0,000;42,000;GGGGGgrr;42,000
J11;4,000;0,000;0,000;13,890;42,000;0,000;42,000;GGGGGgrr;41,000
J11;4,000;0,000;0,000;13,890;42,000;-37,000;5,000;GGGGGgrr;4,000
J11;4,000;0,000;0,000;13,890;42,000;-37,000;5,000;GGGGGgrr;4,000
J11;4,000;0,000;0,000;13,890;42,000;-37,000;5,000;GGGGGgrr;4,000
J11;4,000;0,000;0,000;13,890;42,000;-37,000;5,000;GGGGGgrr;4,000
J11;4,000;0,000;0,000;13,890;42,000;-37,000;5,000;GGGGGgrr;4,000
J11;4,000;0,000;0,000;13,890;42,000;-37,000;5,000;GGGGGgrr;4,000
J11;4,000;0,000;0,000;13,890;42,000;-37,000;5,000;GGGGGgrr;4,000
J11;4,000;0,000;0,000;13,890;42,000;-37,000;5,000;GGGGGgrr;4,000
J11;4,000;0,000;0,000;13,890;42,000;-37,000;5,000;GGGGGgrr;4,000
J11;4,000;0,000;0,000;13,890;42,000;-37,000;5,000;GGGGGgrr;4,000
J11;4,000;0,000;0,000;13,890;42,000;-37,000;5,000;GGGGGgrr;4,000
J11;4,000;0,000;0,000;13,890;42,000;-37,000;5,000;GGGGGgrr;4,000
J11;4,000;0,000;0,000;13,890;42,000;-37,000;5,000;GGGGGgrr;4,000
J11;4,000;0,000;0,000;13,890;42,000;0,000;42,000;GGGGGgrr;42,000
J11;4,000;0,000;0,000;13,890;42,000;0,000;42,000;GGGGGgrr;42,000
J11;5,000;0,000;0,000;13,890;42,000;0,000;42,000;GGGGGgrr;41,000
J11;5,000;0,000;0,000;13,890;42,000;-37,000;5,000;GGGGGgrr;4,000
J11;5,000;0,000;0,000;13,890;42,000;-37,000;5,000;GGGGGgrr;4,000
J11;5,000;0,000;0,000;13,890;42,000;-37,000;5,000;GGGGGgrr;4,000
J11;5,000;0,000;0,000;13,890;42,000;-37,000;5,000;GGGGGgrr;4,000
J11;5,000;0,000;0,000;13,890;42,000;-37,000;5,000;GGGGGgrr;4,000
J11;5,000;0,000;0,000;13,890;42,000;-37,000;5,000;GGGGGgrr;4,000
J11;5,000;0,000;0,000;13,890;42,000;-37,000;5,000;GGGGGgrr;4,000
J11;5,000;0,000;0,000;13,890;42,000;-37,000;5,000;GGGGGgrr;4,000
J11;5,000;0,000;0,000;13,890;42,000;0,000;42,000;GGGGGgrr;42,000
J11;5,000;0,000;0,000;13,890;42,000;0,000;42,000;GGGGGgrr;42,000
J11;5,000;0,000;0,000;13,890;42,000;0,000;42,000;GGGGGgrr;42,000
J11;5,000;0,000;0,000;13,890;42,000;0,000;42,000;GGGGGgrr;42,000
J11;6,000;0,000;0,000;13,890;42,000;0,000;42,000;GGGGGgrr;41,000
J11;6,000;0,000;0,000;13,890;42,000;-37,000;5,000;GGGGGgrr;4,000
J11;6,000;0,000;0,000;13,890;42,000;-37,000;5,000;GGGGGgrr;4,000
J11;6,000;0,000;0,000;13,890;42,000;-37,000;5,000;GGGGGgrr;4,000
J11;6,000;0,000;0,000;13,890;42,000;-37,000;5,000;GGGGGgrr;4,000
J11;6,000;0,000;0,000;13,890;42,000;-37,000;5,000;GGGGGgrr;4,000
J11;6,000;0,000;0,000;13,890;42,000;-37,000;5,000;GGGGGgrr;4,000
J11;6,000;0,000;0,000;13,890;42,000;-37,000;5,000;GGGGGgrr;4,000
J11;6,000;0,000;0,000;13,890;42,000;-37,000;5,000;GGGGGgrr;4,000
J11;6,000;0,000;0,000;13,890;42,000;-37,000;5,000;GGGGGgrr;4,000
J11;6,000;0,000;0,000;13,890;42,000;-37,000;5,000;GGGGGgrr;4,000
J11;6,000;0,000;0,000;13,890;42,000;-37,000;5,000;GGGGGgrr;4,000
J11;6,000;0,000;0,000;13,890;42,000;-37,000;5,000;GGGGGgrr;4,000
J11;6,000;0,000;0,000;13,890;42,000;-37,000;5,000;GGGGGgrr;4,000
J11;6,000;0,000;0,000;13,890;42,000;0,000;42,000;GrrrrrGG;42,000
J11;6,000;0,000;0,000;13,890;42,000;0,000;42,000;GrrrrrGG;42,000
J11;6,000;0,000;0,000;13,890;42,000;0,000;42,000;GrrrrrGG;42,000
J11;7,000;0,000;0,000;13,890;42,000;0,000;42,000;GrrrrrGG;41,000
J11;7,000;0,000;0,000;13,890;42,000;0,000;42,000;GrrrrrGG;41,000
J11;7,000;0,000;0,000;13,890;42,000;-37,000;5,000;GrrrrrGG;4,000
J11;7,000;0,000;0,000;13,890;42,000;-37,000;5,000;GrrrrrGG;4,000
J11;7,000;0,000;0,000;13,890;42,000;-37,000;5,000;GrrrrrGG;4,000
J11;7,000;0,000;0,000;13,890;42,000;-37,000;5,000;GrrrrrGG;4,000
J11;7,000;0,000;0,000;13,890;42,000;-37,000;5,000;GrrrrrGG;4,000
J11;7,000;0,000;0,000;13,890;42,000;-37,000;5,000;GrrrrrGG;4,000
J11;7,000;0,000;0,000;13,890;42,000;-37,000;5,000;GrrrrrGG;4,000
J11;7,000;0,000;0,000;13,890;42,000;-37,000;5,000;GrrrrrGG;4,000
J11;7,000;0,000;0,000;13,890;42,000;-37,000;5,000;GrrrrrGG;4,000
J11;7,000;0,000;0,000;13,890;42,000;-37,000;5,000;GrrrrrGG;4,000
J11;7,000;0,000;0,000;13,890;42,000;-37,000;5,000;GrrrrrGG;4,000
J11;7,000;0,000;0,000;13,890;42,000;-37,000;5,000;GrrrrrGG;4,000
J11;7,000;0,000;0,000;13,890;42,000;-37,000;5,000;GrrrrrGG;4,000
J11;7,000;0,000;0,000;13,890;3,000;3,000;6,000;Grrrrryy;5,000
J11;7,000;0,000;0,000;13,890;3,000;3,000;6,000;Grrrrryy;5,000
J11;7,000;0,000;0,000;13,890;3,000;3,000;6,000;Grrrrryy;5,000
J11;7,000;0,000;0,000;13,890;3,000;3,000;6,000;Grrrrryy;5,000
J11;8,000;0,000;0,000;13,890;3,000;3,000;6,000;Grrrrryy;4,000
J11;8,000;0,000;0,000;13,890;3,000;3,000;6,000;Grrrrryy;4,000
J11;8,000;0,000;0,000;13,890;3,000;3,000;6,000;Grrrrryy;4,000
J11;8,000;0,000;0,000;13,890;3,000;3,000;6,000;Grrrrryy;4,000
J11;8,000;0,000;0,000;13,890;3,000;3,000;6,000;Grrrrryy;4,000
J11;8,000;0,000;0,000;13,890;3,000;3,000;6,000;Grrrrryy;4,000
J11;8,000;0,000;0,000;13,890;3,000;3,000;6,000;Grrrrryy;4,000
J11;8,000;0,000;0,000;13,890;3,000;3,000;6,000;Grrrrryy;4,000
J11;8,000;0,000;0,000;13,890;3,000;3,000;6,000;Grrrrryy;4,000
J11;8,000;0,000;0,000;13,890;3,000;3,000;6,000;Grrrrryy;4,000
J11;8,000;0,000;0,000;13,890;3,000;3,000;6,000;Grrrrryy;4,000
J11;8,000;0,000;0,000;13,890;3,000;3,000;6,000;Grrrrryy;4,000
J11;8,000;0,000;0,000;13,890;3,000;3,000;6,000;Grrrrryy;4,000
J11;8,000;0,000;0,000;13,890;3,000;3,000;6,000;Grrrrryy;4,000
J11;8,000;0,000;0,000;13,890;3,000;7,000;10,000;Grrrrryy;10,000
J11;8,000;0,000;0,000;13,890;3,000;7,000;10,000;Grrrrryy;10,000
J11;8,000;0,000;0,000;13,890;3,000;7,000;10,000;Grrrrryy;10,000
J11;9,000;0,000;0,000;13,890;3,000;7,000;10,000;Grrrrryy;9,000
J11;9,000;0,000;0,000;13,890;3,000;2,000;5,000;Grrrrryy;4,000
J11;9,000;0,000;0,000;13,890;3,000;2,000;5,000;Grrrrryy;4,000
J11;9,000;0,000;0,000;13,890;3,000;2,000;5,000;Grrrrryy;4,000
J11;9,000;0,000;0,000;13,890;3,000;2,000;5,000;Grrrrryy;4,000
J11;9,000;0,000;0,000;13,890;3,000;2,000;5,000;Grrrrryy;4,000
J11;9,000;0,000;0,000;13,890;3,000;2,000;5,000;Grrrrryy;4,000
J11;9,000;0,000;0,000;13,890;3,000;2,000;5,000;Grrrrryy;4,000
J11;9,000;0,000;0,000;13,890;3,000;2,000;5,000;Grrrrryy;4,000
J11;9,000;0,000;0,000;13,890;3,000;2,000;5,000;Grrrrryy;4,000
J11;9,000;0,000;0,000;13,890;42,000;0,000;42,000;GGGGGgrr;42,000
J11;9,000;0,000;0,000;13,890;42,000;0,000;42,000;GGGGGgrr;42,000
J11;9,000;0,000;0,000;13,890;42,000;0,000;42,000;GGGGGgrr;42,000
J11;10,000;0,000;0,000;13,890;42,000;0,000;42,000;GGGGGgrr;41,000
J11;10,000;0,000;0,000;13,890;42,000;-37,000;5,000;GGGGGgrr;4,000
J11;10,000;0,000;0,000;13,890;42,000;-37,000;5,000;GGGGGgrr;4,000
J11;10,000;0,000;0,000;13,890;42,000;-37,000;5,000;GGGGGgrr;4,000
J11;10,000;0,000;0,000;13,890;42,000;-37,000;5,000;GGGGGgrr;4,000
J11;10,000;0,000;0,000;13,890;42,000;-37,000;5,000;GGGGGgrr;4,000
J11;10,000;0,000;0,000;13,890;42,000;-37,000;5,000;GGGGGgrr;4,000
J11;10,000;0,000;0,000;13,890;42,000;-37,000;5,000;GGGGGgrr;4,000
J11;10,000;0,000;0,000;13,890;42,000;-37,000;5,000;GGGGGgrr;4,000
J11;10,000;0,000;0,000;13,890;42,000;-37,000;5,000;GGGGGgrr;4,000
J11;10,000;0,000;0,000;13,890;42,000;-37,000;5,000;GGGGGgrr;4,000
J11;10,000;0,000;0,000;13,890;42,000;-37,000;5,000;GGGGGgrr;4,000
J11;10,000;0,000;0,000;13,890;42,000;-37,000;5,000;GGGGGgrr;4,000
J11;10,000;0,000;0,000;13,890;42,000;-37,000;5,000;GGGGGgrr;4,000
J11;10,000;0,000;0,000;13,890;42,000;0,000;42,000;GGGGGgrr;42,000
J11;10,000;0,000;0,000;13,890;42,000;0,000;42,000;GGGGGgrr;42,000
J11;11,000;0,000;0,000;13,890;42,000;0,000;42,000;GGGGGgrr;41,000
J11;11,000;0,000;0,000;13,890;42,000;-37,000;5,000;GGGGGgrr;4,000
J11;11,000;0,000;0,000;13,890;42,000;-37,000;5,000;GGGGGgrr;4,000
J11;11,000;0,000;0,000;13,890;42,000;-37,000;5,000;GGGGGgrr;4,000
J11;11,000;0,000;0,000;13,890;42,000;-37,000;5,000;GGGGGgrr;4,000
J11;11,000;0,000;0,000;13,890;42,000;-37,000;5,000;GGGGGgrr;4,000
J11;11,000;0,000;0,000;13,890;42,000;-37,000;5,000;GGGGGgrr;4,000
J11;11,000;0,000;0,000;13,890;42,000;-37,000;5,000;GGGGGgrr;4,000
J11;11,000;0,000;0,000;13,890;42,000;-37,000;5,000;GGGGGgrr;4,000
J11;11,000;0,000;0,000;13,890;42,000;-37,000;5,000;GGGGGgrr;4,000
J11;11,000;0,000;0,000;13,890;42,000;-37,000;5,000;GGGGGgrr;4,000
J11;11,000;0,000;0,000;13,890;42,000;-37,000;5,000;GGGGGgrr;4,000
J11;11,000;0,000;0,000;13,890;42,000;0,000;42,000;GGGGGgrr;42,000
J11;11,000;0,000;0,000;13,890;42,000;0,000;42,000;GGGGGgrr;42,000
J11;11,000;0,000;0,000;13,890;42,000;0,000;42,000;GGGGGgrr;42,000
J11;12,000;0,000;0,000;13,890;42,000;0,000;42,000;GGGGGgrr;41,000
J11;12,000;0,000;0,000;13,890;42,000;-37,000;5,000;GGGGGgrr;4,000
J11;12,000;0,000;0,000;13,890;42,000;-37,000;5,000;GGGGGgrr;4,000
J11;12,000;0,000;0,000;13,890;42,000;-37,000;5,000;GGGGGgrr;4,000
J11;12,000;0,000;0,000;13,890;42,000;-37,000;5,000;GGGGGgrr;4,000
J11;12,000;0,000;0,000;13,890;42,000;-37,000;5,000;GGGGGgrr;4,000
J11;12,000;0,000;0,000;13,890;42,000;-37,000;5,000;GGGGGgrr;4,000
J11;12,000;0,000;0,000;13,890;42,000;-37,000;5,000;GGGGGgrr;4,000
J11;12,000;0,000;0,000;13,890;42,000;-37,000;5,000;GGGGGgrr;4,000
J11;12,000;0,000;0,000;13,890;42,000;-37,000;5,000;GGGGGgrr;4,000
J11;12,000;0,000;0,000;13,890;42,000;-37,000;5,000;GGGGGgrr;4,000
J11;12,000;0,000;0,000;13,890;42,000;-37,000;5,000;GGGGGgrr;4,000
J11;12,000;0,000;0,000;13,890;42,000;-37,000;5,000;GGGGGgrr;4,000
J11;12,000;0,000;0,000;13,890;42,000;-37,000;5,000;GGGGGgrr;4,000
J11;12,000;0,000;0,000;13,890;42,000;0,000;42,000;GGGGGgrr;42,000
J11;12,000;0,000;0,000;13,890;42,000;0,000;42,000;GGGGGgrr;42,000
J11;12,000;0,000;0,000;13,890;42,000;0,000;42,000;GGGGGgrr;42,000
J11;13,000;0,000;0,000;13,890;42,000;0,000;42,000;GGGGGgrr;41,000
J11;13,000;0,000;0,000;13,890;42,000;0,000;42,000;GGGGGgrr;41,000
J11;13,000;0,000;0,000;13,890;42,000;-37,000;5,000;GGGGGgrr;4,000
J11;13,000;0,000;0,000;13,890;42,000;-37,000;5,000;GGGGGgrr;4,000
J11;13,000;0,000;0,000;13,890;42,000;-37,000;5,000;GGGGGgrr;4,000
J11;13,000;0,000;0,000;13,890;42,000;-37,000;5,000;GGGGGgrr;4,000
J11;13,000;0,000;0,000;13,890;42,000;-37,000;5,000;GGGGGgrr;4,000
J11;13,000;0,000;0,000;13,890;42,000;-37,000;5,000;GGGGGgrr;4,000
J11;13,000;0,000;0,000;13,890;42,000;-37,000;5,000;GGGGGgrr;4,000
J11;13,000;0,000;0,000;13,890;42,000;-37,000;5,000;GGGGGgrr;4,000
J11;13,000;0,000;0,000;13,890;42,000;-37,000;5,000;GGGGGgrr;4,000
J11;13,000;0,000;0,000;13,890;42,000;-37,000;5,000;GGGGGgrr;4,000
J11;13,000;0,000;0,000;13,890;42,000;-37,000;5,000;GGGGGgrr;4,000
J11;13,000;0,000;0,000;13,890;42,000;-37,000;5,000;GGGGGgrr;4,000
J11;13,000;0,000;0,000;13,890;42,000;0,000;42,000;GGGGGgrr;42,000
J11;13,000;0,000;0,000;13,890;42,000;0,000;42,000;GGGGGgrr;42,000
J11;14,000;0,000;0,000;13,890;42,000;0,000;42,000;GGGGGgrr;41,000
J11;14,000;0,000;0,000;13,890;42,000;-37,000;5,000;GGGGGgrr;4,000
J11;14,000;0,000;0,000;13,890;42,000;-37,000;5,000;GGGGGgrr;4,000
J11;14,000;0,000;0,000;13,890;42,000;-37,000;5,000;GGGGGgrr;4,000
J11;14,000;0,000;0,000;13,890;42,000;-37,000;5,000;GGGGGgrr;4,000
J11;14,000;0,000;0,000;13,890;42,000;-37,000;5,000;GGGGGgrr;4,000
J11;14,000;0,000;0,000;13,890;42,000;-37,000;5,000;GGGGGgrr;4,000
J11;14,000;0,000;0,000;13,890;42,000;-37,000;5,000;GGGGGgrr;4,000
J11;14,000;0,000;0,000;13,890;42,000;-37,000;5,000;GGGGGgrr;4,000
J11;14,000;0,000;0,000;13,890;42,000;-37,000;5,000;GGGGGgrr;4,000
J11;14,000;0,000;0,000;13,890;42,000;-37,000;5,000;GGGGGgrr;4,000
J11;14,000;0,000;0,000;13,890;42,000;-37,000;5,000;GGGGGgrr;4,000
J11;14,000;0,000;0,000;13,890;42,000;-37,000;5,000;GGGGGgrr;4,000
J11;14,000;0,000;0,000;13,890;42,000;0,000;42,000;GGGGGgrr;42,000
J11;14,000;0,000;0,000;13,890;42,000;0,000;42,000;GGGGGgrr;42,000
J11;15,000;0,000;0,000;13,890;42,000;0,000;42,000;GGGGGgrr;41,000
J11;15,000;0,000;0,000;13,890;42,000;-37,000;5,000;GGGGGgrr;4,000
J11;15,000;0,000;0,000;13,890;42,000;-37,000;5,000;GGGGGgrr;4,000
J11;15,000;0,000;0,000;13,890;42,000;-37,000;5,000;GGGGGgrr;4,000
J11;15,000;0,000;0,000;13,890;42,000;-37,000;5,000;GGGGGgrr;4,000
J11;15,000;0,000;0,000;13,890;42,000;-37,000;5,000;GGGGGgrr;4,000
J11;15,000;0,000;0,000;13,890;42,000;-37,000;5,000;GGGGGgrr;4,000
J11;15,000;0,000;0,000;13,890;42,000;-37,000;5,000;GGGGGgrr;4,000
J11;15,000;0,000;0,000;13,890;42,000;-37,000;5,000;GGGGGgrr;4,000
J11;15,000;0,000;0,000;13,890;42,000;-37,000;5,000;GGGGGgrr;4,000
J11;15,000;0,000;0,000;13,890;42,000;-37,000;5,000;GGGGGgrr;4,000
J11;15,000;0,000;0,000;13,890;42,000;-37,000;5,000;GGGGGgrr;4,000
J11;15,000;0,000;0,000;13,890;42,000;-37,000;5,000;GGGGGgrr;4,000
J11;15,000;0,000;0,000;13,890;42,000;-37,000;5,000;GGGGGgrr;4,000
J11;15,000;0,000;0,000;13,890;42,000;0,000;42,000;GGGGGgrr;42,000
J11;15,000;0,000;0,000;13,890;42,000;0,000;42,000;GGGGGgrr;42,000
J11;16,000;0,000;0,000;13,890;42,000;0,000;42,000;GGGGGgrr;41,000
J11;16,000;0,000;0,000;13,890;42,000;0,000;42,000;GGGGGgrr;41,000
J11;16,000;0,000;0,000;13,890;42,000;-37,000;5,000;GGGGGgrr;4,000
J11;16,000;0,000;0,000;13,890;42,000;-37,000;5,000;GGGGGgrr;4,000
J11;16,000;0,000;0,000;13,890;42,000;-37,000;5,000;GGGGGgrr;4,000
J11;16,000;0,000;0,000;13,890;42,000;-37,000;5,000;GGGGGgrr;4,000
J11;16,000;0,000;0,000;13,890;42,000;-37,000;5,000;GGGGGgrr;4,000
J11;16,000;0,000;0,000;13,890;42,000;-37,000;5,000;GGGGGgrr;4,000
J11;16,000;0,000;0,000;13,890;42,000;-37,000;5,000;GGGGGgrr;4,000
J11;16,000;0,000;0,000;13,890;42,000;-37,000;5,000;GGGGGgrr;4,000
J11;16,000;0,000;0,000;13,890;42,000;-37,000;5,000;GGGGGgrr;4,000
J11;16,000;0,000;0,000;13,890;42,000;0,000;42,000;GGGGGgrr;42,000
J11;16,000;0,000;0,000;13,890;42,000;0,000;42,000;GGGGGgrr;42,000
J11;16,000;0,000;0,000;13,890;42,000;0,000;42,000;GGGGGgrr;42,000
J11;17,000;0,000;0,000;13,848;42,000;0,000;42,000;GGGGGgrr;41,000
J11;17,000;0,000;0,000;13,848;42,000;-37,000;5,000;GGGGGgrr;4,000
J11;17,000;0,000;0,000;13,848;42,000;-37,000;5,000;GGGGGgrr;4,000
J11;17,000;0,000;0,000;13,848;42,000;-37,000;5,000;GGGGGgrr;4,000
J11;17,000;0,000;0,000;13,848;42,000;-37,000;5,000;GGGGGgrr;4,000
J11;17,000;0,000;0,000;13,848;42,000;-37,000;5,000;GGGGGgrr;4,000
J11;17,000;0,000;0,000;13,848;42,000;-37,000;5,000;GGGGGgrr;4,000
J11;17,000;0,000;0,000;13,848;42,000;-37,000;5,000;GGGGGgrr;4,000
J11;17,000;0,000;0,000;13,848;42,000;-37,000;5,000;GGGGGgrr;4,000
J11;17,000;0,000;0,000;13,848;42,000;-37,000;5,000;GGGGGgrr;4,000
J11;17,000;0,000;0,000;13,848;42,000;-37,000;5,000;GGGGGgrr;4,000
J11;17,000;0,000;0,000;13,848;42,000;-37,000;5,000;GGGGGgrr;4,000
J11;17,000;0,000;0,000;13,848;42,000;-37,000;5,000;GGGGGgrr;4,000
J11;17,000;0,000;0,000;13,848;42,000;-37,000;5,000;GGGGGgrr;4,000
J11;17,000;0,000;0,000;13,848;42,000;0,000;42,000;GGGGGgrr;42,000
J11;17,000;0,000;0,000;13,848;42,000;0,000;42,000;GGGGGgrr;42,000
J11;17,000;0,000;0,000;13,848;42,000;0,000;42,000;GGGGGgrr;42,000
J11;18,000;0,000;0,000;13,157;42,000;0,000;42,000;GGGGGgrr;41,000
J11;18,000;0,000;0,000;13,157;42,000;-37,000;5,000;GGGGGgrr;4,000
J11;18,000;0,000;0,000;13,157;42,000;-37,000;5,000;GGGGGgrr;4,000
J11;18,000;0,000;0,000;13,157;42,000;-37,000;5,000;GGGGGgrr;4,000
J11;18,000;0,000;0,000;13,157;42,000;-37,000;5,000;GGGGGgrr;4,000
J11;18,000;0,000;0,000;13,157;42,000;-37,000;5,000;GGGGGgrr;4,000
J11;18,000;0,000;0,000;13,157;42,000;-37,000;5,000;GGGGGgrr;4,000
J11;18,000;0,000;0,000;13,157;42,000;-37,000;5,000;GGGGGgrr;4,000
J11;18,000;0,000;0,000;13,157;42,000;-37,000;5,000;GGGGGgrr;4,000
J11;18,000;0,000;0,000;13,157;42,000;-37,000;5,000;GGGGGgrr;4,000
J11;18,000;0,000;0,000;13,157;42,000;-37,000;5,000;GGGGGgrr;4,000
J11;18,000;0,000;0,000;13,157;42,000;-37,000;5,000;GGGGGgrr;4,000
J11;18,000;0,000;0,000;13,157;42,000;-37,000;5,000;GGGGGgrr;4,000
J11;18,000;0,000;0,000;13,157;42,000;-37,000;5,000;GGGGGgrr;4,000
J11;18,000;0,000;0,000;13,157;42,000;0,000;42,000;GGGGGgrr;42,000
J11;18,000;0,000;0,000;13,157;42,000;0,000;42,000;GGGGGgrr;42,000
J11;18,000;0,000;0,000;13,562;42,000;0,000;42,000;GGGGGgrr;42,000
J11;19,000;0,000;0,000;13,562;42,000;-37,000;5,000;GGGGGgrr;4,000
J11;19,000;0,000;0,000;13,562;42,000;-37,000;5,000;GGGGGgrr;4,000
J11;19,000;0,000;0,000;13,562;42,000;-37,000;5,000;GGGGGgrr;4,000
J11;19,000;0,000;0,000;13,562;42,000;-37,000;5,000;GGGGGgrr;4,000
J11;19,000;0,000;0,000;13,562;42,000;-37,000;5,000;GGGGGgrr;4,000
J11;19,000;0,000;0,000;13,562;42,000;-37,000;5,000;GGGGGgrr;4,000
J11;19,000;0,000;0,000;13,562;42,000;-37,000;5,000;GGGGGgrr;4,000
J11;19,000;0,000;0,000;13,562;42,000;-37,000;5,000;GGGGGgrr;4,000
J11;19,000;0,000;0,000;13,562;42,000;-37,000;5,000;GGGGGgrr;4,000
J11;19,000;0,000;0,000;13,562;42,000;-37,000;5,000;GGGGGgrr;4,000
J11;19,000;0,000;0,000;13,562;42,000;-37,000;5,000;GGGGGgrr;4,000
J11;19,000;0,000;0,000;13,562;42,000;-37,000;5,000;GGGGGgrr;4,000
J11;19,000;0,000;0,000;13,562;42,000;0,000;42,000;GGGGGgrr;42,000
J11;19,000;0,000;0,000;13,562;42,000;0,000;42,000;GGGGGgrr;42,000
J11;19,000;0,000;0,000;13,562;42,000;0,000;42,000;GGGGGgrr;42,000
J11;20,000;0,000;0,000;13,800;42,000;0,000;42,000;GGGGGgrr;41,000
J11;20,000;0,000;0,000;13,800;42,000;-37,000;5,000;GGGGGgrr;4,000
J11;20,000;0,000;0,000;13,800;42,000;-37,000;5,000;GGGGGgrr;4,000
J11;20,000;0,000;0,000;13,800;42,000;-37,000;5,000;GGGGGgrr;4,000
J11;20,000;0,000;0,000;13,800;42,000;-37,000;5,000;GGGGGgrr;4,000
J11;20,000;0,000;0,000;13,800;42,000;-37,000;5,000;GGGGGgrr;4,000
J11;20,000;0,000;0,000;13,800;42,000;-37,000;5,000;GGGGGgrr;4,000
J11;20,000;0,000;0,000;13,800;42,000;-37,000;5,000;GGGGGgrr;4,000
J11;20,000;0,000;0,000;13,800;42,000;-37,000;5,000;GGGGGgrr;4,000
J11;20,000;0,000;0,000;13,800;42,000;-37,000;5,000;GGGGGgrr;4,000
J11;20,000;0,000;0,000;13,800;42,000;-37,000;5,000;GGGGGgrr;4,000
J11;20,000;0,000;0,000;13,800;42,000;-37,000;5,000;GGGGGgrr;4,000
J11;20,000;0,000;0,000;13,800;42,000;-37,000;5,000;GGGGGgrr;4,000
J11;20,000;0,000;0,000;13,800;42,000;0,000;42,000;GGGGGgrr;42,000
J11;20,000;0,000;0,000;13,800;42,000;0,000;42,000;GGGGGgrr;42,000
J11;20,000;0,000;0,000;13,800;42,000;0,000;42,000;GGGGGgrr;42,000
J11;21,000;0,000;0,000;13,956;42,000;0,000;42,000;GGGGGgrr;41,000
J11;21,000;0,000;0,000;13,956;42,000;-37,000;5,000;GGGGGgrr;4,000
J11;21,000;0,000;0,000;13,956;42,000;-37,000;5,000;GGGGGgrr;4,000
J11;21,000;0,000;0,000;13,956;42,000;-37,000;5,000;GGGGGgrr;4,000
J11;21,000;0,000;0,000;13,956;42,000;-37,000;5,000;GGGGGgrr;4,000
J11;21,000;0,000;0,000;13,956;42,000;-37,000;5,000;GGGGGgrr;4,000
J11;21,000;0,000;0,000;13,956;42,000;-37,000;5,000;GGGGGgrr;4,000
J11;21,000;0,000;0,000;13,956;42,000;-37,000;5,000;GGGGGgrr;4,000
J11;21,000;0,000;0,000;13,956;42,000;-37,000;5,000;GGGGGgrr;4,000
J11;21,000;0,000;0,000;13,956;42,000;-37,000;5,000;GGGGGgrr;4,000
J11;21,000;0,000;0,000;13,956;42,000;-37,000;5,000;GGGGGgrr;4,000
J11;21,000;0,000;0,000;13,956;42,000;-37,000;5,000;GGGGGgrr;4,000
J11;21,000;0,000;0,000;13,956;42,000;-37,000;5,000;GGGGGgrr;4,000
J11;21,000;0,000;0,000;13,956;42,000;0,000;42,000;GGGGGgrr;42,000
J11;21,000;0,000;0,000;13,956;42,000;0,000;42,000;GGGGGgrr;42,000
J11;21,000;0,000;0,000;13,956;42,000;0,000;42,000;GGGGGgrr;42,000
J11;21,000;0,000;0,000;13,206;42,000;0,000;42,000;GGGGGgrr;42,000
J11;22,000;0,000;0,000;13,144;42,000;-37,000;5,000;GGGGGgrr;4,000
J11;22,000;0,000;0,000;13,144;42,000;-37,000;5,000;GGGGGgrr;4,000
J11;22,000;0,000;0,000;13,144;42,000;-37,000;5,000;GGGGGgrr;4,000
J11;22,000;0,000;0,000;13,144;42,000;-37,000;5,000;GGGGGgrr;4,000
J11;22,000;0,000;0,000;13,144;42,000;-37,000;5,000;GGGGGgrr;4,000
J11;22,000;0,000;0,000;13,144;42,000;-37,000;5,000;GGGGGgrr;4,000
J11;22,000;0,000;0,000;13,144;42,000;-37,000;5,000;GGGGGgrr;4,000
J11;22,000;0,000;0,000;13,144;42,000;-37,000;5,000;GGGGGgrr;4,000
J11;22,000;0,000;0,000;13,144;42,000;-37,000;5,000;GGGGGgrr;4,000
J11;22,000;0,000;0,000;13,144;42,000;-37,000;5,000;GGGGGgrr;4,000
J11;22,000;0,000;0,000;13,144;42,000;-37,000;5,000;GGGGGgrr;4,000
J11;22,000;0,000;0,000;13,144;42,000;0,000;42,000;GGGGGgrr;42,000
J11;22,000;0,000;0,000;13,144;42,000;0,000;42,000;GGGGGgrr;42,000
J11;22,000;0,000;0,000;13,144;42,000;0,000;42,000;GGGGGgrr;42,000
J11;23,000;0,000;0,000;12,515;42,000;0,000;42,000;GGGGGgrr;41,000
J11;23,000;0,000;0,000;12,515;42,000;-37,000;5,000;GGGGGgrr;4,000
J11;23,000;0,000;0,000;12,515;42,000;-37,000;5,000;GGGGGgrr;4,000
J11;23,000;0,000;0,000;12,515;42,000;-37,000;5,000;GGGGGgrr;4,000
J11;23,000;0,000;0,000;12,515;42,000;-37,000;5,000;GGGGGgrr;4,000
J11;23,000;0,000;0,000;12,515;42,000;-37,000;5,000;GGGGGgrr;4,000
J11;23,000;0,000;0,000;12,515;42,000;-37,000;5,000;GGGGGgrr;4,000
J11;23,000;0,000;0,000;12,515;42,000;-37,000;5,000;GGGGGgrr;4,000
J11;23,000;0,000;0,000;12,515;42,000;-37,000;5,000;GGGGGgrr;4,000
J11;23,000;0,000;0,000;12,515;42,000;-37,000;5,000;GGGGGgrr;4,000
J11;23,000;0,000;0,000;12,515;42,000;-37,000;5,000;GGGGGgrr;4,000
J11;23,000;0,000;0,000;12,515;42,000;0,000;42,000;GGGGGgrr;42,000
J11;23,000;0,000;0,000;12,515;42,000;0,000;42,000;GGGGGgrr;42,000
J11;23,000;0,000;0,000;12,515;42,000;0,000;42,000;GGGGGgrr;42,000
J11;24,000;0,000;0,000;11,770;42,000;0,000;42,000;GGGGGgrr;41,000
J11;24,000;0,000;0,000;11,770;42,000;-37,000;5,000;GGGGGgrr;4,000
J11;24,000;0,000;0,000;11,770;42,000;-37,000;5,000;GGGGGgrr;4,000
J11;24,000;0,000;0,000;11,770;42,000;-37,000;5,000;GGGGGgrr;4,000
J11;24,000;0,000;0,000;11,770;42,000;-37,000;5,000;GGGGGgrr;4,000
J11;24,000;0,000;0,000;11,770;42,000;-37,000;5,000;GGGGGgrr;4,000
J11;24,000;0,000;0,000;11,770;42,000;-37,000;5,000;GGGGGgrr;4,000
J11;24,000;0,000;0,000;11,770;42,000;-37,000;5,000;GGGGGgrr;4,000
J11;24,000;0,000;0,000;11,770;42,000;0,000;42,000;GGGGGgrr;42,000
J11;24,000;0,000;0,000;11,770;42,000;0,000;42,000;GGGGGgrr;42,000
J11;24,000;0,000;0,000;11,770;42,000;0,000;42,000;GGGGGgrr;42,000
J11;25,000;0,000;0,000;11,649;42,000;0,000;42,000;GGGGGgrr;41,000
J11;25,000;0,000;0,000;11,649;42,000;-37,000;5,000;GGGGGgrr;4,000
J11;25,000;0,000;0,000;11,649;42,000;-37,000;5,000;GGGGGgrr;4,000
J11;25,000;0,000;0,000;11,649;42,000;-37,000;5,000;GGGGGgrr;4,000
J11;25,000;0,000;0,000;11,649;42,000;-37,000;5,000;GGGGGgrr;4,000
J11;25,000;0,000;0,000;11,649;42,000;-37,000;5,000;GGGGGgrr;4,000
J11;25,000;0,000;0,000;11,649;42,000;-37,000;5,000;GGGGGgrr;4,000
J11;25,000;0,000;0,000;11,649;42,000;-37,000;5,000;GGGGGgrr;4,000
J11;25,000;0,000;0,000;11,649;42,000;-37,000;5,000;GGGGGgrr;4,000
J11;25,000;0,000;0,000;11,649;42,000;-37,000;5,000;GGGGGgrr;4,000
J11;25,000;0,000;0,000;11,649;42,000;-37,000;5,000;GGGGGgrr;4,000
J11;25,000;0,000;0,000;11,649;42,000;-37,000;5,000;GGGGGgrr;4,000
J11;25,000;0,000;0,000;11,649;42,000;0,000;42,000;GGGGGgrr;42,000
J11;25,000;0,000;0,000;11,649;42,000;0,000;42,000;GGGGGgrr;42,000
J11;25,000;0,000;0,000;11,649;42,000;0,000;42,000;GGGGGgrr;42,000
J11;26,000;0,167;0,167;12,342;42,000;0,000;42,000;GGGGGgrr;41,000
J11;26,000;0,167;0,167;12,342;42,000;0,000;42,000;GGGGGgrr;41,000
J11;26,000;0,167;0,167;12,342;42,000;0,000;42,000;GGGGGgrr;41,000
J11;26,000;0,167;0,167;12,342;42,000;0,000;42,000;GGGGGgrr;41,000
J11;26,000;0,167;0,167;12,342;42,000;0,000;42,000;GGGGGgrr;41,000
J11;26,000;0,167;0,167;12,342;42,000;0,000;42,000;GGGGGgrr;41,000
J11;26,000;0,167;0,167;12,342;42,000;0,000;42,000;GGGGGgrr;41,000
J11;26,000;0,167;0,167;12,342;42,000;0,000;42,000;GGGGGgrr;41,000
J11;26,000;0,167;0,167;12,342;42,000;0,000;42,000;GGGGGgrr;41,000
J11;26,000;0,167;0,167;12,342;42,000;0,000;42,000;GGGGGgrr;41,000
J11;26,000;0,167;0,167;12,342;42,000;0,000;42,000;GGGGGgrr;41,000
J11;26,000;0,167;0,167;12,342;42,000;0,000;42,000;GGGGGgrr;41,000
J11;26,000;0,167;0,167;12,342;42,000;0,000;42,000;GGGGGgrr;41,000
J11;26,000;0,167;0,167;12,342;42,000;0,000;42,000;GGGGGgrr;42,000
J11;26,000;0,167;0,167;12,342;42,000;0,000;42,000;GGGGGgrr;42,000
J11;26,000;0,167;0,167;12,342;42,000;0,000;42,000;GGGGGgrr;42,000
J11;27,000;0,167;0,333;12,448;42,000;0,000;42,000;GGGGGgrr;41,000
J11;27,000;0,167;0,333;12,448;42,000;0,000;42,000;GGGGGgrr;41,000
J11;27,000;0,167;0,333;12,448;42,000;0,000;42,000;GGGGGgrr;41,000
J11;27,000;0,167;0,333;12,448;42,000;0,000;42,000;GGGGGgrr;41,000
J11;27,000;0,167;0,333;12,448;42,000;0,000;42,000;GGGGGgrr;41,000
J11;27,000;0,167;0,333;12,448;42,000;0,000;42,000;GGGGGgrr;41,000
J11;27,000;0,167;0,333;12,448;42,000;0,000;42,000;GGGGGgrr;41,000
J11;27,000;0,167;0,333;12,448;42,000;0,000;42,000;GGGGGgrr;41,000
J11;27,000;0,167;0,333;12,448;42,000;0,000;42,000;GGGGGgrr;41,000
J11;27,000;0,167;0,333;12,448;42,000;0,000;42,000;GGGGGgrr;41,000
J11;27,000;0,167;0,333;12,448;42,000;0,000;42,000;GGGGGgrr;41,000
J11;27,000;0,167;0,333;12,448;42,000;0,000;42,000;GGGGGgrr;41,000
J11;27,000;0,167;0,333;12,448;42,000;0,000;42,000;GGGGGgrr;41,000
J11;27,000;0,167;0,333;12,448;42,000;0,000;42,000;GGGGGgrr;42,000
J11;27,000;0,167;0,333;12,448;42,000;0,000;42,000;GGGGGgrr;42,000
J11;27,000;0,167;0,333;12,448;42,000;0,000;42,000;GGGGGgrr;42,000
J11;28,000;0,167;0,500;12,606;42,000;0,000;42,000;GGGGGgrr;41,000
J11;28,000;0,167;0,500;12,606;42,000;0,000;42,000;GGGGGgrr;41,000
J11;28,000;0,167;0,500;12,606;42,000;0,000;42,000;GGGGGgrr;41,000
J11;28,000;0,167;0,500;12,606;42,000;0,000;42,000;GGGGGgrr;41,000
J11;28,000;0,167;0,500;12,606;42,000;0,000;42,000;GGGGGgrr;41,000
J11;28,000;0,167;0,500;12,606;42,000;0,000;42,000;GGGGGgrr;41,000
J11;28,000;0,167;0,500;12,606;42,000;0,000;42,000;GGGGGgrr;41,000
J11;28,000;0,167;0,500;12,606;42,000;0,000;42,000;GGGGGgrr;41,000
J11;28,000;0,167;0,500;12,606;42,000;0,000;42,000;GGGGGgrr;41,000
J11;28,000;0,167;0,500;12,606;42,000;0,000;42,000;GGGGGgrr;41,000
J11;28,000;0,167;0,500;12,606;42,000;0,000;42,000;GGGGGgrr;41,000
J11;28,000;0,167;0,500;12,606;42,000;0,000;42,000;GGGGGgrr;41,000
J11;28,000;0,167;0,500;12,606;42,000;0,000;42,000;GGGGGgrr;42,000
J11;28,000;0,167;0,500;12,606;42,000;0,000;42,000;GGGGGgrr;42,000
J11;28,000;0,167;0,500;12,606;42,000;0,000;42,000;GGGGGgrr;42,000
J11;28,000;0,167;0,500;12,606;42,000;0,000;42,000;GGGGGgrr;42,000
J11;29,000;0,167;0,667;12,665;42,000;0,000;42,000;GGGGGgrr;41,000
J11;29,000;0,167;0,667;12,665;42,000;0,000;42,000;GGGGGgrr;41,000
J11;29,000;0,167;0,667;12,665;42,000;0,000;42,000;GGGGGgrr;41,000
J11;29,000;0,167;0,667;12,665;42,000;0,000;42,000;GGGGGgrr;41,000
J11;29,000;0,167;0,667;12,665;42,000;0,000;42,000;GGGGGgrr;41,000
J11;29,000;0,167;0,667;12,665;42,000;0,000;42,000;GGGGGgrr;41,000
J11;29,000;0,167;0,667;12,665;42,000;0,000;42,000;GGGGGgrr;41,000
J11;29,000;0,167;0,667;12,665;42,000;0,000;42,000;GGGGGgrr;41,000
J11;29,000;0,167;0,667;12,665;42,000;0,000;42,000;GGGGGgrr;41,000
J11;29,000;0,167;0,667;12,665;42,000;0,000;42,000;GGGGGgrr;41,000
J11;29,000;0,167;0,667;12,665;42,000;0,000;42,000;GGGGGgrr;42,000
J11;29,000;0,167;0,667;12,665;42,000;0,000;42,000;GGGGGgrr;42,000
J11;29,000;0,167;0,667;12,665;42,000;0,000;42,000;GGGGGgrr;42,000
J11;30,000;0,167;0,833;12,291;42,000;0,000;42,000;GGGGGgrr;41,000
J11;30,000;0,167;0,833;12,291;42,000;0,000;42,000;GGGGGgrr;41,000
J11;30,000;0,167;0,833;12,291;42,000;0,000;42,000;GGGGGgrr;41,000
J11;30,000;0,167;0,833;12,291;42,000;0,000;42,000;GGGGGgrr;41,000
J11;30,000;0,167;0,833;12,291;42,000;0,000;42,000;GGGGGgrr;41,000
J11;30,000;0,167;0,833;12,291;42,000;0,000;42,000;GGGGGgrr;41,000
J11;30,000;0,167;0,833;12,291;42,000;0,000;42,000;GGGGGgrr;41,000
J11;30,000;0,167;0,833;12,291;42,000;0,000;42,000;GGGGGgrr;41,000
J11;30,000;0,167;0,833;12,291;42,000;0,000;42,000;GGGGGgrr;41,000
J11;30,000;0,167;0,833;12,291;42,000;0,000;42,000;GGGGGgrr;42,000
J11;30,000;0,167;0,833;12,291;42,000;0,000;42,000;GGGGGgrr;42,000
J11;30,000;0,167;0,833;12,291;42,000;0,000;42,000;GGGGGgrr;42,000
J11;31,000;0,167;1,000;11,916;42,000;0,000;42,000;GGGGGgrr;41,000
J11;31,000;0,167;1,000;11,916;42,000;0,000;42,000;GGGGGgrr;41,000
J11;31,000;0,167;1,000;11,916;42,000;0,000;42,000;GGGGGgrr;41,000
J11;31,000;0,167;1,000;11,916;42,000;0,000;42,000;GGGGGgrr;41,000
J11;31,000;0,167;1,000;11,916;42,000;0,000;42,000;GGGGGgrr;41,000
J11;31,000;0,167;1,000;11,916;42,000;0,000;42,000;GGGGGgrr;41,000
J11;31,000;0,167;1,000;11,916;42,000;0,000;42,000;GGGGGgrr;41,000
J11;31,000;0,167;1,000;11,916;42,000;0,000;42,000;GGGGGgrr;41,000
J11;31,000;0,167;1,000;11,916;42,000;0,000;42,000;GGGGGgrr;41,000
J11;31,000;0,167;1,000;11,916;42,000;0,000;42,000;GGGGGgrr;41,000
J11;31,000;0,167;1,000;11,916;3,000;7,000;10,000;Grrrrryy;10,000
J11;31,000;0,167;1,000;11,916;3,000;7,000;10,000;Grrrrryy;10,000
J11;31,000;0,167;1,000;11,916;3,000;7,000;10,000;Grrrrryy;10,000
J11;32,000;0,167;1,167;11,629;3,000;7,000;10,000;Grrrrryy;9,000
J11;32,000;0,167;1,167;11,629;3,000;7,000;10,000;Grrrrryy;9,000
J11;32,000;0,167;1,167;11,629;3,000;7,000;10,000;Grrrrryy;9,000
J11;32,000;0,167;1,167;11,629;3,000;7,000;10,000;Grrrrryy;9,000
J11;32,000;0,167;1,167;11,629;3,000;7,000;10,000;Grrrrryy;9,000
J11;32,000;0,167;1,167;11,629;3,000;7,000;10,000;Grrrrryy;9,000
J11;32,000;0,167;1,167;11,629;3,000;7,000;10,000;Grrrrryy;9,000
J11;32,000;0,167;1,167;11,629;3,000;7,000;10,000;Grrrrryy;9,000
J11;32,000;0,167;1,167;11,629;3,000;7,000;10,000;Grrrrryy;9,000
J11;32,000;0,167;1,167;11,629;42,000;0,000;42,000;GGGGGgrr;42,000
J11;32,000;0,167;1,167;11,629;42,000;0,000;42,000;GGGGGgrr;42,000
J11;33,000;0,167;1,333;12,155;42,000;0,000;42,000;GGGGGgrr;41,000
J11;33,000;0,167;1,333;12,155;42,000;0,000;42,000;GGGGGgrr;41,000
J11;33,000;0,167;1,333;12,155;42,000;0,000;42,000;GGGGGgrr;41,000
J11;33,000;0,167;1,333;12,155;42,000;0,000;42,000;GGGGGgrr;41,000
J11;33,000;0,167;1,333;12,155;42,000;0,000;42,000;GGGGGgrr;41,000
J11;33,000;0,167;1,333;12,155;42,000;0,000;42,000;GGGGGgrr;41,000
J11;33,000;0,167;1,333;12,155;42,000;0,000;42,000;GGGGGgrr;41,000
J11;33,000;0,167;1,333;12,155;42,000;0,000;42,000;GGGGGgrr;41,000
J11;33,000;0,167;1,333;12,155;42,000;0,000;42,000;GGGGGgrr;41,000
J11;33,000;0,167;1,333;12,155;3,000;7,000;10,000;Gyyyyyrr;10,000
J11;33,000;0,167;1,333;12,155;3,000;7,000;10,000;Gyyyyyrr;10,000
J11;34,000;0,333;1,667;11,991;3,000;7,000;10,000;Gyyyyyrr;9,000
J11;34,000;0,333;1,667;11,991;3,000;7,000;10,000;Gyyyyyrr;9,000
J11;34,000;0,333;1,667;11,991;3,000;7,000;10,000;Gyyyyyrr;9,000
J11;34,000;0,333;1,667;11,991;3,000;7,000;10,000;Gyyyyyrr;9,000
J11;34,000;0,333;1,667;11,991;3,000;7,000;10,000;Gyyyyyrr;9,000
J11;34,000;0,333;1,667;11,991;3,000;7,000;10,000;Gyyyyyrr;9,000
J11;34,000;0,333;1,667;11,991;3,000;7,000;10,000;Gyyyyyrr;9,000
J11;34,000;0,333;1,667;11,991;3,000;7,000;10,000;Gyyyyyrr;9,000
J11;34,000;0,333;1,667;11,991;3,000;7,000;10,000;Gyyyyyrr;9,000
J11;34,000;0,333;1,667;11,991;3,000;7,000;10,000;Gyyyyyrr;9,000
J11;34,000;0,333;1,667;11,991;3,000;7,000;10,000;Gyyyyyrr;9,000
J11;34,000;0,333;1,667;11,991;3,000;7,000;10,000;Gyyyyyrr;9,000
J11;34,000;0,333;1,667;11,991;42,000;0,000;42,000;GGGGGgrr;42,000
J11;34,000;0,333;1,667;11,991;42,000;0,000;42,000;GGGGGgrr;42,000
J11;34,000;0,333;1,667;11,991;42,000;0,000;42,000;GGGGGgrr;42,000
J11;35,000;0,333;2,000;12,150;42,000;0,000;42,000;GGGGGgrr;41,000
J11;35,000;0,333;2,000;12,150;42,000;-37,000;5,000;GGGGGgrr;4,000
J11;35,000;0,333;2,000;12,150;42,000;-37,000;5,000;GGGGGgrr;4,000
J11;35,000;0,333;2,000;12,150;42,000;-37,000;5,000;GGGGGgrr;4,000
J11;35,000;0,333;2,000;12,150;42,000;-37,000;5,000;GGGGGgrr;4,000
J11;35,000;0,333;2,000;12,150;42,000;-37,000;5,000;GGGGGgrr;4,000
J11;35,000;0,333;2,000;12,150;42,000;-37,000;5,000;GGGGGgrr;4,000
J11;35,000;0,333;2,000;12,150;42,000;-37,000;5,000;GGGGGgrr;4,000
J11;35,000;0,333;2,000;12,150;42,000;-37,000;5,000;GGGGGgrr;4,000
J11;35,000;0,333;2,000;12,150;42,000;-37,000;5,000;GGGGGgrr;4,000
J11;35,000;0,333;2,000;12,150;42,000;-37,000;5,000;GGGGGgrr;4,000
J11;35,000;0,333;2,000;12,150;42,000;-37,000;5,000;GGGGGgrr;4,000
J11;35,000;0,333;2,000;12,150;42,000;0,000;42,000;GGGGGgrr;42,000
J11;35,000;0,333;2,000;12,150;42,000;0,000;42,000;GGGGGgrr;42,000
J11;35,000;0,333;2,000;12,150;42,000;0,000;42,000;GGGGGgrr;42,000
J11;36,000;0,333;2,333;11,970;42,000;0,000;42,000;GGGGGgrr;41,000
J11;36,000;0,333;2,333;11,970;42,000;-37,000;5,000;GGGGGgrr;4,000
J11;36,000;0,333;2,333;11,970;42,000;-37,000;5,000;GGGGGgrr;4,000
J11;36,000;0,333;2,333;11,970;42,000;-37,000;5,000;GGGGGgrr;4,000
J11;36,000;0,333;2,333;11,970;42,000;-37,000;5,000;GGGGGgrr;4,000
J11;36,000;0,333;2,333;11,970;42,000;-37,000;5,000;GGGGGgrr;4,000
J11;36,000;0,333;2,333;11,970;42,000;-37,000;5,000;GGGGGgrr;4,000
J11;36,000;0,333;2,333;11,970;42,000;-37,000;5,000;GGGGGgrr;4,000
J11;36,000;0,333;2,333;11,970;42,000;-37,000;5,000;GGGGGgrr;4,000
J11;36,000;0,333;2,333;11,970;42,000;-37,000;5,000;GGGGGgrr;4,000
J11;36,000;0,333;2,333;11,970;42,000;-37,000;5,000;GGGGGgrr;4,000
J11;36,000;0,333;2,333;11,970;42,000;0,000;42,000;GGGGGgrr;42,000
J11;36,000;0,333;2,333;11,970;42,000;0,000;42,000;GGGGGgrr;42,000
J11;36,000;0,333;2,333;11,970;42,000;0,000;42,000;GGGGGgrr;42,000
J11;37,000;0,333;2,667;11,784;42,000;0,000;42,000;GGGGGgrr;41,000
J11;37,000;0,333;2,667;11,784;42,000;-37,000;5,000;GGGGGgrr;4,000
J11;37,000;0,333;2,667;11,784;42,000;-37,000;5,000;GGGGGgrr;4,000
J11;37,000;0,333;2,667;11,784;42,000;-37,000;5,000;GGGGGgrr;4,000
J11;37,000;0,333;2,667;11,784;42,000;-37,000;5,000;GGGGGgrr;4,000
J11;37,000;0,333;2,667;11,784;42,000;-37,000;5,000;GGGGGgrr;4,000
J11;37,000;0,333;2,667;11,784;42,000;-37,000;5,000;GGGGGgrr;4,000
J11;37,000;0,333;2,667;11,784;42,000;-37,000;5,000;GGGGGgrr;4,000
J11;37,000;0,333;2,667;11,784;42,000;-37,000;5,000;GGGGGgrr;4,000
J11;37,000;0,333;2,667;11,784;42,000;-37,000;5,000;GGGGGgrr;4,000
J11;37,000;0,333;2,667;11,784;42,000;-37,000;5,000;GGGGGgrr;4,000
J11;37,000;0,333;2,667;11,784;42,000;-37,000;5,000;GGGGGgrr;4,000
J11;37,000;0,333;2,667;11,784;42,000;-37,000;5,000;GGGGGgrr;4,000
J11;37,000;0,333;2,667;11,784;42,000;0,000;42,000;GGGGGgrr;42,000
J11;37,000;0,333;2,667;11,784;42,000;0,000;42,000;GGGGGgrr;42,000
J11;37,000;0,333;2,667;11,784;42,000;0,000;42,000;GGGGGgrr;42,000
J11;38,000;0,333;3,000;11,702;42,000;0,000;42,000;GGGGGgrr;41,000
J11;38,000;0,333;3,000;11,702;42,000;-37,000;5,000;GGGGGgrr;4,000
J11;38,000;0,333;3,000;11,702;42,000;-37,000;5,000;GGGGGgrr;4,000
J11;38,000;0,333;3,000;11,702;42,000;-37,000;5,000;GGGGGgrr;4,000
J11;38,000;0,333;3,000;11,702;42,000;-37,000;5,000;GGGGGgrr;4,000
J11;38,000;0,333;3,000;11,702;42,000;-37,000;5,000;GGGGGgrr;4,000
J11;38,000;0,333;3,000;11,702;42,000;-37,000;5,000;GGGGGgrr;4,000
J11;38,000;0,333;3,000;11,702;42,000;-37,000;5,000;GGGGGgrr;4,000
J11;38,000;0,333;3,000;11,702;42,000;-37,000;5,000;GGGGGgrr;4,000
J11;38,000;0,333;3,000;11,702;42,000;-37,000;5,000;GGGGGgrr;4,000
J11;38,000;0,333;3,000;11,702;42,000;-37,000;5,000;GGGGGgrr;4,000
J11;38,000;0,333;3,000;11,702;42,000;-37,000;5,000;GGGGGgrr;4,000
J11;38,000;0,333;3,000;11,702;42,000;0,000;42,000;GGGGGgrr;42,000
J11;38,000;0,333;3,000;11,702;42,000;0,000;42,000;GGGGGgrr;42,000
J11;38,000;0,333;3,000;11,702;42,000;0,000;42,000;GGGGGgrr;42,000
J11;39,000;0,333;3,333;11,572;42,000;0,000;42,000;GGGGGgrr;41,000
J11;39,000;0,333;3,333;11,572;42,000;-37,000;5,000;GGGGGgrr;4,000
J11;39,000;0,333;3,333;11,572;42,000;-37,000;5,000;GGGGGgrr;4,000
J11;39,000;0,333;3,333;11,572;42,000;-37,000;5,000;GGGGGgrr;4,000
J11;39,000;0,333;3,333;11,572;42,000;-37,000;5,000;GGGGGgrr;4,000
J11;39,000;0,333;3,333;11,572;42,000;-37,000;5,000;GGGGGgrr;4,000
J11;39,000;0,333;3,333;11,572;42,000;-37,000;5,000;GGGGGgrr;4,000
J11;39,000;0,333;3,333;11,572;42,000;-37,000;5,000;GGGGGgrr;4,000
J11;39,000;0,333;3,333;11,572;42,000;-37,000;5,000;GGGGGgrr;4,000
J11;39,000;0,333;3,333;11,572;42,000;-37,000;5,000;GGGGGgrr;4,000
J11;39,000;0,333;3,333;11,572;42,000;-37,000;5,000;GGGGGgrr;4,000
J11;39,000;0,333;3,333;11,572;42,000;-37,000;5,000;GGGGGgrr;4,000
J11;39,000;0,333;3,333;11,572;42,000;-32,000;10,000;rrrrrrrG;10,000
J11;39,000;0,333;3,333;11,572;42,000;-32,000;10,000;rrrrrrrG;10,000
J11;40,000;0,333;1,333;11,922;42,000;-32,000;10,000;rrrrrrrG;9,000
J11;40,000;0,333;1,333;11,922;42,000;18,000;60,000;rrrrrrrG;59,000
J11;40,000;0,333;1,333;11,922;42,000;18,000;60,000;rrrrrrrG;59,000
J11;40,000;0,333;1,333;11,922;42,000;18,000;60,000;rrrrrrrG;59,000
J11;40,000;0,333;1,333;11,922;42,000;18,000;60,000;rrrrrrrG;59,000
J11;40,000;0,333;1,333;11,922;42,000;18,000;60,000;rrrrrrrG;59,000
J11;40,000;0,333;1,333;11,922;42,000;18,000;60,000;rrrrrrrG;59,000
J11;40,000;0,333;1,333;11,922;42,000;18,000;60,000;rrrrrrrG;59,000
J11;40,000;0,333;1,333;11,922;42,000;18,000;60,000;rrrrrrrG;59,000
J11;40,000;0,333;1,333;11,922;42,000;18,000;60,000;rrrrrrrG;59,000
J11;40,000;0,333;1,333;11,922;42,000;18,000;60,000;rrrrrrrG;59,000
J11;40,000;0,333;1,333;11,922;42,000;18,000;60,000;rrrrrrrG;59,000
J11;40,000;0,333;1,333;11,922;42,000;18,000;60,000;rrrrrrrG;59,000
J11;40,000;0,333;1,333;11,922;42,000;18,000;60,000;rrrrrrrG;59,000
J11;40,000;0,333;1,333;11,922;42,000;-38,000;4,000;rrrrrrrG;3,000
J11;40,000;0,333;1,333;11,922;42,000;-38,000;4,000;rrrrrrrG;3,000
J11;40,000;0,333;1,333;11,922;42,000;-38,000;4,000;rrrrrrrG;3,000
J11;41,000;0,167;0,333;11,821;42,000;-38,000;4,000;rrrrrrrG;2,000
J11;41,000;0,167;0,333;11,821;42,000;-36,000;6,000;rrrrrrrG;4,000
J11;41,000;0,167;0,333;11,821;42,000;-36,000;6,000;rrrrrrrG;4,000
J11;41,000;0,167;0,333;11,821;42,000;-36,000;6,000;rrrrrrrG;4,000
J11;41,000;0,167;0,333;11,821;42,000;-36,000;6,000;rrrrrrrG;4,000
J11;41,000;0,167;0,333;11,821;42,000;-36,000;6,000;rrrrrrrG;4,000
J11;41,000;0,167;0,333;11,821;42,000;-36,000;6,000;rrrrrrrG;4,000
J11;41,000;0,167;0,333;11,821;42,000;-36,000;6,000;rrrrrrrG;4,000
J11;41,000;0,167;0,333;11,821;42,000;-36,000;6,000;rrrrrrrG;4,000
J11;41,000;0,167;0,333;11,821;42,000;-36,000;6,000;rrrrrrrG;4,000
J11;41,000;0,167;0,333;11,821;42,000;-36,000;6,000;rrrrrrrG;4,000
J11;41,000;0,167;0,333;11,821;42,000;-36,000;6,000;rrrrrrrG;4,000
J11;41,000;0,167;0,333;11,821;42,000;-36,000;6,000;rrrrrrrG;4,000
J11;41,000;0,167;0,333;11,821;42,000;-36,000;6,000;rrrrrrrG;4,000
J11;42,000;0,000;0,000;11,559;42,000;-36,000;6,000;rrrrrrrG;3,000
J11;42,000;0,000;0,000;11,559;42,000;-35,000;7,000;rrrrrrrG;4,000
J11;42,000;0,000;0,000;11,559;42,000;-35,000;7,000;rrrrrrrG;4,000
J11;42,000;0,000;0,000;11,559;42,000;-35,000;7,000;rrrrrrrG;4,000
J11;42,000;0,000;0,000;11,559;42,000;-35,000;7,000;rrrrrrrG;4,000
J11;42,000;0,000;0,000;11,559;42,000;-35,000;7,000;rrrrrrrG;4,000
J11;42,000;0,000;0,000;11,559;42,000;-35,000;7,000;rrrrrrrG;4,000
J11;42,000;0,000;0,000;11,559;42,000;-35,000;7,000;rrrrrrrG;4,000
J11;42,000;0,000;0,000;11,559;42,000;-36,000;6,000;rrrrrrrG;3,000
J11;43,000;0,000;0,000;11,141;42,000;-36,000;6,000;rrrrrrrG;2,000
J11;43,000;0,000;0,000;11,141;42,000;-34,000;8,000;rrrrrrrG;4,000
J11;43,000;0,000;0,000;11,141;42,000;-34,000;8,000;rrrrrrrG;4,000
J11;43,000;0,000;0,000;11,141;42,000;-34,000;8,000;rrrrrrrG;4,000
J11;43,000;0,000;0,000;11,141;42,000;-34,000;8,000;rrrrrrrG;4,000
J11;43,000;0,000;0,000;11,141;42,000;-34,000;8,000;rrrrrrrG;4,000
J11;43,000;0,000;0,000;11,141;42,000;-34,000;8,000;rrrrrrrG;4,000
J11;43,000;0,000;0,000;11,141;42,000;-34,000;8,000;rrrrrrrG;4,000
J11;43,000;0,000;0,000;11,141;42,000;-34,000;8,000;rrrrrrrG;4,000
J11;43,000;0,000;0,000;11,141;42,000;-34,000;8,000;rrrrrrrG;4,000
J11;43,000;0,000;0,000;11,141;42,000;-35,000;7,000;rrrrrrrG;3,000
J11;44,000;0,000;0,000;8,712;2,000;5,000;7,000;rrrrrrrr;2,000
J11;44,000;0,000;0,000;8,712;2,000;5,000;7,000;rrrrrrrr;2,000
J11;44,000;0,000;0,000;8,712;2,000;5,000;7,000;rrrrrrrr;2,000
J11;44,000;0,000;0,000;8,712;2,000;5,000;7,000;rrrrrrrr;2,000
J11;44,000;0,000;0,000;8,712;2,000;5,000;7,000;rrrrrrrr;2,000
J11;44,000;0,000;0,000;8,712;2,000;5,000;7,000;rrrrrrrr;2,000
J11;44,000;0,000;0,000;8,712;2,000;5,000;7,000;rrrrrrrr;2,000
J11;44,000;0,000;0,000;8,712;2,000;5,000;7,000;rrrrrrrr;2,000
J11;44,000;0,000;0,000;8,712;42,000;0,000;42,000;GGGGGgrr;42,000
J11;45,000;0,000;0,000;10,315;42,000;0,000;42,000;GGGGGgrr;41,000
J11;45,000;0,000;0,000;10,315;42,000;-37,000;5,000;GGGGGgrr;4,000
J11;45,000;0,000;0,000;10,315;42,000;-37,000;5,000;GGGGGgrr;4,000
J11;45,000;0,000;0,000;10,315;42,000;-37,000;5,000;GGGGGgrr;4,000
J11;45,000;0,000;0,000;10,315;42,000;-37,000;5,000;GGGGGgrr;4,000
J11;45,000;0,000;0,000;10,315;42,000;-37,000;5,000;GGGGGgrr;4,000
J11;45,000;0,000;0,000;10,315;42,000;-37,000;5,000;GGGGGgrr;4,000
J11;45,000;0,000;0,000;10,315;42,000;0,000;42,000;GGGGGgrr;42,000
J11;46,000;0,000;0,000;9,872;42,000;0,000;42,000;GGGGGgrr;41,000
J11;46,000;0,000;0,000;9,872;42,000;-37,000;5,000;GGGGGgrr;4,000
J11;46,000;0,000;0,000;9,872;42,000;-37,000;5,000;GGGGGgrr;4,000
J11;46,000;0,000;0,000;9,872;42,000;-37,000;5,000;GGGGGgrr;4,000
J11;46,000;0,000;0,000;9,872;42,000;-37,000;5,000;GGGGGgrr;4,000
J11;46,000;0,000;0,000;9,872;42,000;-37,000;5,000;GGGGGgrr;4,000
J11;46,000;0,000;0,000;9,872;42,000;-37,000;5,000;GGGGGgrr;4,000
J11;46,000;0,000;0,000;9,872;42,000;-37,000;5,000;GGGGGgrr;4,000
J11;46,000;0,000;0,000;9,872;42,000;-37,000;5,000;GGGGGgrr;4,000
J11;46,000;0,000;0,000;9,872;42,000;-37,000;5,000;GGGGGgrr;4,000
J11;46,000;0,000;0,000;9,872;42,000;-37,000;5,000;GGGGGgrr;4,000
J11;46,000;0,000;0,000;9,872;42,000;-37,000;5,000;GGGGGgrr;4,000
J11;46,000;0,000;0,000;9,872;42,000;0,000;42,000;GGGGGgrr;42,000
J11;46,000;0,000;0,000;9,872;42,000;0,000;42,000;GGGGGgrr;42,000
J11;47,000;0,000;0,000;11,292;42,000;0,000;42,000;GGGGGgrr;41,000
J11;47,000;0,000;0,000;11,292;42,000;0,000;42,000;GGGGGgrr;41,000
J11;47,000;0,000;0,000;11,292;42,000;-37,000;5,000;GGGGGgrr;4,000
J11;47,000;0,000;0,000;11,292;42,000;-37,000;5,000;GGGGGgrr;4,000
J11;47,000;0,000;0,000;11,292;42,000;-37,000;5,000;GGGGGgrr;4,000
J11;47,000;0,000;0,000;11,292;42,000;-37,000;5,000;GGGGGgrr;4,000
J11;47,000;0,000;0,000;11,292;42,000;-37,000;5,000;GGGGGgrr;4,000
J11;47,000;0,000;0,000;11,292;42,000;19,000;61,000;GGGGGgrr;60,000
J11;47,000;0,000;0,000;11,675;42,000;0,000;42,000;rrrrrrrG;42,000
J11;48,000;0,000;0,000;11,779;42,000;-37,000;5,000;rrrrrrrG;4,000
J11;48,000;0,000;0,000;11,779;42,000;-37,000;5,000;rrrrrrrG;4,000
J11;48,000;0,000;0,000;11,779;42,000;-37,000;5,000;rrrrrrrG;4,000
J11;48,000;0,000;0,000;11,779;42,000;-37,000;5,000;rrrrrrrG;4,000
J11;48,000;0,000;0,000;11,779;42,000;-37,000;5,000;rrrrrrrG;4,000
J11;48,000;0,000;0,000;11,779;42,000;-37,000;5,000;rrrrrrrG;4,000
J11;48,000;0,000;0,000;11,779;42,000;-37,000;5,000;rrrrrrrG;4,000
J11;48,000;0,000;0,000;11,779;42,000;-37,000;5,000;rrrrrrrG;4,000
J11;48,000;0,000;0,000;11,779;42,000;-37,000;5,000;rrrrrrrG;4,000
J11;48,000;0,000;0,000;11,779;42,000;-38,000;4,000;rrrrrrrG;3,000
J11;49,000;0,000;0,000;11,746;42,000;-37,000;5,000;rrrrrrrG;3,000
J11;49,000;0,000;0,000;11,746;42,000;-37,000;5,000;rrrrrrrG;3,000
J11;49,000;0,000;0,000;11,746;42,000;-37,000;5,000;rrrrrrrG;3,000
J11;49,000;0,000;0,000;11,746;42,000;-37,000;5,000;rrrrrrrG;3,000
J11;49,000;0,000;0,000;11,746;42,000;-37,000;5,000;rrrrrrrG;3,000
J11;49,000;0,000;0,000;11,746;42,000;-37,000;5,000;rrrrrrrG;3,000
J11;49,000;0,000;0,000;11,746;42,000;-37,000;5,000;rrrrrrrG;3,000
J11;49,000;0,000;0,000;11,746;42,000;-37,000;5,000;rrrrrrrG;3,000
J11;49,000;0,000;0,000;11,746;42,000;-37,000;5,000;rrrrrrrG;3,000
J11;49,000;0,000;0,000;11,746;42,000;-37,000;5,000;rrrrrrrG;3,000
J11;50,000;0,000;0,000;11,512;42,000;-37,000;5,000;rrrrrrrG;2,000
J11;50,000;0,000;0,000;11,512;42,000;-35,000;7,000;rrrrrrrG;4,000
J11;50,000;0,000;0,000;11,512;42,000;-35,000;7,000;rrrrrrrG;4,000
J11;50,000;0,000;0,000;11,512;42,000;-35,000;7,000;rrrrrrrG;4,000
J11;50,000;0,000;0,000;11,512;42,000;-35,000;7,000;rrrrrrrG;4,000
J11;50,000;0,000;0,000;11,512;42,000;-35,000;7,000;rrrrrrrG;4,000
J11;50,000;0,000;0,000;11,512;42,000;-35,000;7,000;rrrrrrrG;4,000
J11;50,000;0,000;0,000;11,512;42,000;-35,000;7,000;rrrrrrrG;4,000
J11;50,000;0,000;0,000;11,512;42,000;-35,000;7,000;rrrrrrrG;4,000
J11;50,000;0,000;0,000;11,512;42,000;-35,000;7,000;rrrrrrrG;4,000
J11;50,000;0,000;0,000;11,512;42,000;-35,000;7,000;rrrrrrrG;4,000
J11;51,000;0,167;0,167;10,960;42,000;-36,000;6,000;rrrrrrrG;2,000
J11;51,000;0,167;0,167;10,960;42,000;-34,000;8,000;rrrrrrrG;4,000
J11;51,000;0,167;0,167;10,960;42,000;-34,000;8,000;rrrrrrrG;4,000
J11;51,000;0,167;0,167;10,960;42,000;-34,000;8,000;rrrrrrrG;4,000
J11;51,000;0,167;0,167;10,960;42,000;-34,000;8,000;rrrrrrrG;4,000
J11;51,000;0,167;0,167;10,960;42,000;-34,000;8,000;rrrrrrrG;4,000
J11;51,000;0,167;0,167;10,960;42,000;-34,000;8,000;rrrrrrrG;4,000
J11;51,000;0,167;0,167;10,960;42,000;-34,000;8,000;rrrrrrrG;4,000
J11;51,000;0,167;0,167;10,960;42,000;-34,000;8,000;rrrrrrrG;4,000
J11;51,000;0,167;0,167;10,960;42,000;-34,000;8,000;rrrrrrrG;4,000
J11;51,000;0,167;0,167;10,960;2,000;6,000;8,000;rrrrrrry;4,000
J11;51,000;0,167;0,167;10,960;2,000;6,000;8,000;rrrrrrry;4,000
J11;52,000;0,167;0,333;10,216;2,000;6,000;8,000;rrrrrrry;3,000
J11;52,000;0,167;0,333;10,216;2,000;6,000;8,000;rrrrrrry;3,000
J11;52,000;0,167;0,333;10,216;2,000;6,000;8,000;rrrrrrry;3,000
J11;52,000;0,167;0,333;10,216;2,000;6,000;8,000;rrrrrrry;3,000
J11;52,000;0,167;0,333;10,216;2,000;6,000;8,000;rrrrrrry;3,000
J11;52,000;0,167;0,333;10,216;2,000;6,000;8,000;rrrrrrry;3,000
J11;52,000;0,167;0,333;10,216;2,000;6,000;8,000;rrrrrrry;3,000
J11;52,000;0,167;0,333;10,216;2,000;6,000;8,000;rrrrrrry;3,000
J11;52,000;0,167;0,333;10,216;2,000;6,000;8,000;rrrrrrry;3,000
J11;52,000;0,167;0,333;10,216;2,000;6,000;8,000;rrrrrrry;3,000
J11;52,000;0,167;0,333;10,216;2,000;6,000;8,000;rrrrrrry;3,000
J11;52,000;0,167;0,333;10,216;2,000;6,000;8,000;rrrrrrry;3,000
J11;52,000;0,167;0,500;7,300;2,000;6,000;8,000;rrrrrrry;3,000
J11;53,000;0,167;0,500;7,300;2,000;6,000;8,000;rrrrrrry;2,000
J11;53,000;0,167;0,500;7,300;2,000;6,000;8,000;rrrrrrry;2,000
J11;53,000;0,167;0,500;7,300;2,000;6,000;8,000;rrrrrrry;2,000
J11;53,000;0,167;0,500;7,300;2,000;6,000;8,000;rrrrrrry;2,000
J11;53,000;0,167;0,500;7,300;2,000;6,000;8,000;rrrrrrry;2,000
J11;53,000;0,167;0,500;7,300;2,000;6,000;8,000;rrrrrrry;2,000
J11;53,000;0,167;0,500;7,300;2,000;6,000;8,000;rrrrrrry;2,000
J11;53,000;0,167;0,500;7,300;2,000;6,000;8,000;rrrrrrry;2,000
J11;53,000;0,167;0,500;7,300;2,000;6,000;8,000;rrrrrrry;2,000
J11;54,000;0,333;0,833;8,046;2,000;6,000;8,000;rrrrrrry;1,000
J11;54,000;0,333;0,833;8,046;2,000;6,000;8,000;rrrrrrry;1,000
J11;54,000;0,333;0,833;8,046;2,000;6,000;8,000;rrrrrrry;1,000
J11;54,000;0,333;0,833;8,046;2,000;6,000;8,000;rrrrrrry;1,000
J11;54,000;0,333;0,833;8,046;2,000;6,000;8,000;rrrrrrry;1,000
J11;54,000;0,333;0,833;8,046;2,000;6,000;8,000;rrrrrrry;1,000
J11;54,000;0,333;0,833;8,046;2,000;6,000;8,000;rrrrrrry;1,000
J11;54,000;0,333;0,833;8,046;2,000;6,000;8,000;rrrrrrry;1,000
J11;54,000;0,333;0,833;8,046;2,000;6,000;8,000;rrrrrrry;1,000
J11;54,000;0,333;0,833;8,046;2,000;6,000;8,000;rrrrrrry;1,000
J11;55,000;0,333;1,167;8,183;2,000;6,000;8,000;rrrrrrry;0,000
J11;55,000;0,333;1,167;8,183;2,000;6,000;8,000;rrrrrrry;0,000
J11;55,000;0,333;1,167;8,183;2,000;6,000;8,000;rrrrrrry;0,000
J11;55,000;0,333;1,167;8,183;2,000;6,000;8,000;rrrrrrry;0,000
J11;55,000;0,333;1,167;8,183;2,000;6,000;8,000;rrrrrrry;0,000
J11;55,000;0,333;1,167;8,183;2,000;6,000;8,000;rrrrrrry;0,000
J11;55,000;0,333;1,167;8,183;2,000;6,000;8,000;rrrrrrry;0,000
J11;55,000;0,333;1,167;8,183;2,000;6,000;8,000;rrrrrrry;0,000
J11;55,000;0,333;1,167;8,183;2,000;6,000;8,000;rrrrrrry;0,000
J11;55,000;0,333;1,167;8,183;2,000;6,000;8,000;rrrrrrry;0,000
J11;55,000;0,333;1,167;8,183;2,000;6,000;8,000;rrrrrrry;0,000
J11;56,000;0,333;0,667;12,278;42,000;0,000;42,000;GGGGGgrr;41,000
J11;56,000;0,333;0,667;12,278;42,000;0,000;42,000;GGGGGgrr;41,000
J11;56,000;0,333;0,667;12,278;42,000;0,000;42,000;GGGGGgrr;41,000
J11;56,000;0,333;0,667;12,278;42,000;0,000;42,000;GGGGGgrr;41,000
J11;56,000;0,333;0,667;12,278;42,000;0,000;42,000;GGGGGgrr;41,000
J11;56,000;0,333;0,667;12,278;42,000;0,000;42,000;GGGGGgrr;41,000
J11;56,000;0,333;0,667;12,278;42,000;0,000;42,000;GGGGGgrr;41,000
J11;56,000;0,333;0,667;12,278;42,000;0,000;42,000;GGGGGgrr;41,000
J11;56,000;0,333;0,667;12,278;42,000;0,000;42,000;GGGGGgrr;41,000
J11;56,000;0,333;0,667;12,278;42,000;0,000;42,000;GGGGGgrr;41,000
J11;56,000;0,333;0,667;12,278;42,000;0,000;42,000;GGGGGgrr;42,000
J11;57,000;0,333;1,000;12,151;42,000;0,000;42,000;GGGGGgrr;41,000
J11;57,000;0,333;1,000;12,151;42,000;0,000;42,000;GGGGGgrr;41,000
J11;57,000;0,333;1,000;12,151;42,000;0,000;42,000;GGGGGgrr;41,000
J11;57,000;0,333;1,000;12,151;42,000;0,000;42,000;GGGGGgrr;41,000
J11;57,000;0,333;1,000;12,151;42,000;0,000;42,000;GGGGGgrr;41,000
J11;57,000;0,333;1,000;12,151;42,000;0,000;42,000;GGGGGgrr;41,000
J11;57,000;0,333;1,000;12,151;42,000;0,000;42,000;GGGGGgrr;41,000
J11;57,000;0,333;1,000;12,151;42,000;0,000;42,000;GGGGGgrr;41,000
J11;57,000;0,333;1,000;12,151;42,000;0,000;42,000;GGGGGgrr;41,000
J11;57,000;0,333;1,000;12,151;42,000;0,000;42,000;GGGGGgrr;41,000
J11;57,000;0,333;1,000;12,151;42,000;0,000;42,000;GGGGGgrr;41,000
J11;57,000;0,333;1,000;12,151;42,000;0,000;42,000;GGGGGgrr;41,000
J11;57,000;0,333;1,000;12,151;42,000;0,000;42,000;GGGGGgrr;41,000
J11;57,000;0,333;1,000;12,151;42,000;0,000;42,000;GGGGGgrr;42,000
J11;58,000;0,333;1,333;11,928;42,000;0,000;42,000;GGGGGgrr;41,000
J11;58,000;0,333;1,333;11,928;42,000;0,000;42,000;GGGGGgrr;41,000
J11;58,000;0,333;1,333;11,928;42,000;0,000;42,000;GGGGGgrr;41,000
J11;58,000;0,333;1,333;11,928;42,000;0,000;42,000;GGGGGgrr;41,000
J11;58,000;0,333;1,333;11,928;42,000;0,000;42,000;GGGGGgrr;41,000
J11;58,000;0,333;1,333;11,928;42,000;0,000;42,000;GGGGGgrr;41,000
J11;58,000;0,333;1,333;11,928;42,000;0,000;42,000;GGGGGgrr;41,000
J11;58,000;0,333;1,333;11,928;42,000;0,000;42,000;GGGGGgrr;41,000
J11;58,000;0,333;1,333;11,928;42,000;0,000;42,000;GGGGGgrr;41,000
J11;58,000;0,333;1,333;11,928;42,000;0,000;42,000;GGGGGgrr;41,000
J11;58,000;0,333;1,333;11,928;42,000;0,000;42,000;GGGGGgrr;41,000
J11;58,000;0,333;1,333;11,928;42,000;0,000;42,000;GGGGGgrr;41,000
J11;58,000;0,333;1,333;11,928;42,000;0,000;42,000;GGGGGgrr;42,000
J11;58,000;0,333;1,333;11,928;42,000;0,000;42,000;GGGGGgrr;42,000
J11;59,000;0,333;1,667;11,710;42,000;0,000;42,000;GGGGGgrr;41,000
J11;59,000;0,333;1,667;11,710;42,000;0,000;42,000;GGGGGgrr;41,000
J11;59,000;0,333;1,667;11,710;42,000;0,000;42,000;GGGGGgrr;41,000
J11;59,000;0,333;1,667;11,710;42,000;0,000;42,000;GGGGGgrr;41,000
J11;59,000;0,333;1,667;11,710;42,000;0,000;42,000;GGGGGgrr;41,000
J11;59,000;0,333;1,667;11,710;42,000;0,000;42,000;GGGGGgrr;41,000
J11;59,000;0,333;1,667;11,710;42,000;0,000;42,000;GGGGGgrr;41,000
J11;59,000;0,333;1,667;11,710;42,000;0,000;42,000;GGGGGgrr;41,000
J11;59,000;0,333;1,667;11,710;42,000;0,000;42,000;GGGGGgrr;41,000
J11;59,000;0,333;1,667;11,710;42,000;0,000;42,000;GGGGGgrr;41,000
J11;59,000;0,333;1,667;11,710;42,000;0,000;42,000;GGGGGgrr;41,000
J11;59,000;0,333;1,667;11,710;42,000;0,000;42,000;GGGGGgrr;41,000
J11;59,000;0,333;1,667;11,710;42,000;0,000;42,000;GGGGGgrr;42,000
J11;59,000;0,333;1,667;11,710;42,000;0,000;42,000;GGGGGgrr;42,000
J11;60,000;0,333;2,000;10,207;42,000;0,000;42,000;GGGGGgrr;41,000
J11;60,000;0,333;2,000;10,207;42,000;0,000;42,000;GGGGGgrr;41,000
J11;60,000;0,333;2,000;10,207;42,000;0,000;42,000;GGGGGgrr;41,000
J11;60,000;0,333;2,000;10,207;42,000;0,000;42,000;GGGGGgrr;41,000
J11;60,000;0,333;2,000;10,207;42,000;0,000;42,000;GGGGGgrr;41,000
J11;60,000;0,333;2,000;10,207;42,000;0,000;42,000;GGGGGgrr;41,000
J11;60,000;0,333;2,000;10,207;42,000;0,000;42,000;GGGGGgrr;41,000
J11;60,000;0,333;2,000;10,207;42,000;0,000;42,000;GGGGGgrr;41,000
J11;60,000;0,333;2,000;10,207;42,000;0,000;42,000;GGGGGgrr;41,000
J11;60,000;0,333;2,000;10,207;42,000;0,000;42,000;GGGGGgrr;41,000
J11;60,000;0,333;2,000;10,207;42,000;0,000;42,000;GGGGGgrr;41,000
J11;60,000;0,333;2,000;10,207;42,000;0,000;42,000;GGGGGgrr;41,000
J11;60,000;0,333;2,000;10,207;42,000;0,000;42,000;GGGGGgrr;41,000
J11;60,000;0,333;2,000;10,207;42,000;0,000;42,000;GGGGGgrr;41,000
J11;60,000;0,333;2,000;10,207;42,000;0,000;42,000;GGGGGgrr;41,000
J11;60,000;0,333;2,000;10,207;42,000;0,000;42,000;GGGGGgrr;41,000
J11;60,000;0,333;2,000;10,207;42,000;0,000;42,000;GGGGGgrr;42,000
J11;60,000;0,333;2,000;10,207;42,000;0,000;42,000;GGGGGgrr;42,000
J11;61,000;0,500;2,500;10,994;42,000;0,000;42,000;GGGGGgrr;41,000
J11;61,000;0,500;2,500;10,994;42,000;0,000;42,000;GGGGGgrr;41,000
J11;61,000;0,500;2,500;10,994;42,000;0,000;42,000;GGGGGgrr;41,000
J11;61,000;0,500;2,500;10,994;42,000;0,000;42,000;GGGGGgrr;41,000
J11;61,000;0,500;2,500;10,994;42,000;0,000;42,000;GGGGGgrr;41,000
J11;61,000;0,500;2,500;10,994;42,000;0,000;42,000;GGGGGgrr;41,000
J11;61,000;0,500;2,500;10,994;42,000;0,000;42,000;GGGGGgrr;41,000
J11;61,000;0,500;2,500;10,994;42,000;0,000;42,000;GGGGGgrr;41,000
J11;61,000;0,500;2,500;10,994;42,000;0,000;42,000;GGGGGgrr;41,000
J11;61,000;0,500;2,500;10,994;42,000;0,000;42,000;GGGGGgrr;41,000
J11;61,000;0,500;2,500;10,994;42,000;0,000;42,000;GGGGGgrr;41,000
J11;61,000;0,500;2,500;10,994;42,000;0,000;42,000;GGGGGgrr;41,000
J11;61,000;0,500;2,500;10,994;42,000;0,000;42,000;GGGGGgrr;42,000
J11;61,000;0,500;2,500;10,994;42,000;0,000;42,000;GGGGGgrr;42,000
J11;61,000;0,500;2,500;10,994;42,000;0,000;42,000;GGGGGgrr;42,000
J11;62,000;0,500;3,000;11,495;42,000;0,000;42,000;GGGGGgrr;41,000
J11;62,000;0,500;3,000;11,495;42,000;0,000;42,000;GGGGGgrr;41,000
J11;62,000;0,500;3,000;11,495;42,000;0,000;42,000;GGGGGgrr;41,000
J11;62,000;0,500;3,000;11,495;42,000;0,000;42,000;GGGGGgrr;41,000
J11;62,000;0,500;3,000;11,495;42,000;0,000;42,000;GGGGGgrr;41,000
J11;62,000;0,500;3,000;11,495;42,000;0,000;42,000;GGGGGgrr;41,000
J11;62,000;0,500;3,000;11,495;42,000;0,000;42,000;GGGGGgrr;41,000
J11;62,000;0,500;3,000;11,495;42,000;0,000;42,000;GGGGGgrr;41,000
J11;62,000;0,500;3,000;11,495;42,000;0,000;42,000;GGGGGgrr;41,000
J11;62,000;0,500;3,000;11,495;42,000;0,000;42,000;GGGGGgrr;41,000
J11;62,000;0,500;3,000;11,495;42,000;0,000;42,000;GGGGGgrr;41,000
J11;62,000;0,500;3,000;11,495;42,000;0,000;42,000;GGGGGgrr;41,000
J11;62,000;0,500;3,000;11,495;42,000;0,000;42,000;GGGGGgrr;41,000
J11;62,000;0,500;3,000;11,495;42,000;0,000;42,000;GGGGGgrr;42,000
J11;62,000;0,500;3,000;11,495;42,000;0,000;42,000;GGGGGgrr;42,000
J11;62,000;0,500;3,000;11,495;42,000;0,000;42,000;GGGGGgrr;42,000
J11;63,000;0,500;3,500;11,745;42,000;0,000;42,000;GGGGGgrr;41,000
J11;63,000;0,500;3,500;11,745;42,000;0,000;42,000;GGGGGgrr;41,000
J11;63,000;0,500;3,500;11,745;42,000;0,000;42,000;GGGGGgrr;41,000
J11;63,000;0,500;3,500;11,745;42,000;0,000;42,000;GGGGGgrr;41,000
J11;63,000;0,500;3,500;11,745;42,000;0,000;42,000;GGGGGgrr;41,000
J11;63,000;0,500;3,500;11,745;42,000;0,000;42,000;GGGGGgrr;41,000
J11;63,000;0,500;3,500;11,745;42,000;0,000;42,000;GGGGGgrr;41,000
J11;63,000;0,500;3,500;11,745;42,000;0,000;42,000;GGGGGgrr;41,000
J11;63,000;0,500;3,500;11,745;42,000;0,000;42,000;GGGGGgrr;41,000
J11;63,000;0,500;3,500;11,745;42,000;0,000;42,000;GGGGGgrr;41,000
J11;63,000;0,500;3,500;11,745;42,000;0,000;42,000;GGGGGgrr;41,000
J11;63,000;0,500;3,500;11,745;42,000;0,000;42,000;GGGGGgrr;41,000
J11;63,000;0,500;3,500;11,745;42,000;0,000;42,000;GGGGGgrr;41,000
J11;63,000;0,500;3,500;11,745;42,000;0,000;42,000;GGGGGgrr;42,000
J11;63,000;0,500;3,500;11,745;42,000;0,000;42,000;GGGGGgrr;42,000
J11;63,000;0,500;3,500;11,745;42,000;0,000;42,000;GGGGGgrr;42,000
J11;64,000;0,500;4,000;11,703;42,000;0,000;42,000;GGGGGgrr;41,000
J11;64,000;0,500;4,000;11,703;42,000;-37,000;5,000;GGGGGgrr;4,000
J11;64,000;0,500;4,000;11,703;42,000;-37,000;5,000;GGGGGgrr;4,000
J11;64,000;0,500;4,000;11,703;42,000;-37,000;5,000;GGGGGgrr;4,000
J11;64,000;0,500;4,000;11,703;42,000;-37,000;5,000;GGGGGgrr;4,000
J11;64,000;0,500;4,000;11,703;42,000;-37,000;5,000;GGGGGgrr;4,000
J11;64,000;0,500;4,000;11,703;42,000;-37,000;5,000;GGGGGgrr;4,000
J11;64,000;0,500;4,000;11,703;42,000;-37,000;5,000;GGGGGgrr;4,000
J11;64,000;0,500;4,000;11,703;42,000;-37,000;5,000;GGGGGgrr;4,000
J11;64,000;0,500;4,000;11,703;42,000;-37,000;5,000;GGGGGgrr;4,000
J11;64,000;0,500;4,000;11,703;42,000;-37,000;5,000;GGGGGgrr;4,000
J11;64,000;0,500;4,000;11,703;42,000;-37,000;5,000;GGGGGgrr;4,000
J11;64,000;0,500;4,000;11,703;42,000;0,000;42,000;GGGGGgrr;42,000
J11;64,000;0,500;4,000;11,703;42,000;0,000;42,000;GGGGGgrr;42,000
J11;65,000;0,500;4,500;10,829;42,000;0,000;42,000;GGGGGgrr;41,000
J11;65,000;0,500;4,500;10,829;42,000;-37,000;5,000;GGGGGgrr;4,000
J11;65,000;0,500;4,500;10,829;42,000;-37,000;5,000;GGGGGgrr;4,000
J11;65,000;0,500;4,500;10,829;42,000;-37,000;5,000;GGGGGgrr;4,000
J11;65,000;0,500;4,500;10,829;42,000;-37,000;5,000;GGGGGgrr;4,000
J11;65,000;0,500;4,500;10,829;42,000;-37,000;5,000;GGGGGgrr;4,000
J11;65,000;0,500;4,500;10,829;42,000;-37,000;5,000;GGGGGgrr;4,000
J11;65,000;0,500;4,500;10,829;42,000;-37,000;5,000;GGGGGgrr;4,000
J11;65,000;0,500;4,500;10,829;42,000;-37,000;5,000;GGGGGgrr;4,000
J11;65,000;0,500;4,500;10,829;42,000;-37,000;5,000;GGGGGgrr;4,000
J11;65,000;0,500;4,500;10,829;42,000;-37,000;5,000;GGGGGgrr;4,000
J11;65,000;0,500;4,500;10,829;42,000;-37,000;5,000;GGGGGgrr;4,000
J11;65,000;0,500;4,500;10,829;42,000;-37,000;5,000;GGGGGgrr;4,000
J11;65,000;0,500;4,500;10,829;42,000;0,000;42,000;GGGGGgrr;42,000
J11;66,000;0,500;5,000;9,941;42,000;0,000;42,000;GGGGGgrr;41,000
J11;66,000;0,500;5,000;9,941;42,000;0,000;42,000;GGGGGgrr;41,000
J11;66,000;0,500;5,000;9,941;42,000;-37,000;5,000;GGGGGgrr;4,000
J11;66,000;0,500;5,000;9,941;42,000;-37,000;5,000;GGGGGgrr;4,000
J11;66,000;0,500;5,000;9,941;42,000;-37,000;5,000;GGGGGgrr;4,000
J11;66,000;0,500;5,000;9,941;42,000;-37,000;5,000;GGGGGgrr;4,000
J11;66,000;0,500;5,000;9,941;42,000;-37,000;5,000;GGGGGgrr;4,000
J11;66,000;0,500;5,000;9,941;42,000;-37,000;5,000;GGGGGgrr;4,000
J11;66,000;0,500;5,000;9,941;42,000;-37,000;5,000;GGGGGgrr;4,000
J11;66,000;0,500;5,000;9,941;42,000;-37,000;5,000;GGGGGgrr;4,000
J11;66,000;0,500;5,000;9,941;42,000;-37,000;5,000;GGGGGgrr;4,000
J11;66,000;0,500;5,000;9,941;42,000;-37,000;5,000;GGGGGgrr;4,000
J11;66,000;0,500;5,000;9,941;42,000;-37,000;5,000;GGGGGgrr;4,000
J11;66,000;0,500;5,000;9,941;42,000;0,000;42,000;rrrrrrrG;42,000
J11;66,000;0,500;5,000;9,941;42,000;0,000;42,000;rrrrrrrG;42,000
J11;67,000;0,500;3,333;9,280;42,000;18,000;60,000;rrrrrrrG;59,000
J11;67,000;0,500;3,333;9,280;42,000;18,000;60,000;rrrrrrrG;59,000
J11;67,000;0,500;3,333;9,280;42,000;18,000;60,000;rrrrrrrG;59,000
J11;67,000;0,500;3,333;9,280;42,000;18,000;60,000;rrrrrrrG;59,000
J11;67,000;0,500;3,333;9,280;42,000;18,000;60,000;rrrrrrrG;59,000
J11;67,000;0,500;3,333;9,280;42,000;18,000;60,000;rrrrrrrG;59,000
J11;67,000;0,500;3,333;9,280;42,000;18,000;60,000;rrrrrrrG;59,000
J11;67,000;0,500;3,333;9,280;42,000;18,000;60,000;rrrrrrrG;59,000
J11;67,000;0,500;3,333;9,280;42,000;18,000;60,000;rrrrrrrG;59,000
J11;67,000;0,500;3,333;9,280;42,000;18,000;60,000;rrrrrrrG;59,000
J11;67,000;0,500;3,333;9,280;42,000;18,000;60,000;rrrrrrrG;59,000
J11;67,000;0,500;3,333;9,280;42,000;18,000;60,000;rrrrrrrG;59,000
J11;67,000;0,500;3,333;9,280;42,000;18,000;60,000;rrrrrrrG;59,000
J11;67,000;0,500;3,333;9,280;42,000;18,000;60,000;rrrrrrrG;59,000
J11;67,000;0,500;3,333;9,280;42,000;18,000;60,000;rrrrrrrG;60,000
J11;67,000;0,500;3,333;9,280;42,000;18,000;60,000;rrrrrrrG;60,000
J11;68,000;0,333;1,667;9,226;42,000;18,000;60,000;rrrrrrrG;59,000
J11;68,000;0,333;1,667;9,226;42,000;18,000;60,000;rrrrrrrG;59,000
J11;68,000;0,333;1,667;9,226;42,000;18,000;60,000;rrrrrrrG;59,000
J11;68,000;0,333;1,667;9,226;42,000;18,000;60,000;rrrrrrrG;59,000
J11;68,000;0,333;1,667;9,226;42,000;18,000;60,000;rrrrrrrG;59,000
J11;68,000;0,333;1,667;9,226;42,000;18,000;60,000;rrrrrrrG;59,000
J11;68,000;0,333;1,667;9,226;42,000;18,000;60,000;rrrrrrrG;59,000
J11;68,000;0,333;1,667;9,226;42,000;18,000;60,000;rrrrrrrG;59,000
J11;68,000;0,333;1,667;9,226;42,000;18,000;60,000;rrrrrrrG;59,000
J11;68,000;0,333;1,667;9,226;42,000;18,000;60,000;rrrrrrrG;59,000
J11;68,000;0,333;1,667;9,226;42,000;18,000;60,000;rrrrrrrG;59,000
J11;68,000;0,333;1,667;9,226;42,000;18,000;60,000;rrrrrrrG;59,000
J11;68,000;0,333;1,667;9,226;42,000;18,000;60,000;rrrrrrrG;59,000
J11;68,000;0,333;1,667;9,226;42,000;-38,000;4,000;rrrrrrrG;3,000
J11;68,000;0,333;1,667;9,226;42,000;-38,000;4,000;rrrrrrrG;3,000
J11;69,000;0,333;0,667;9,381;42,000;-38,000;4,000;rrrrrrrG;2,000
J11;69,000;0,333;0,667;9,381;42,000;-36,000;6,000;rrrrrrrG;4,000
J11;69,000;0,333;0,667;9,381;42,000;-36,000;6,000;rrrrrrrG;4,000
J11;69,000;0,333;0,667;9,381;42,000;-36,000;6,000;rrrrrrrG;4,000
J11;69,000;0,333;0,667;9,381;42,000;-36,000;6,000;rrrrrrrG;4,000
J11;69,000;0,333;0,667;9,381;42,000;-36,000;6,000;rrrrrrrG;4,000
J11;69,000;0,333;0,667;9,381;42,000;-36,000;6,000;rrrrrrrG;4,000
J11;69,000;0,333;0,667;9,381;42,000;-36,000;6,000;rrrrrrrG;4,000
J11;69,000;0,333;0,667;9,381;42,000;-36,000;6,000;rrrrrrrG;4,000
J11;69,000;0,333;0,667;9,381;42,000;-36,000;6,000;rrrrrrrG;4,000
J11;69,000;0,333;0,667;9,381;42,000;-36,000;6,000;rrrrrrrG;4,000
J11;69,000;0,333;0,667;9,381;2,000;3,000;5,000;rrrrrrry;3,000
J11;69,000;0,333;0,667;9,381;2,000;3,000;5,000;rrrrrrry;3,000
J11;70,000;0,167;0,333;9,614;2,000;3,000;5,000;rrrrrrry;2,000
J11;70,000;0,167;0,333;9,614;2,000;3,000;5,000;rrrrrrry;2,000
J11;70,000;0,167;0,333;9,614;2,000;3,000;5,000;rrrrrrry;2,000
J11;70,000;0,167;0,333;9,614;2,000;3,000;5,000;rrrrrrry;2,000
J11;70,000;0,167;0,333;9,614;2,000;3,000;5,000;rrrrrrry;2,000
J11;70,000;0,167;0,333;9,614;2,000;3,000;5,000;rrrrrrry;2,000
J11;70,000;0,167;0,333;9,614;2,000;3,000;5,000;rrrrrrry;2,000
J11;70,000;0,167;0,333;9,614;2,000;3,000;5,000;rrrrrrry;2,000
J11;70,000;0,167;0,333;9,614;2,000;3,000;5,000;rrrrrrry;2,000
J11;70,000;0,167;0,333;9,614;2,000;3,000;5,000;rrrrrrry;2,000
J11;70,000;0,167;0,333;9,614;2,000;3,000;5,000;rrrrrrry;2,000
J11;70,000;0,167;0,333;9,614;2,000;3,000;5,000;rrrrrrry;2,000
J11;70,000;0,167;0,333;9,614;2,000;3,000;5,000;rrrrrrry;2,000
J11;70,000;0,167;0,333;9,614;2,000;3,000;5,000;rrrrrrry;2,000
J11;71,000;0,167;0,500;9,394;2,000;3,000;5,000;rrrrrrry;1,000
J11;71,000;0,167;0,500;9,394;2,000;3,000;5,000;rrrrrrry;1,000
J11;71,000;0,167;0,500;9,394;2,000;3,000;5,000;rrrrrrry;1,000
J11;71,000;0,167;0,500;9,394;2,000;3,000;5,000;rrrrrrry;1,000
J11;71,000;0,167;0,500;9,394;2,000;3,000;5,000;rrrrrrry;1,000
J11;71,000;0,167;0,500;9,394;2,000;3,000;5,000;rrrrrrry;1,000
J11;71,000;0,167;0,500;9,394;2,000;3,000;5,000;rrrrrrry;1,000
J11;71,000;0,167;0,500;9,394;2,000;3,000;5,000;rrrrrrry;1,000
J11;71,000;0,167;0,500;9,394;2,000;3,000;5,000;rrrrrrry;1,000
J11;71,000;0,167;0,500;9,394;2,000;3,000;5,000;rrrrrrry;1,000
J11;71,000;0,167;0,500;9,394;2,000;3,000;5,000;rrrrrrry;1,000
J11;72,000;0,167;0,667;8,956;2,000;3,000;5,000;rrrrrrry;0,000
J11;72,000;0,167;0,667;8,956;2,000;3,000;5,000;rrrrrrry;0,000
J11;72,000;0,167;0,667;8,956;2,000;3,000;5,000;rrrrrrry;0,000
J11;72,000;0,167;0,667;8,956;2,000;3,000;5,000;rrrrrrry;0,000
J11;72,000;0,167;0,667;8,956;2,000;3,000;5,000;rrrrrrry;0,000
J11;72,000;0,167;0,667;8,956;2,000;3,000;5,000;rrrrrrry;0,000
J11;72,000;0,167;0,667;8,956;2,000;3,000;5,000;rrrrrrry;0,000
J11;72,000;0,167;0,667;8,956;2,000;3,000;5,000;rrrrrrry;0,000
J11;72,000;0,167;0,667;8,956;2,000;3,000;5,000;rrrrrrry;0,000
J11;72,000;0,167;0,667;8,956;2,000;3,000;5,000;rrrrrrry;0,000
J11;72,000;0,167;0,667;8,956;2,000;3,000;5,000;rrrrrrry;0,000
J11;72,000;0,167;0,667;8,956;2,000;3,000;5,000;rrrrrrry;0,000
J11;72,000;0,167;0,667;8,956;2,000;3,000;5,000;rrrrrrry;0,000
J11;73,000;0,167;0,167;10,839;4,000;31,000;35,000;rrrrrrGr;29,000
J11;73,000;0,167;0,167;10,839;4,000;31,000;35,000;rrrrrrGr;29,000
J11;73,000;0,167;0,167;10,839;4,000;31,000;35,000;rrrrrrGr;29,000
J11;73,000;0,167;0,167;10,839;4,000;31,000;35,000;rrrrrrGr;29,000
J11;73,000;0,167;0,167;10,839;4,000;31,000;35,000;rrrrrrGr;29,000
J11;73,000;0,167;0,167;10,839;4,000;31,000;35,000;rrrrrrGr;29,000
J11;73,000;0,167;0,167;10,839;4,000;31,000;35,000;rrrrrrGr;29,000
J11;73,000;0,167;0,167;10,839;4,000;31,000;35,000;rrrrrrGr;29,000
J11;73,000;0,167;0,167;10,839;4,000;31,000;35,000;rrrrrrGr;29,000
J11;73,000;0,167;0,167;10,839;4,000;31,000;35,000;rrrrrrGr;29,000
J11;73,000;0,167;0,167;10,839;4,000;31,000;35,000;rrrrrrGr;29,000
J11;73,000;0,167;0,167;10,839;4,000;31,000;35,000;rrrrrrGr;29,000
J11;74,000;0,333;0,500;10,551;4,000;31,000;35,000;rrrrrrGr;28,000
J11;74,000;0,333;0,500;10,551;4,000;31,000;35,000;rrrrrrGr;28,000
J11;74,000;0,333;0,500;10,551;4,000;31,000;35,000;rrrrrrGr;28,000
J11;74,000;0,333;0,500;10,551;4,000;31,000;35,000;rrrrrrGr;28,000
J11;74,000;0,333;0,500;10,551;4,000;31,000;35,000;rrrrrrGr;28,000
J11;74,000;0,333;0,500;10,551;4,000;31,000;35,000;rrrrrrGr;28,000
J11;74,000;0,333;0,500;10,551;4,000;31,000;35,000;rrrrrrGr;28,000
J11;74,000;0,333;0,500;10,551;4,000;31,000;35,000;rrrrrrGr;28,000
J11;74,000;0,333;0,500;10,551;4,000;31,000;35,000;rrrrrrGr;28,000
J11;74,000;0,333;0,500;10,551;4,000;31,000;35,000;rrrrrrGr;28,000
J11;74,000;0,333;0,500;10,551;4,000;31,000;35,000;rrrrrrGr;28,000
J11;74,000;0,333;0,500;10,551;4,000;31,000;35,000;rrrrrrGr;28,000
J11;74,000;0,333;0,500;10,551;4,000;31,000;35,000;rrrrrrGr;28,000
J11;74,000;0,333;0,500;10,551;4,000;31,000;35,000;rrrrrrGr;28,000
J11;75,000;0,500;1,000;10,092;4,000;31,000;35,000;rrrrrrGr;27,000
J11;75,000;0,500;1,000;10,092;4,000;31,000;35,000;rrrrrrGr;27,000
J11;75,000;0,500;1,000;10,092;4,000;31,000;35,000;rrrrrrGr;27,000
J11;75,000;0,500;1,000;10,092;4,000;31,000;35,000;rrrrrrGr;27,000
J11;75,000;0,500;1,000;10,092;4,000;31,000;35,000;rrrrrrGr;27,000
J11;75,000;0,500;1,000;10,092;4,000;31,000;35,000;rrrrrrGr;27,000
J11;75,000;0,500;1,000;10,092;4,000;31,000;35,000;rrrrrrGr;27,000
J11;75,000;0,500;1,000;10,092;4,000;31,000;35,000;rrrrrrGr;27,000
J11;75,000;0,500;1,000;10,092;4,000;31,000;35,000;rrrrrrGr;27,000
J11;75,000;0,500;1,000;10,092;4,000;31,000;35,000;rrrrrrGr;27,000
J11;75,000;0,500;1,000;10,092;4,000;31,000;35,000;rrrrrrGr;27,000
J11;75,000;0,500;1,000;10,092;4,000;31,000;35,000;rrrrrrGr;27,000
J11;75,000;0,500;1,000;10,092;4,000;31,000;35,000;rrrrrrGr;27,000
J11;76,000;0,667;1,667;7,789;4,000;31,000;35,000;rrrrrrGr;26,000
J11;76,000;0,667;1,667;7,789;4,000;31,000;35,000;rrrrrrGr;26,000
J11;76,000;0,667;1,667;7,789;4,000;31,000;35,000;rrrrrrGr;26,000
J11;76,000;0,667;1,667;7,789;4,000;31,000;35,000;rrrrrrGr;26,000
J11;76,000;0,667;1,667;7,789;4,000;31,000;35,000;rrrrrrGr;26,000
J11;76,000;0,667;1,667;7,789;4,000;31,000;35,000;rrrrrrGr;26,000
J11;76,000;0,667;1,667;7,789;4,000;31,000;35,000;rrrrrrGr;26,000
J11;76,000;0,667;1,667;7,789;4,000;31,000;35,000;rrrrrrGr;26,000
J11;76,000;0,667;1,667;7,789;4,000;31,000;35,000;rrrrrrGr;26,000
J11;76,000;0,667;1,667;7,789;4,000;31,000;35,000;rrrrrrGr;26,000
J11;77,000;0,667;2,333;8,337;4,000;31,000;35,000;rrrrrrGr;25,000
J11;77,000;0,667;2,333;8,337;4,000;31,000;35,000;rrrrrrGr;25,000
J11;77,000;0,667;2,333;8,337;4,000;31,000;35,000;rrrrrrGr;25,000
J11;77,000;0,667;2,333;8,337;4,000;31,000;35,000;rrrrrrGr;25,000
J11;77,000;0,667;2,333;8,337;4,000;31,000;35,000;rrrrrrGr;25,000
J11;77,000;0,667;2,333;8,337;4,000;31,000;35,000;rrrrrrGr;25,000
J11;77,000;0,667;2,333;8,337;4,000;31,000;35,000;rrrrrrGr;25,000
J11;77,000;0,667;2,333;8,337;4,000;31,000;35,000;rrrrrrGr;25,000
J11;77,000;0,667;2,333;8,337;4,000;31,000;35,000;rrrrrrGr;25,000
J11;77,000;0,667;2,333;8,337;4,000;31,000;35,000;rrrrrrGr;25,000
J11;77,000;0,667;2,333;8,337;4,000;31,000;35,000;rrrrrrGr;25,000
J11;77,000;0,667;2,333;8,337;4,000;31,000;35,000;rrrrrrGr;25,000
J11;77,000;0,667;2,333;8,337;4,000;31,000;35,000;rrrrrrGr;25,000
J11;77,000;0,667;2,333;8,337;4,000;31,000;35,000;rrrrrrGr;25,000
J11;77,000;0,667;2,333;8,337;4,000;31,000;35,000;rrrrrrGr;25,000
J11;78,000;0,833;3,167;7,670;4,000;31,000;35,000;rrrrrrGr;24,000
J11;78,000;0,833;3,167;7,670;4,000;31,000;35,000;rrrrrrGr;24,000
J11;78,000;0,833;3,167;7,670;4,000;31,000;35,000;rrrrrrGr;24,000
J11;78,000;0,833;3,167;7,670;4,000;31,000;35,000;rrrrrrGr;24,000
J11;78,000;0,833;3,167;7,670;4,000;31,000;35,000;rrrrrrGr;24,000
J11;78,000;0,833;3,167;7,670;4,000;31,000;35,000;rrrrrrGr;24,000
J11;78,000;0,833;3,167;7,670;4,000;31,000;35,000;rrrrrrGr;24,000
J11;78,000;0,833;3,167;7,670;4,000;31,000;35,000;rrrrrrGr;24,000
J11;78,000;0,833;3,167;7,670;4,000;31,000;35,000;rrrrrrGr;24,000
J11;78,000;0,833;3,167;7,670;4,000;31,000;35,000;rrrrrrGr;24,000
J11;78,000;0,833;3,167;7,670;4,000;31,000;35,000;rrrrrrGr;24,000
J11;78,000;0,833;3,167;7,670;4,000;31,000;35,000;rrrrrrGr;24,000
J11;78,000;0,833;3,167;7,670;4,000;31,000;35,000;rrrrrrGr;24,000
J11;78,000;0,833;3,167;7,670;4,000;31,000;35,000;rrrrrrGr;24,000
J11;78,000;0,833;3,167;7,670;4,000;31,000;35,000;rrrrrrGr;24,000
J11;79,000;0,833;4,000;7,307;4,000;31,000;35,000;rrrrrrGr;23,000
J11;79,000;0,833;4,000;7,307;4,000;31,000;35,000;rrrrrrGr;23,000
J11;79,000;0,833;4,000;7,307;4,000;31,000;35,000;rrrrrrGr;23,000
J11;79,000;0,833;4,000;7,307;4,000;31,000;35,000;rrrrrrGr;23,000
J11;79,000;0,833;4,000;7,307;4,000;31,000;35,000;rrrrrrGr;23,000
J11;79,000;0,833;4,000;7,307;4,000;31,000;35,000;rrrrrrGr;23,000
J11;79,000;0,833;4,000;7,307;4,000;31,000;35,000;rrrrrrGr;23,000
J11;79,000;0,833;4,000;7,307;4,000;31,000;35,000;rrrrrrGr;23,000
J11;79,000;0,833;4,000;7,307;4,000;31,000;35,000;rrrrrrGr;23,000
J11;79,000;0,833;4,000;7,307;4,000;31,000;35,000;rrrrrrGr;23,000
J11;79,000;0,833;4,000;7,307;4,000;31,000;35,000;rrrrrrGr;23,000
J11;79,000;0,833;4,000;7,307;4,000;31,000;35,000;rrrrrrGr;23,000
J11;79,000;0,833;4,000;7,307;4,000;31,000;35,000;rrrrrrGr;23,000
J11;79,000;0,833;4,000;7,307;4,000;31,000;35,000;rrrrrrGr;23,000
J11;79,000;0,833;4,000;7,307;4,000;31,000;35,000;rrrrrrGr;23,000
J11;80,000;1,000;5,000;7,174;4,000;31,000;35,000;rrrrrrGr;22,000
J11;80,000;1,000;5,000;7,174;4,000;31,000;35,000;rrrrrrGr;22,000
J11;80,000;1,000;5,000;7,174;4,000;31,000;35,000;rrrrrrGr;22,000
J11;80,000;1,000;5,000;7,174;4,000;31,000;35,000;rrrrrrGr;22,000
J11;80,000;1,000;5,000;7,174;4,000;31,000;35,000;rrrrrrGr;22,000
J11;80,000;1,000;5,000;7,174;4,000;31,000;35,000;rrrrrrGr;22,000
J11;80,000;1,000;5,000;7,174;4,000;31,000;35,000;rrrrrrGr;22,000
J11;80,000;1,000;5,000;7,174;4,000;31,000;35,000;rrrrrrGr;22,000
J11;80,000;1,000;5,000;7,174;4,000;31,000;35,000;rrrrrrGr;22,000
J11;80,000;1,000;5,000;7,174;4,000;31,000;35,000;rrrrrrGr;22,000
J11;80,000;1,000;5,000;7,174;4,000;31,000;35,000;rrrrrrGr;22,000
J11;80,000;1,000;5,000;7,174;4,000;31,000;35,000;rrrrrrGr;22,000
J11;80,000;1,000;5,000;7,174;4,000;31,000;35,000;rrrrrrGr;22,000
J11;81,000;1,000;6,000;7,054;4,000;31,000;35,000;rrrrrrGr;21,000
J11;81,000;1,000;6,000;7,054;4,000;31,000;35,000;rrrrrrGr;21,000
J11;81,000;1,000;6,000;7,054;4,000;31,000;35,000;rrrrrrGr;21,000
J11;81,000;1,000;6,000;7,054;4,000;31,000;35,000;rrrrrrGr;21,000
J11;81,000;1,000;6,000;7,054;4,000;31,000;35,000;rrrrrrGr;21,000
J11;81,000;1,000;6,000;7,054;4,000;31,000;35,000;rrrrrrGr;21,000
J11;81,000;1,000;6,000;7,054;4,000;31,000;35,000;rrrrrrGr;21,000
J11;81,000;1,000;6,000;7,054;4,000;31,000;35,000;rrrrrrGr;21,000
J11;81,000;1,000;6,000;7,054;4,000;31,000;35,000;rrrrrrGr;21,000
J11;81,000;1,000;6,000;7,054;4,000;31,000;35,000;rrrrrrGr;21,000
J11;81,000;1,000;6,000;7,054;4,000;31,000;35,000;rrrrrrGr;21,000
J11;81,000;1,000;6,000;7,054;4,000;31,000;35,000;rrrrrrGr;21,000
J11;81,000;1,000;6,000;7,054;4,000;31,000;35,000;rrrrrrGr;21,000
J11;81,000;1,000;6,000;7,054;4,000;31,000;35,000;rrrrrrGr;21,000
J11;82,000;1,167;7,167;5,585;4,000;31,000;35,000;rrrrrrGr;20,000
J11;82,000;1,167;7,167;5,585;4,000;15,000;19,000;rrrrrrGr;4,000
J11;82,000;1,167;7,167;5,585;4,000;15,000;19,000;rrrrrrGr;4,000
J11;82,000;1,167;7,167;5,585;4,000;15,000;19,000;rrrrrrGr;4,000
J11;82,000;1,167;7,167;5,585;4,000;15,000;19,000;rrrrrrGr;4,000
J11;82,000;1,167;7,167;5,585;4,000;15,000;19,000;rrrrrrGr;4,000
J11;82,000;1,167;7,167;5,585;4,000;15,000;19,000;rrrrrrGr;4,000
J11;82,000;1,167;7,167;5,585;4,000;15,000;19,000;rrrrrrGr;4,000
J11;82,000;1,167;7,167;5,585;4,000;15,000;19,000;rrrrrrGr;4,000
J11;82,000;1,167;7,167;5,585;4,000;15,000;19,000;rrrrrrGr;4,000
J11;82,000;1,167;7,167;5,585;4,000;15,000;19,000;rrrrrrGr;4,000
J11;82,000;1,167;7,167;5,585;4,000;15,000;19,000;rrrrrrGr;4,000
J11;82,000;1,167;7,167;5,585;4,000;15,000;19,000;rrrrrrGr;4,000
J11;82,000;1,167;7,167;5,585;4,000;15,000;19,000;rrrrrrGr;4,000
J11;82,000;1,167;7,167;5,585;4,000;15,000;19,000;rrrrrrGr;4,000
J11;83,000;1,167;8,333;5,826;4,000;15,000;19,000;rrrrrrGr;3,000
J11;83,000;1,167;8,333;5,826;4,000;16,000;20,000;rrrrrrGr;4,000
J11;83,000;1,167;8,333;5,826;4,000;16,000;20,000;rrrrrrGr;4,000
J11;83,000;1,167;8,333;5,826;4,000;16,000;20,000;rrrrrrGr;4,000
J11;83,000;1,167;8,333;5,826;4,000;16,000;20,000;rrrrrrGr;4,000
J11;83,000;1,167;8,333;5,826;4,000;16,000;20,000;rrrrrrGr;4,000
J11;83,000;1,167;8,333;5,826;4,000;16,000;20,000;rrrrrrGr;4,000
J11;83,000;1,167;8,333;5,826;4,000;16,000;20,000;rrrrrrGr;4,000
J11;84,000;1,167;9,500;6,295;4,000;16,000;20,000;rrrrrrGr;3,000
J11;84,000;1,167;9,500;6,295;4,000;17,000;21,000;rrrrrrGr;4,000
J11;84,000;1,167;9,500;6,295;4,000;17,000;21,000;rrrrrrGr;4,000
J11;84,000;1,167;9,500;6,295;4,000;17,000;21,000;rrrrrrGr;4,000
J11;84,000;1,167;9,500;6,295;4,000;17,000;21,000;rrrrrrGr;4,000
J11;84,000;1,167;9,500;6,295;4,000;17,000;21,000;rrrrrrGr;4,000
J11;84,000;1,167;9,500;6,295;4,000;17,000;21,000;rrrrrrGr;4,000
J11;84,000;1,167;9,500;6,295;4,000;17,000;21,000;rrrrrrGr;4,000
J11;84,000;1,167;9,500;6,295;4,000;17,000;21,000;rrrrrrGr;4,000
J11;84,000;1,167;9,500;6,295;4,000;17,000;21,000;rrrrrrGr;4,000
J11;84,000;1,167;9,500;6,295;4,000;17,000;21,000;rrrrrrGr;4,000
J11;84,000;1,167;9,500;6,295;4,000;17,000;21,000;rrrrrrGr;4,000
J11;84,000;1,167;9,500;6,295;4,000;17,000;21,000;rrrrrrGr;4,000
J11;84,000;1,167;9,500;6,295;4,000;17,000;21,000;rrrrrrGr;4,000
J11;84,000;1,167;9,500;6,295;4,000;17,000;21,000;rrrrrrGr;4,000
J11;85,000;1,167;10,667;6,757;4,000;17,000;21,000;rrrrrrGr;3,000
J11;85,000;1,167;10,667;6,757;4,000;17,000;21,000;rrrrrrGr;3,000
J11;85,000;1,167;10,667;6,757;4,000;18,000;22,000;rrrrrrGr;4,000
J11;85,000;1,167;10,667;6,757;4,000;18,000;22,000;rrrrrrGr;4,000
J11;85,000;1,167;10,667;6,757;4,000;18,000;22,000;rrrrrrGr;4,000
J11;85,000;1,167;10,667;6,757;4,000;18,000;22,000;rrrrrrGr;4,000
J11;85,000;1,167;10,667;6,757;4,000;18,000;22,000;rrrrrrGr;4,000
J11;85,000;1,167;10,667;6,757;4,000;18,000;22,000;rrrrrrGr;4,000
J11;85,000;1,167;10,667;6,757;4,000;18,000;22,000;rrrrrrGr;4,000
J11;85,000;1,167;10,667;6,757;4,000;18,000;22,000;rrrrrrGr;4,000
J11;85,000;1,167;10,667;6,757;4,000;18,000;22,000;rrrrrrGr;4,000
J11;85,000;1,167;10,667;6,757;4,000;18,000;22,000;rrrrrrGr;4,000
J11;85,000;1,167;10,667;6,757;4,000;18,000;22,000;rrrrrrGr;4,000
J11;85,000;1,167;10,667;6,757;4,000;18,000;22,000;rrrrrrGr;4,000
J11;85,000;1,167;10,667;6,757;4,000;18,000;22,000;rrrrrrGr;4,000
J11;85,000;1,167;10,667;6,757;4,000;18,000;22,000;rrrrrrGr;4,000
J11;86,000;1,167;11,833;8,140;4,000;18,000;22,000;rrrrrrGr;3,000
J11;86,000;1,167;11,833;8,140;4,000;18,000;22,000;rrrrrrGr;3,000
J11;86,000;1,167;11,833;8,140;4,000;19,000;23,000;rrrrrrGr;4,000
J11;86,000;1,167;11,833;8,140;4,000;19,000;23,000;rrrrrrGr;4,000
J11;86,000;1,167;11,833;8,140;4,000;19,000;23,000;rrrrrrGr;4,000
J11;86,000;1,167;11,833;8,140;4,000;19,000;23,000;rrrrrrGr;4,000
J11;86,000;1,167;11,833;8,140;4,000;19,000;23,000;rrrrrrGr;4,000
J11;86,000;1,167;11,833;8,140;4,000;19,000;23,000;rrrrrrGr;4,000
J11;86,000;1,167;11,833;8,140;4,000;19,000;23,000;rrrrrrGr;4,000
J11;86,000;1,167;11,833;8,140;4,000;19,000;23,000;rrrrrrGr;4,000
J11;86,000;1,167;11,833;8,140;4,000;19,000;23,000;rrrrrrGr;4,000
J11;86,000;1,167;11,833;8,140;4,000;19,000;23,000;rrrrrrGr;4,000
J11;86,000;1,167;11,833;8,140;4,000;19,000;23,000;rrrrrrGr;4,000
J11;86,000;1,167;11,833;8,140;4,000;19,000;23,000;rrrrrrGr;4,000
J11;86,000;1,167;11,833;8,140;4,000;19,000;23,000;rrrrrrGr;4,000
J11;86,000;1,167;11,833;8,140;4,000;19,000;23,000;rrrrrrGr;4,000
J11;87,000;1,167;13,000;8,285;4,000;19,000;23,000;rrrrrrGr;3,000
J11;87,000;1,167;13,000;8,285;4,000;20,000;24,000;rrrrrrGr;4,000
J11;87,000;1,167;13,000;8,285;4,000;20,000;24,000;rrrrrrGr;4,000
J11;87,000;1,167;13,000;8,285;4,000;20,000;24,000;rrrrrrGr;4,000
J11;87,000;1,167;13,000;8,285;4,000;20,000;24,000;rrrrrrGr;4,000
J11;87,000;1,167;13,000;8,285;4,000;20,000;24,000;rrrrrrGr;4,000
J11;87,000;1,167;13,000;8,285;4,000;20,000;24,000;rrrrrrGr;4,000
J11;87,000;1,167;13,000;8,285;4,000;20,000;24,000;rrrrrrGr;4,000
J11;87,000;1,167;13,000;8,285;4,000;20,000;24,000;rrrrrrGr;4,000
J11;87,000;1,167;13,000;8,285;4,000;20,000;24,000;rrrrrrGr;4,000
J11;87,000;1,167;13,000;8,285;4,000;20,000;24,000;rrrrrrGr;4,000
J11;87,000;1,167;13,000;8,285;4,000;20,000;24,000;rrrrrrGr;4,000
J11;87,000;1,167;13,000;8,285;4,000;20,000;24,000;rrrrrrGr;4,000
J11;87,000;1,167;13,000;8,285;4,000;20,000;24,000;rrrrrrGr;4,000
J11;87,000;1,167;13,000;8,285;4,000;20,000;24,000;rrrrrrGr;4,000
J11;88,000;1,167;14,167;7,789;4,000;20,000;24,000;rrrrrrGr;3,000
J11;88,000;1,167;14,167;7,789;4,000;20,000;24,000;rrrrrrGr;3,000
J11;88,000;1,167;14,167;7,789;4,000;21,000;25,000;rrrrrrGr;4,000
J11;88,000;1,167;14,167;7,789;4,000;21,000;25,000;rrrrrrGr;4,000
J11;88,000;1,167;14,167;7,789;4,000;21,000;25,000;rrrrrrGr;4,000
J11;88,000;1,167;14,167;7,789;4,000;21,000;25,000;rrrrrrGr;4,000
J11;88,000;1,167;14,167;7,789;4,000;21,000;25,000;rrrrrrGr;4,000
J11;88,000;1,167;14,167;7,789;4,000;21,000;25,000;rrrrrrGr;4,000
J11;88,000;1,167;14,167;7,789;4,000;21,000;25,000;rrrrrrGr;4,000
J11;88,000;1,167;14,167;7,789;4,000;21,000;25,000;rrrrrrGr;4,000
J11;88,000;1,167;14,167;7,789;4,000;21,000;25,000;rrrrrrGr;4,000
J11;88,000;1,167;14,167;7,789;4,000;21,000;25,000;rrrrrrGr;4,000
J11;88,000;1,167;14,167;7,789;4,000;21,000;25,000;rrrrrrGr;4,000
J11;88,000;1,167;14,167;7,789;4,000;21,000;25,000;rrrrrrGr;4,000
J11;88,000;1,167;14,167;7,789;4,000;21,000;25,000;rrrrrrGr;4,000
J11;88,000;1,167;14,167;7,789;4,000;21,000;25,000;rrrrrrGr;4,000
J11;89,000;1,333;15,500;7,038;4,000;21,000;25,000;rrrrrrGr;3,000
J11;89,000;1,333;15,500;7,038;4,000;22,000;26,000;rrrrrrGr;4,000
J11;89,000;1,333;15,500;7,038;4,000;22,000;26,000;rrrrrrGr;4,000
J11;89,000;1,333;15,500;7,038;4,000;22,000;26,000;rrrrrrGr;4,000
J11;89,000;1,333;15,500;7,038;4,000;22,000;26,000;rrrrrrGr;4,000
J11;89,000;1,333;15,500;7,038;4,000;22,000;26,000;rrrrrrGr;4,000
J11;89,000;1,333;15,500;7,038;4,000;22,000;26,000;rrrrrrGr;4,000
J11;89,000;1,333;15,500;7,038;4,000;22,000;26,000;rrrrrrGr;4,000
J11;89,000;1,333;15,500;7,038;4,000;22,000;26,000;rrrrrrGr;4,000
J11;89,000;1,333;15,500;7,038;4,000;22,000;26,000;rrrrrrGr;4,000
J11;89,000;1,333;15,500;7,038;4,000;22,000;26,000;rrrrrrGr;4,000
J11;89,000;1,333;15,500;7,038;4,000;22,000;26,000;rrrrrrGr;4,000
J11;89,000;1,333;15,500;7,038;4,000;22,000;26,000;rrrrrrGr;4,000
J11;89,000;1,333;15,500;7,038;4,000;22,000;26,000;rrrrrrGr;4,000
J11;90,000;1,333;16,833;7,376;4,000;22,000;26,000;rrrrrrGr;3,000
J11;90,000;1,333;16,833;7,376;4,000;22,000;26,000;rrrrrrGr;3,000
J11;90,000;1,333;16,833;7,376;4,000;23,000;27,000;rrrrrrGr;4,000
J11;90,000;1,333;16,833;7,376;4,000;23,000;27,000;rrrrrrGr;4,000
J11;90,000;1,333;16,833;7,376;4,000;23,000;27,000;rrrrrrGr;4,000
J11;90,000;1,333;16,833;7,376;4,000;23,000;27,000;rrrrrrGr;4,000
J11;90,000;1,333;16,833;7,376;4,000;23,000;27,000;rrrrrrGr;4,000
J11;90,000;1,333;16,833;7,376;4,000;23,000;27,000;rrrrrrGr;4,000
J11;90,000;1,333;16,833;7,376;4,000;23,000;27,000;rrrrrrGr;4,000
J11;90,000;1,333;16,833;7,376;4,000;23,000;27,000;rrrrrrGr;4,000
J11;90,000;1,333;16,833;7,376;4,000;23,000;27,000;rrrrrrGr;4,000
J11;90,000;1,333;16,833;7,376;4,000;23,000;27,000;rrrrrrGr;4,000
J11;90,000;1,333;16,833;7,376;4,000;23,000;27,000;rrrrrrGr;4,000
J11;90,000;1,333;16,833;7,376;4,000;23,000;27,000;rrrrrrGr;4,000
J11;90,000;1,333;16,833;7,376;4,000;23,000;27,000;rrrrrrGr;4,000
J11;90,000;1,333;16,833;7,376;4,000;23,000;27,000;rrrrrrGr;4,000
J11;90,000;1,333;16,833;7,376;4,000;23,000;27,000;rrrrrrGr;4,000
J11;91,000;1,333;18,167;7,957;4,000;23,000;27,000;rrrrrrGr;3,000
J11;91,000;1,333;18,167;7,957;4,000;23,000;27,000;rrrrrrGr;3,000
J11;91,000;1,333;18,167;7,957;4,000;24,000;28,000;rrrrrrGr;4,000
J11;91,000;1,333;18,167;7,957;4,000;24,000;28,000;rrrrrrGr;4,000
J11;91,000;1,333;18,167;7,957;4,000;24,000;28,000;rrrrrrGr;4,000
J11;91,000;1,333;18,167;7,957;4,000;24,000;28,000;rrrrrrGr;4,000
J11;91,000;1,333;18,167;7,957;4,000;24,000;28,000;rrrrrrGr;4,000
J11;91,000;1,333;18,167;7,957;4,000;24,000;28,000;rrrrrrGr;4,000
J11;91,000;1,333;18,167;7,957;4,000;24,000;28,000;rrrrrrGr;4,000
J11;91,000;1,333;18,167;7,957;4,000;24,000;28,000;rrrrrrGr;4,000
J11;91,000;1,333;18,167;7,957;4,000;24,000;28,000;rrrrrrGr;4,000
J11;91,000;1,333;18,167;7,957;4,000;24,000;28,000;rrrrrrGr;4,000
J11;91,000;1,333;18,167;7,957;4,000;24,000;28,000;rrrrrrGr;4,000
J11;91,000;1,333;18,167;7,957;4,000;24,000;28,000;rrrrrrGr;4,000
J11;91,000;1,333;18,167;7,957;4,000;24,000;28,000;rrrrrrGr;4,000
J11;91,000;1,333;18,167;7,957;4,000;24,000;28,000;rrrrrrGr;4,000
J11;91,000;1,333;18,167;7,957;4,000;24,000;28,000;rrrrrrGr;4,000
J11;91,000;1,333;18,167;7,957;60,000;-31,000;29,000;rrrrrryr;5,000
J11;92,000;1,333;19,500;7,807;60,000;-31,000;29,000;rrrrrryr;4,000
J11;92,000;1,333;19,500;7,807;2,000;25,000;27,000;rrrrrrrr;2,000
J11;92,000;1,333;19,500;7,807;2,000;25,000;27,000;rrrrrrrr;2,000
J11;92,000;1,333;19,500;7,807;2,000;25,000;27,000;rrrrrrrr;2,000
J11;92,000;1,333;19,500;7,807;2,000;25,000;27,000;rrrrrrrr;2,000
J11;92,000;1,333;19,500;7,807;2,000;25,000;27,000;rrrrrrrr;2,000
J11;92,000;1,333;19,500;7,807;2,000;25,000;27,000;rrrrrrrr;2,000
J11;92,000;1,333;19,500;7,807;2,000;25,000;27,000;rrrrrrrr;2,000
J11;92,000;1,333;19,500;7,807;2,000;25,000;27,000;rrrrrrrr;2,000
J11;92,000;1,333;19,500;7,807;2,000;25,000;27,000;rrrrrrrr;2,000
J11;92,000;1,333;19,500;7,807;2,000;25,000;27,000;rrrrrrrr;2,000
J11;92,000;1,333;19,500;7,807;2,000;25,000;27,000;rrrrrrrr;2,000
J11;92,000;1,333;19,500;7,807;2,000;25,000;27,000;rrrrrrrr;2,000
J11;92,000;1,333;19,500;7,807;42,000;-32,000;10,000;GGGGGgrr;10,000
J11;92,000;1,333;19,500;7,807;42,000;-32,000;10,000;GGGGGgrr;10,000
J11;93,000;1,000;15,333;10,415;42,000;-32,000;10,000;GGGGGgrr;9,000
J11;93,000;1,000;15,333;10,415;42,000;-32,000;10,000;GGGGGgrr;9,000
J11;93,000;1,000;15,333;10,415;42,000;-37,000;5,000;GGGGGgrr;4,000
J11;93,000;1,000;15,333;10,415;42,000;-37,000;5,000;GGGGGgrr;4,000
J11;93,000;1,000;15,333;10,415;42,000;-37,000;5,000;GGGGGgrr;4,000
J11;93,000;1,000;15,333;10,415;42,000;-37,000;5,000;GGGGGgrr;4,000
J11;93,000;1,000;15,333;10,415;42,000;-37,000;5,000;GGGGGgrr;4,000
J11;93,000;1,000;15,333;10,415;42,000;-37,000;5,000;GGGGGgrr;4,000
J11;93,000;1,000;15,333;10,415;42,000;-37,000;5,000;GGGGGgrr;4,000
J11;93,000;1,000;15,333;10,415;42,000;-37,000;5,000;GGGGGgrr;4,000
J11;93,000;1,000;15,333;10,415;42,000;-37,000;5,000;GGGGGgrr;4,000
J11;93,000;1,000;15,333;10,415;42,000;-37,000;5,000;GGGGGgrr;4,000
J11;93,000;1,000;15,333;10,415;42,000;-37,000;5,000;GGGGGgrr;4,000
J11;93,000;1,000;15,333;10,415;42,000;-37,000;5,000;GGGGGgrr;4,000
J11;93,000;1,000;15,333;10,415;42,000;-37,000;5,000;GGGGGgrr;4,000
J11;93,000;1,000;15,333;10,415;42,000;-37,000;5,000;GGGGGgrr;4,000
J11;94,000;1,000;16,333;10,191;42,000;-37,000;5,000;GGGGGgrr;3,000
J11;94,000;1,000;16,333;10,191;42,000;-12,000;30,000;rrrrrrrG;30,000
J11;94,000;1,000;16,333;10,191;42,000;-12,000;30,000;rrrrrrrG;30,000
J11;94,000;1,000;16,333;10,191;42,000;-12,000;30,000;rrrrrrrG;30,000
J11;94,000;1,000;16,333;10,191;42,000;-12,000;30,000;rrrrrrrG;30,000
J11;94,000;1,000;16,333;10,191;42,000;-12,000;30,000;rrrrrrrG;30,000
J11;94,000;1,000;16,333;10,191;42,000;-12,000;30,000;rrrrrrrG;30,000
J11;94,000;1,000;16,333;10,191;42,000;-12,000;30,000;rrrrrrrG;30,000
J11;94,000;1,000;16,333;10,191;42,000;-12,000;30,000;rrrrrrrG;30,000
J11;94,000;1,000;16,333;10,191;42,000;-12,000;30,000;rrrrrrrG;30,000
J11;94,000;1,000;16,333;10,191;42,000;-12,000;30,000;rrrrrrrG;30,000
J11;94,000;1,000;16,333;10,191;42,000;-12,000;30,000;rrrrrrrG;30,000
J11;94,000;1,000;16,333;10,191;42,000;-12,000;30,000;rrrrrrrG;30,000
J11;94,000;1,000;16,333;10,191;42,000;-12,000;30,000;rrrrrrrG;30,000
J11;94,000;1,000;16,333;10,191;42,000;-12,000;30,000;rrrrrrrG;30,000
J11;94,000;1,000;16,333;10,191;42,000;-12,000;30,000;rrrrrrrG;30,000
J11;94,000;1,000;16,333;10,191;42,000;-12,000;30,000;rrrrrrrG;30,000
J11;95,000;0,833;13,500;9,541;42,000;-12,000;30,000;rrrrrrrG;29,000
J11;95,000;0,833;13,500;9,541;42,000;15,814;57,814;rrrrrrrG;56,814
J11;95,000;0,833;13,500;9,541;42,000;15,814;57,814;rrrrrrrG;56,814
J11;95,000;0,833;13,500;9,541;42,000;15,814;57,814;rrrrrrrG;56,814
J11;95,000;0,833;13,500;9,541;42,000;15,814;57,814;rrrrrrrG;56,814
J11;95,000;0,833;13,500;9,541;42,000;15,814;57,814;rrrrrrrG;56,814
J11;95,000;0,833;13,500;9,541;42,000;15,814;57,814;rrrrrrrG;56,814
J11;95,000;0,833;13,500;9,541;42,000;15,814;57,814;rrrrrrrG;56,814
J11;95,000;0,833;13,500;9,541;42,000;15,814;57,814;rrrrrrrG;56,814
J11;95,000;0,833;13,500;9,541;42,000;15,814;57,814;rrrrrrrG;56,814
J11;95,000;0,833;13,500;9,541;42,000;15,814;57,814;rrrrrrrG;56,814
J11;95,000;0,833;13,500;9,541;42,000;15,814;57,814;rrrrrrrG;56,814
J11;95,000;0,833;13,500;9,541;42,000;15,814;57,814;rrrrrrrG;56,814
J11;95,000;0,833;13,500;9,541;42,000;15,814;57,814;rrrrrrrG;56,814
J11;95,000;0,833;13,500;9,541;42,000;15,814;57,814;rrrrrrrG;56,814
J11;95,000;0,833;13,500;9,541;42,000;15,814;57,814;rrrrrrrG;56,814
J11;95,000;0,833;13,500;9,541;42,000;15,814;57,814;rrrrrrrG;56,814
J11;96,000;0,667;10,500;9,050;42,000;15,814;57,814;rrrrrrrG;55,814
J11;96,000;0,667;10,500;9,050;42,000;15,112;57,112;rrrrrrrG;55,112
J11;96,000;0,667;10,500;9,050;42,000;15,112;57,112;rrrrrrrG;55,112
J11;96,000;0,667;10,500;9,050;42,000;15,112;57,112;rrrrrrrG;55,112
J11;96,000;0,667;10,500;9,050;42,000;15,112;57,112;rrrrrrrG;55,112
J11;96,000;0,667;10,500;9,050;42,000;15,112;57,112;rrrrrrrG;55,112
J11;96,000;0,667;10,500;9,050;42,000;15,112;57,112;rrrrrrrG;55,112
J11;96,000;0,667;10,500;9,050;42,000;15,112;57,112;rrrrrrrG;55,112
J11;96,000;0,667;10,500;9,050;42,000;15,112;57,112;rrrrrrrG;55,112
J11;96,000;0,667;10,500;9,050;42,000;15,112;57,112;rrrrrrrG;55,112
J11;96,000;0,667;10,500;9,050;42,000;15,112;57,112;rrrrrrrG;55,112
J11;96,000;0,667;10,500;9,050;42,000;15,112;57,112;rrrrrrrG;55,112
J11;96,000;0,667;10,500;9,050;42,000;15,112;57,112;rrrrrrrG;55,112
J11;96,000;0,667;10,500;9,050;42,000;15,112;57,112;rrrrrrrG;55,112
J11;97,000;0,667;7,667;6,590;42,000;15,112;57,112;rrrrrrrG;54,112
J11;97,000;0,667;7,667;6,590;42,000;15,112;57,112;rrrrrrrG;54,112
J11;97,000;0,667;7,667;6,590;42,000;8,873;50,873;rrrrrrrG;47,873
J11;97,000;0,667;7,667;6,590;42,000;8,873;50,873;rrrrrrrG;47,873
J11;97,000;0,667;7,667;6,590;42,000;8,873;50,873;rrrrrrrG;47,873
J11;97,000;0,667;7,667;6,590;42,000;8,873;50,873;rrrrrrrG;47,873
J11;97,000;0,667;7,667;6,590;42,000;8,873;50,873;rrrrrrrG;47,873
J11;97,000;0,667;7,667;6,590;42,000;8,873;50,873;rrrrrrrG;47,873
J11;97,000;0,667;7,667;6,590;42,000;8,873;50,873;rrrrrrrG;47,873
J11;97,000;0,667;7,667;6,590;42,000;8,873;50,873;rrrrrrrG;47,873
J11;97,000;0,667;7,667;6,590;42,000;8,873;50,873;rrrrrrrG;47,873
J11;97,000;0,667;7,667;6,590;42,000;8,873;50,873;rrrrrrrG;47,873
J11;97,000;0,667;7,667;6,590;42,000;8,873;50,873;rrrrrrrG;47,873
J11;97,000;0,667;7,667;6,590;42,000;8,873;50,873;rrrrrrrG;47,873
J11;98,000;0,500;4,833;6,856;42,000;8,873;50,873;rrrrrrrG;46,873
J11;98,000;0,500;4,833;6,856;42,000;10,239;52,239;rrrrrrrG;48,239
J11;98,000;0,500;4,833;6,856;42,000;10,239;52,239;rrrrrrrG;48,239
J11;98,000;0,500;4,833;6,856;42,000;10,239;52,239;rrrrrrrG;48,239
J11;98,000;0,500;4,833;6,856;42,000;10,239;52,239;rrrrrrrG;48,239
J11;98,000;0,500;4,833;6,856;42,000;10,239;52,239;rrrrrrrG;48,239
J11;98,000;0,500;4,833;6,856;42,000;10,239;52,239;rrrrrrrG;48,239
J11;98,000;0,500;4,833;6,856;42,000;10,239;52,239;rrrrrrrG;48,239
J11;98,000;0,500;4,833;6,856;42,000;10,239;52,239;rrrrrrrG;48,239
J11;98,000;0,500;4,833;6,856;42,000;10,239;52,239;rrrrrrrG;48,239
J11;98,000;0,500;4,833;6,856;42,000;10,239;52,239;rrrrrrrG;48,239
J11;98,000;0,500;4,833;6,856;42,000;10,239;52,239;rrrrrrrG;48,239
J11;98,000;0,500;4,833;6,856;42,000;10,239;52,239;rrrrrrrG;48,239
J11;99,000;0,667;2,667;7,050;42,000;10,239;52,239;rrrrrrrG;47,239
J11;99,000;0,667;2,667;7,050;42,000;11,320;53,320;rrrrrrrG;48,320
J11;99,000;0,667;2,667;7,050;42,000;11,320;53,320;rrrrrrrG;48,320
J11;99,000;0,667;2,667;7,050;42,000;11,320;53,320;rrrrrrrG;48,320
J11;99,000;0,667;2,667;7,050;42,000;11,320;53,320;rrrrrrrG;48,320
J11;99,000;0,667;2,667;7,050;42,000;11,320;53,320;rrrrrrrG;48,320
J11;99,000;0,667;2,667;7,050;42,000;11,320;53,320;rrrrrrrG;48,320
J11;99,000;0,667;2,667;7,050;42,000;11,320;53,320;rrrrrrrG;48,320
J11;99,000;0,667;2,667;7,050;42,000;11,320;53,320;rrrrrrrG;48,320
J11;99,000;0,667;2,667;7,050;42,000;11,320;53,320;rrrrrrrG;48,320
J11;99,000;0,667;2,667;7,050;42,000;11,320;53,320;rrrrrrrG;48,320
J11;99,000;0,667;2,667;7,050;42,000;11,320;53,320;rrrrrrrG;48,320
J11;99,000;0,667;2,667;7,050;42,000;11,320;53,320;rrrrrrrG;48,320
J11;99,000;0,667;2,667;7,050;42,000;11,320;53,320;rrrrrrrG;48,320
J11;100,000;0,667;1,500;6,235;42,000;11,320;53,320;rrrrrrrG;47,320
J11;100,000;0,667;1,500;6,235;42,000;11,320;53,320;rrrrrrrG;47,320
J11;100,000;0,667;1,500;6,235;42,000;11,320;53,320;rrrrrrrG;47,320
J11;100,000;0,667;1,500;6,235;42,000;11,320;53,320;rrrrrrrG;47,320
J11;100,000;0,667;1,500;6,235;42,000;-32,000;10,000;rrrrrrrG;4,000
J11;100,000;0,667;1,500;6,235;42,000;-32,000;10,000;rrrrrrrG;4,000
J11;100,000;0,667;1,500;6,235;42,000;-32,000;10,000;rrrrrrrG;4,000
J11;100,000;0,667;1,500;6,235;42,000;-32,000;10,000;rrrrrrrG;4,000
J11;100,000;0,667;1,500;6,235;42,000;-32,000;10,000;rrrrrrrG;4,000
J11;100,000;0,667;1,500;6,235;42,000;-32,000;10,000;rrrrrrrG;4,000
J11;100,000;0,667;1,500;6,235;42,000;-32,000;10,000;rrrrrrrG;4,000
J11;100,000;0,667;1,500;6,235;42,000;-32,000;10,000;rrrrrrrG;4,000
J11;100,000;0,667;1,500;6,235;42,000;-32,000;10,000;rrrrrrrG;4,000
J11;100,000;0,667;1,500;6,235;42,000;-32,000;10,000;rrrrrrrG;4,000
J11;100,000;0,667;1,500;6,235;42,000;-32,000;10,000;rrrrrrrG;4,000
J11;100,000;0,667;1,500;6,235;42,000;-32,000;10,000;rrrrrrrG;4,000
J11;100,000;0,667;1,500;6,235;42,000;-32,000;10,000;rrrrrrrG;4,000
J11;100,000;0,667;1,500;6,235;42,000;-32,000;10,000;rrrrrrrG;4,000
J11;100,000;0,667;1,500;6,235;42,000;-32,000;10,000;rrrrrrrG;4,000
J11;101,000;0,500;1,333;5,807;42,000;-32,000;10,000;rrrrrrrG;3,000
J11;101,000;0,500;1,333;5,807;42,000;-32,000;10,000;rrrrrrrG;3,000
J11;101,000;0,500;1,333;5,807;42,000;-31,000;11,000;rrrrrrrG;4,000
J11;101,000;0,500;1,333;5,807;42,000;-31,000;11,000;rrrrrrrG;4,000
J11;101,000;0,500;1,333;5,807;42,000;-31,000;11,000;rrrrrrrG;4,000
J11;101,000;0,500;1,333;5,807;42,000;-31,000;11,000;rrrrrrrG;4,000
J11;101,000;0,500;1,333;5,807;42,000;-31,000;11,000;rrrrrrrG;4,000
J11;101,000;0,500;1,333;5,807;42,000;-31,000;11,000;rrrrrrrG;4,000
J11;101,000;0,500;1,333;5,807;42,000;-31,000;11,000;rrrrrrrG;4,000
J11;101,000;0,500;1,333;5,807;42,000;-31,000;11,000;rrrrrrrG;4,000
J11;101,000;0,500;1,333;5,807;42,000;-31,000;11,000;rrrrrrrG;4,000
J11;101,000;0,500;1,333;5,807;42,000;-31,000;11,000;rrrrrrrG;4,000
J11;101,000;0,500;1,333;5,807;42,000;-31,000;11,000;rrrrrrrG;4,000
J11;101,000;0,500;1,333;5,807;42,000;-31,000;11,000;rrrrrrrG;4,000
J11;101,000;0,500;1,333;5,807;42,000;-31,000;11,000;rrrrrrrG;4,000
J11;101,000;0,500;1,333;5,807;42,000;-31,000;11,000;rrrrrrrG;4,000
J11;101,000;0,500;1,333;5,807;42,000;-31,000;11,000;rrrrrrrG;4,000
J11;101,000;0,500;1,333;5,807;42,000;-31,000;11,000;rrrrrrrG;4,000
J11;102,000;0,833;2,167;5,675;42,000;-31,000;11,000;rrrrrrrG;3,000
J11;102,000;0,833;2,167;5,675;42,000;-30,000;12,000;rrrrrrrG;4,000
J11;102,000;0,833;2,167;5,675;42,000;-30,000;12,000;rrrrrrrG;4,000
J11;102,000;0,833;2,167;5,675;42,000;-30,000;12,000;rrrrrrrG;4,000
J11;102,000;0,833;2,167;5,675;42,000;-30,000;12,000;rrrrrrrG;4,000
J11;102,000;0,833;2,167;5,675;42,000;-30,000;12,000;rrrrrrrG;4,000
J11;102,000;0,833;2,167;5,675;42,000;-30,000;12,000;rrrrrrrG;4,000
J11;102,000;0,833;2,167;5,675;42,000;-30,000;12,000;rrrrrrrG;4,000
J11;102,000;0,833;2,167;5,675;42,000;-30,000;12,000;rrrrrrrG;4,000
J11;102,000;0,833;2,167;5,675;42,000;-30,000;12,000;rrrrrrrG;4,000
J11;102,000;0,833;2,167;5,675;42,000;-30,000;12,000;rrrrrrrG;4,000
J11;102,000;0,833;2,167;5,675;42,000;-30,000;12,000;rrrrrrrG;4,000
J11;102,000;0,833;2,167;5,675;42,000;-30,000;12,000;rrrrrrrG;4,000
J11;102,000;0,833;2,167;5,675;42,000;-30,000;12,000;rrrrrrrG;4,000
J11;103,000;1,000;3,167;5,619;42,000;-30,000;12,000;rrrrrrrG;3,000
J11;103,000;1,000;3,167;5,619;42,000;-29,000;13,000;rrrrrrrG;4,000
J11;103,000;1,000;3,167;5,619;42,000;-29,000;13,000;rrrrrrrG;4,000
J11;103,000;1,000;3,167;5,619;42,000;-29,000;13,000;rrrrrrrG;4,000
J11;103,000;1,000;3,167;5,619;42,000;-29,000;13,000;rrrrrrrG;4,000
J11;103,000;1,000;3,167;5,619;42,000;-29,000;13,000;rrrrrrrG;4,000
J11;103,000;1,000;3,167;5,619;42,000;-29,000;13,000;rrrrrrrG;4,000
J11;103,000;1,000;3,167;5,619;42,000;-29,000;13,000;rrrrrrrG;4,000
J11;103,000;1,000;3,167;5,619;42,000;-29,000;13,000;rrrrrrrG;4,000
J11;103,000;1,000;3,167;5,619;42,000;-29,000;13,000;rrrrrrrG;4,000
J11;103,000;1,000;3,167;5,619;42,000;-29,000;13,000;rrrrrrrG;4,000
J11;104,000;1,000;4,167;5,427;42,000;-29,000;13,000;rrrrrrrG;3,000
J11;104,000;1,000;4,167;5,427;42,000;-29,000;13,000;rrrrrrrG;3,000
J11;104,000;1,000;4,167;5,427;42,000;-28,000;14,000;rrrrrrrG;4,000
J11;104,000;1,000;4,167;5,427;42,000;-28,000;14,000;rrrrrrrG;4,000
J11;104,000;1,000;4,167;5,427;42,000;-28,000;14,000;rrrrrrrG;4,000
J11;104,000;1,000;4,167;5,427;42,000;-28,000;14,000;rrrrrrrG;4,000
J11;104,000;1,000;4,167;5,427;42,000;-28,000;14,000;rrrrrrrG;4,000
J11;104,000;1,000;4,167;5,427;42,000;-28,000;14,000;rrrrrrrG;4,000
J11;104,000;1,000;4,167;5,427;42,000;-28,000;14,000;rrrrrrrG;4,000
J11;104,000;1,000;4,167;5,427;42,000;-28,000;14,000;rrrrrrrG;4,000
J11;104,000;1,000;4,167;5,427;42,000;-28,000;14,000;rrrrrrrG;4,000
J11;104,000;1,000;4,167;5,427;42,000;-28,000;14,000;rrrrrrrG;4,000
J11;104,000;1,000;4,167;5,427;42,000;-28,000;14,000;rrrrrrrG;4,000
J11;104,000;1,000;4,167;5,427;42,000;-28,000;14,000;rrrrrrrG;4,000
J11;105,000;1,333;5,500;5,871;42,000;-28,000;14,000;rrrrrrrG;3,000
J11;105,000;1,333;5,500;5,871;42,000;-28,000;14,000;rrrrrrrG;3,000
J11;105,000;1,333;5,500;5,871;42,000;-28,000;14,000;rrrrrrrG;3,000
J11;105,000;1,333;5,500;5,871;42,000;-28,000;14,000;rrrrrrrG;3,000
J11;105,000;1,333;5,500;5,871;42,000;-28,000;14,000;rrrrrrrG;3,000
J11;105,000;1,333;5,500;5,871;42,000;-28,000;14,000;rrrrrrrG;3,000
J11;105,000;1,333;5,500;5,871;42,000;-28,000;14,000;rrrrrrrG;3,000
J11;105,000;1,333;5,500;5,871;42,000;-28,000;14,000;rrrrrrrG;3,000
J11;105,000;1,333;5,500;5,871;42,000;-28,000;14,000;rrrrrrrG;3,000
J11;105,000;1,333;5,500;5,871;42,000;-28,000;14,000;rrrrrrrG;3,000
J11;105,000;1,333;5,500;5,871;42,000;-28,000;14,000;rrrrrrrG;3,000
J11;105,000;1,333;5,500;5,871;42,000;-28,000;14,000;rrrrrrrG;3,000
J11;105,000;1,333;5,500;5,871;42,000;-28,000;14,000;rrrrrrrG;3,000
J11;106,000;1,333;6,833;5,714;42,000;-28,000;14,000;rrrrrrrG;2,000
J11;106,000;1,333;6,833;5,714;42,000;-28,000;14,000;rrrrrrrG;2,000
J11;106,000;1,333;6,833;5,714;42,000;-28,000;14,000;rrrrrrrG;2,000
J11;106,000;1,333;6,833;5,714;42,000;-28,000;14,000;rrrrrrrG;2,000
J11;106,000;1,333;6,833;5,714;42,000;-28,000;14,000;rrrrrrrG;2,000
J11;106,000;1,333;6,833;5,714;42,000;-28,000;14,000;rrrrrrrG;2,000
J11;107,000;1,333;8,167;5,855;42,000;-28,000;14,000;rrrrrrrG;1,000
J11;107,000;1,333;8,167;5,855;42,000;-28,000;14,000;rrrrrrrG;1,000
J11;107,000;1,333;8,167;5,855;42,000;-28,000;14,000;rrrrrrrG;1,000
J11;107,000;1,333;8,167;5,855;42,000;-28,000;14,000;rrrrrrrG;1,000
J11;107,000;1,333;8,167;5,855;42,000;-28,000;14,000;rrrrrrrG;1,000
J11;107,000;1,333;8,167;5,855;42,000;-28,000;14,000;rrrrrrrG;1,000
J11;107,000;1,333;8,167;5,855;42,000;-28,000;14,000;rrrrrrrG;1,000
J11;108,000;1,500;9,667;6,046;42,000;-28,000;14,000;rrrrrrrG;0,000
J11;108,000;1,500;9,667;6,046;42,000;-28,000;14,000;rrrrrrrG;0,000
J11;108,000;1,500;9,667;6,046;42,000;-28,000;14,000;rrrrrrrG;0,000
J11;108,000;1,500;9,667;6,046;42,000;-28,000;14,000;rrrrrrrG;0,000
J11;108,000;1,500;9,667;6,046;42,000;-28,000;14,000;rrrrrrrG;0,000
J11;108,000;1,500;9,667;6,046;42,000;-28,000;14,000;rrrrrrrG;0,000
J11;108,000;1,500;9,667;6,046;42,000;-28,000;14,000;rrrrrrrG;0,000
J11;109,000;1,500;11,167;6,091;3,000;15,000;18,000;Grrrrryy;3,000
J11;109,000;1,500;11,167;6,091;3,000;15,000;18,000;Grrrrryy;3,000
J11;109,000;1,500;11,167;6,091;3,000;15,000;18,000;Grrrrryy;3,000
J11;109,000;1,500;11,167;6,091;3,000;15,000;18,000;Grrrrryy;3,000
J11;109,000;1,500;11,167;6,091;3,000;15,000;18,000;Grrrrryy;3,000
J11;109,000;1,500;11,167;6,091;3,000;15,000;18,000;Grrrrryy;3,000
J11;110,000;1,667;12,833;6,151;3,000;15,000;18,000;Grrrrryy;2,000
J11;110,000;1,667;12,833;6,151;3,000;16,000;19,000;Grrrrryy;3,000
J11;110,000;1,667;12,833;6,151;3,000;16,000;19,000;Grrrrryy;3,000
J11;110,000;1,667;12,833;6,151;3,000;16,000;19,000;Grrrrryy;3,000
J11;110,000;1,667;12,833;6,151;3,000;16,000;19,000;Grrrrryy;3,000
J11;110,000;1,667;12,833;6,151;3,000;16,000;19,000;Grrrrryy;3,000
J11;110,000;1,667;12,833;6,151;3,000;16,000;19,000;Grrrrryy;3,000
J11;110,000;1,667;12,833;6,151;3,000;16,000;19,000;Grrrrryy;3,000
J11;110,000;1,667;12,833;6,151;3,000;16,000;19,000;Grrrrryy;3,000
J11;110,000;1,667;12,833;6,151;3,000;16,000;19,000;Grrrrryy;3,000
J11;110,000;1,667;12,833;6,151;3,000;16,000;19,000;Grrrrryy;3,000
J11;110,000;1,667;12,833;6,151;3,000;16,000;19,000;Grrrrryy;3,000
J11;110,000;1,667;12,833;6,151;3,000;16,000;19,000;Grrrrryy;3,000
J11;111,000;1,667;14,500;5,807;3,000;17,000;20,000;Grrrrryy;3,000
J11;111,000;1,667;14,500;5,807;3,000;17,000;20,000;Grrrrryy;3,000
J11;111,000;1,667;14,500;5,807;3,000;17,000;20,000;Grrrrryy;3,000
J11;111,000;1,667;14,500;5,807;3,000;17,000;20,000;Grrrrryy;3,000
J11;111,000;1,667;14,500;5,807;3,000;17,000;20,000;Grrrrryy;3,000
J11;111,000;1,667;14,500;5,807;3,000;17,000;20,000;Grrrrryy;3,000
J11;111,000;1,667;14,500;5,807;3,000;17,000;20,000;Grrrrryy;3,000
J11;111,000;1,667;14,500;5,807;3,000;17,000;20,000;Grrrrryy;3,000
J11;111,000;1,667;14,500;5,807;3,000;17,000;20,000;Grrrrryy;3,000
J11;111,000;1,667;14,500;5,807;3,000;17,000;20,000;Grrrrryy;3,000
J11;111,000;1,667;14,500;5,807;3,000;17,000;20,000;Grrrrryy;3,000
J11;111,000;1,667;14,500;5,807;3,000;17,000;20,000;Grrrrryy;3,000
J11;111,000;1,667;14,500;5,807;3,000;17,000;20,000;Grrrrryy;3,000
J11;111,000;1,667;14,500;5,807;3,000;17,000;20,000;Grrrrryy;3,000
J11;111,000;1,667;14,500;5,807;3,000;17,000;20,000;Grrrrryy;3,000
J11;111,000;1,667;14,500;5,807;3,000;17,000;20,000;Grrrrryy;3,000
J11;112,000;1,667;16,167;5,309;3,000;17,000;20,000;Grrrrryy;2,000
J11;112,000;1,667;16,167;5,309;3,000;18,000;21,000;Grrrrryy;3,000
J11;112,000;1,667;16,167;5,309;3,000;18,000;21,000;Grrrrryy;3,000
J11;112,000;1,667;16,167;5,309;3,000;18,000;21,000;Grrrrryy;3,000
J11;112,000;1,667;16,167;5,309;3,000;18,000;21,000;Grrrrryy;3,000
J11;112,000;1,667;16,167;5,309;3,000;18,000;21,000;Grrrrryy;3,000
J11;112,000;1,667;16,167;5,309;3,000;18,000;21,000;Grrrrryy;3,000
J11;112,000;1,667;16,167;5,309;3,000;18,000;21,000;Grrrrryy;3,000
J11;112,000;1,667;16,167;5,309;3,000;18,000;21,000;Grrrrryy;3,000
J11;112,000;1,667;16,167;5,309;3,000;18,000;21,000;Grrrrryy;3,000
J11;112,000;1,667;16,167;5,309;3,000;18,000;21,000;Grrrrryy;3,000
J11;112,000;1,667;16,167;5,309;3,000;18,000;21,000;Grrrrryy;3,000
J11;112,000;1,667;16,167;5,309;3,000;18,000;21,000;Grrrrryy;3,000
J11;112,000;1,667;16,167;5,309;3,000;18,000;21,000;Grrrrryy;3,000
J11;112,000;1,667;16,167;5,309;3,000;18,000;21,000;Grrrrryy;3,000
J11;112,000;1,667;16,167;5,309;3,000;18,000;21,000;Grrrrryy;3,000
J11;112,000;1,667;16,167;5,309;3,000;18,000;21,000;Grrrrryy;3,000
J11;112,000;1,667;16,167;5,309;3,000;18,000;21,000;Grrrrryy;3,000
J13;1,000;0,000;0,000;13,890;38,000;0,000;38,000;rrrrGGGgrrrrGGgg;37,000
J13;1,000;0,000;0,000;13,890;38,000;0,000;38,000;rrrrGGGgrrrrGGgg;37,000
J13;1,000;0,000;0,000;13,890;38,000;0,000;38,000;rrrrGGGgrrrrGGgg;37,000
J13;1,000;0,000;0,000;13,890;38,000;0,000;38,000;rrrrGGGgrrrrGGgg;37,000
J13;1,000;0,000;0,000;13,890;38,000;0,000;38,000;rrrrGGGgrrrrGGgg;37,000
J13;1,000;0,000;0,000;13,890;38,000;0,000;38,000;rrrrGGGgrrrrGGgg;37,000
J13;1,000;0,000;0,000;13,890;38,000;0,000;38,000;rrrrGGGgrrrrGGgg;38,000
J13;1,000;0,000;0,000;13,890;38,000;0,000;38,000;rrrrGGGgrrrrGGgg;38,000
J13;2,000;0,000;0,000;13,890;38,000;0,000;38,000;rrrrGGGgrrrrGGgg;37,000
J13;2,000;0,000;0,000;13,890;38,000;0,000;38,000;rrrrGGGgrrrrGGgg;37,000
J13;2,000;0,000;0,000;13,890;38,000;0,000;38,000;rrrrGGGgrrrrGGgg;37,000
J13;2,000;0,000;0,000;13,890;38,000;-33,000;5,000;rrrrGGGgrrrrGGgg;4,000
J13;2,000;0,000;0,000;13,890;38,000;-33,000;5,000;rrrrGGGgrrrrGGgg;4,000
J13;2,000;0,000;0,000;13,890;38,000;-33,000;5,000;rrrrGGGgrrrrGGgg;4,000
J13;2,000;0,000;0,000;13,890;38,000;-33,000;5,000;rrrrGGGgrrrrGGgg;4,000
J13;2,000;0,000;0,000;13,890;38,000;-33,000;5,000;rrrrGGGgrrrrGGgg;4,000
J13;2,000;0,000;0,000;13,890;38,000;-33,000;5,000;rrrrGGGgrrrrGGgg;4,000
J13;2,000;0,000;0,000;13,890;38,000;-33,000;5,000;rrrrGGGgrrrrGGgg;4,000
J13;2,000;0,000;0,000;13,890;38,000;-33,000;5,000;rrrrGGGgrrrrGGgg;4,000
J13;2,000;0,000;0,000;13,890;38,000;-33,000;5,000;rrrrGGGgrrrrGGgg;4,000
J13;2,000;0,000;0,000;13,890;38,000;-33,000;5,000;rrrrGGGgrrrrGGgg;4,000
J13;2,000;0,000;0,000;13,890;38,000;-33,000;5,000;rrrrGGGgrrrrGGgg;4,000
J13;2,000;0,000;0,000;13,890;38,000;0,000;38,000;rrrrGGGgrrrrGGgg;38,000
J13;2,000;0,000;0,000;13,890;38,000;0,000;38,000;rrrrGGGgrrrrGGgg;38,000
J13;3,000;0,000;0,000;13,890;38,000;0,000;38,000;rrrrGGGgrrrrGGgg;37,000
J13;3,000;0,000;0,000;13,890;38,000;0,000;38,000;rrrrGGGgrrrrGGgg;37,000
J13;3,000;0,000;0,000;13,890;38,000;0,000;38,000;rrrrGGGgrrrrGGgg;37,000
J13;3,000;0,000;0,000;13,890;38,000;0,000;38,000;rrrrGGGgrrrrGGgg;37,000
J13;3,000;0,000;0,000;13,890;38,000;-33,000;5,000;rrrrGGGgrrrrGGgg;4,000
J13;3,000;0,000;0,000;13,890;38,000;-33,000;5,000;rrrrGGGgrrrrGGgg;4,000
J13;3,000;0,000;0,000;13,890;38,000;-33,000;5,000;rrrrGGGgrrrrGGgg;4,000
J13;3,000;0,000;0,000;13,890;38,000;-33,000;5,000;rrrrGGGgrrrrGGgg;4,000
J13;3,000;0,000;0,000;13,890;38,000;-33,000;5,000;rrrrGGGgrrrrGGgg;4,000
J13;3,000;0,000;0,000;13,890;38,000;-33,000;5,000;rrrrGGGgrrrrGGgg;4,000
J13;3,000;0,000;0,000;13,890;38,000;-33,000;5,000;rrrrGGGgrrrrGGgg;4,000
J13;3,000;0,000;0,000;13,890;38,000;-33,000;5,000;rrrrGGGgrrrrGGgg;4,000
J13;3,000;0,000;0,000;13,890;38,000;-33,000;5,000;rrrrGGGgrrrrGGgg;4,000
J13;3,000;0,000;0,000;13,890;38,000;-33,000;5,000;rrrrGGGgrrrrGGgg;4,000
J13;3,000;0,000;0,000;13,890;38,000;0,000;38,000;rrrrGGGgrrrrGGgg;38,000
J13;3,000;0,000;0,000;13,890;38,000;0,000;38,000;rrrrGGGgrrrrGGgg;38,000
J13;4,000;0,000;0,000;13,890;38,000;0,000;38,000;rrrrGGGgrrrrGGgg;37,000
J13;4,000;0,000;0,000;13,890;38,000;0,000;38,000;rrrrGGGgrrrrGGgg;37,000
J13;4,000;0,000;0,000;13,890;38,000;0,000;38,000;rrrrGGGgrrrrGGgg;37,000
J13;4,000;0,000;0,000;13,890;38,000;-33,000;5,000;rrrrGGGgrrrrGGgg;4,000
J13;4,000;0,000;0,000;13,890;38,000;-33,000;5,000;rrrrGGGgrrrrGGgg;4,000
J13;4,000;0,000;0,000;13,890;38,000;-33,000;5,000;rrrrGGGgrrrrGGgg;4,000
J13;4,000;0,000;0,000;13,890;38,000;-33,000;5,000;rrrrGGGgrrrrGGgg;4,000
J13;4,000;0,000;0,000;13,890;38,000;-33,000;5,000;rrrrGGGgrrrrGGgg;4,000
J13;4,000;0,000;0,000;13,890;38,000;-33,000;5,000;rrrrGGGgrrrrGGgg;4,000
J13;4,000;0,000;0,000;13,890;38,000;-33,000;5,000;rrrrGGGgrrrrGGgg;4,000
J13;4,000;0,000;0,000;13,890;38,000;-33,000;5,000;rrrrGGGgrrrrGGgg;4,000
J13;4,000;0,000;0,000;13,890;38,000;-33,000;5,000;rrrrGGGgrrrrGGgg;4,000
J13;4,000;0,000;0,000;13,890;38,000;-33,000;5,000;rrrrGGGgrrrrGGgg;4,000
J13;4,000;0,000;0,000;13,890;38,000;-33,000;5,000;rrrrGGGgrrrrGGgg;4,000
J13;4,000;0,000;0,000;13,890;38,000;0,000;38,000;rrrrGGGgrrrrGGgg;38,000
J13;4,000;0,000;0,000;13,890;38,000;0,000;38,000;rrrrGGGgrrrrGGgg;38,000
J13;5,000;0,000;0,000;13,890;38,000;0,000;38,000;rrrrGGGgrrrrGGgg;37,000
J13;5,000;0,000;0,000;13,890;38,000;0,000;38,000;rrrrGGGgrrrrGGgg;37,000
J13;5,000;0,000;0,000;13,890;38,000;0,000;38,000;rrrrGGGgrrrrGGgg;37,000
J13;5,000;0,000;0,000;13,890;38,000;0,000;38,000;rrrrGGGgrrrrGGgg;37,000
J13;5,000;0,000;0,000;13,890;38,000;-33,000;5,000;rrrrGGGgrrrrGGgg;4,000
J13;5,000;0,000;0,000;13,890;38,000;-33,000;5,000;rrrrGGGgrrrrGGgg;4,000
J13;5,000;0,000;0,000;13,890;38,000;-33,000;5,000;rrrrGGGgrrrrGGgg;4,000
J13;5,000;0,000;0,000;13,890;38,000;-33,000;5,000;rrrrGGGgrrrrGGgg;4,000
J13;5,000;0,000;0,000;13,890;38,000;-33,000;5,000;rrrrGGGgrrrrGGgg;4,000
J13;5,000;0,000;0,000;13,890;38,000;-33,000;5,000;rrrrGGGgrrrrGGgg;4,000
J13;5,000;0,000;0,000;13,890;38,000;0,000;38,000;rrrrGGGgrrrrGGgg;38,000
J13;5,000;0,000;0,000;13,890;38,000;0,000;38,000;rrrrGGGgrrrrGGgg;38,000
J13;5,000;0,000;0,000;13,890;38,000;0,000;38,000;rrrrGGGgrrrrGGgg;38,000
J13;6,000;0,000;0,000;13,890;38,000;0,000;38,000;rrrrGGGgrrrrGGgg;37,000
J13;6,000;0,000;0,000;13,890;38,000;0,000;38,000;rrrrGGGgrrrrGGgg;37,000
J13;6,000;0,000;0,000;13,890;38,000;0,000;38,000;rrrrGGGgrrrrGGgg;37,000
J13;6,000;0,000;0,000;13,890;38,000;-33,000;5,000;rrrrGGGgrrrrGGgg;4,000
J13;6,000;0,000;0,000;13,890;38,000;-33,000;5,000;rrrrGGGgrrrrGGgg;4,000
J13;6,000;0,000;0,000;13,890;38,000;-33,000;5,000;rrrrGGGgrrrrGGgg;4,000
J13;6,000;0,000;0,000;13,890;38,000;-33,000;5,000;rrrrGGGgrrrrGGgg;4,000
J13;6,000;0,000;0,000;13,890;38,000;-33,000;5,000;rrrrGGGgrrrrGGgg;4,000
J13;6,000;0,000;0,000;13,890;38,000;-33,000;5,000;rrrrGGGgrrrrGGgg;4,000
J13;6,000;0,000;0,000;13,890;38,000;-33,000;5,000;rrrrGGGgrrrrGGgg;4,000
J13;6,000;0,000;0,000;13,890;38,000;-33,000;5,000;rrrrGGGgrrrrGGgg;4,000
J13;6,000;0,000;0,000;13,890;38,000;-33,000;5,000;rrrrGGGgrrrrGGgg;4,000
J13;6,000;0,000;0,000;13,890;38,000;-33,000;5,000;rrrrGGGgrrrrGGgg;4,000
J13;6,000;0,000;0,000;13,890;38,000;-33,000;5,000;rrrrGGGgrrrrGGgg;4,000
J13;6,000;0,000;0,000;13,890;38,000;-33,000;5,000;rrrrGGGgrrrrGGgg;4,000
J13;6,000;0,000;0,000;13,890;38,000;0,000;38,000;rrrrGGGgrrrrGGgg;38,000
J13;6,000;0,000;0,000;13,890;38,000;0,000;38,000;rrrrGGGgrrrrGGgg;38,000
J13;7,000;0,000;0,000;13,890;38,000;0,000;38,000;rrrrGGGgrrrrGGgg;37,000
J13;7,000;0,000;0,000;13,890;38,000;0,000;38,000;rrrrGGGgrrrrGGgg;37,000
J13;7,000;0,000;0,000;13,890;38,000;0,000;38,000;rrrrGGGgrrrrGGgg;37,000
J13;7,000;0,000;0,000;13,890;38,000;-33,000;5,000;rrrrGGGgrrrrGGgg;4,000
J13;7,000;0,000;0,000;13,890;38,000;-33,000;5,000;rrrrGGGgrrrrGGgg;4,000
J13;7,000;0,000;0,000;13,890;38,000;-33,000;5,000;rrrrGGGgrrrrGGgg;4,000
J13;7,000;0,000;0,000;13,890;38,000;-33,000;5,000;rrrrGGGgrrrrGGgg;4,000
J13;7,000;0,000;0,000;13,890;38,000;-33,000;5,000;rrrrGGGgrrrrGGgg;4,000
J13;7,000;0,000;0,000;13,890;38,000;-33,000;5,000;rrrrGGGgrrrrGGgg;4,000
J13;7,000;0,000;0,000;13,890;38,000;-33,000;5,000;rrrrGGGgrrrrGGgg;4,000
J13;7,000;0,000;0,000;13,890;38,000;-33,000;5,000;rrrrGGGgrrrrGGgg;4,000
J13;7,000;0,000;0,000;13,890;38,000;-33,000;5,000;rrrrGGGgrrrrGGgg;4,000
J13;7,000;0,000;0,000;13,890;38,000;-33,000;5,000;rrrrGGGgrrrrGGgg;4,000
J13;7,000;0,000;0,000;13,890;38,000;-33,000;5,000;rrrrGGGgrrrrGGgg;4,000
J13;7,000;0,000;0,000;13,890;38,000;-33,000;5,000;rrrrGGGgrrrrGGgg;4,000
J13;7,000;0,000;0,000;13,890;38,000;0,000;38,000;rrrrGGGgrrrrGGgg;38,000
J13;7,000;0,000;0,000;13,890;38,000;0,000;38,000;rrrrGGGgrrrrGGgg;38,000
J13;7,000;0,000;0,000;13,890;38,000;0,000;38,000;rrrrGGGgrrrrGGgg;38,000
J13;7,000;0,000;0,000;13,890;38,000;0,000;38,000;rrrrGGGgrrrrGGgg;38,000
J13;8,000;0,000;0,000;13,890;38,000;0,000;38,000;rrrrGGGgrrrrGGgg;37,000
J13;8,000;0,000;0,000;13,890;38,000;0,000;38,000;rrrrGGGgrrrrGGgg;37,000
J13;8,000;0,000;0,000;13,890;38,000;0,000;38,000;rrrrGGGgrrrrGGgg;37,000
J13;8,000;0,000;0,000;13,890;38,000;-33,000;5,000;rrrrGGGgrrrrGGgg;4,000
J13;8,000;0,000;0,000;13,890;38,000;-33,000;5,000;rrrrGGGgrrrrGGgg;4,000
J13;8,000;0,000;0,000;13,890;38,000;-33,000;5,000;rrrrGGGgrrrrGGgg;4,000
J13;8,000;0,000;0,000;13,890;38,000;-33,000;5,000;rrrrGGGgrrrrGGgg;4,000
J13;8,000;0,000;0,000;13,890;38,000;-33,000;5,000;rrrrGGGgrrrrGGgg;4,000
J13;8,000;0,000;0,000;13,890;38,000;-33,000;5,000;rrrrGGGgrrrrGGgg;4,000
J13;8,000;0,000;0,000;13,890;38,000;-33,000;5,000;rrrrGGGgrrrrGGgg;4,000
J13;8,000;0,000;0,000;13,890;38,000;-33,000;5,000;rrrrGGGgrrrrGGgg;4,000
J13;8,000;0,000;0,000;13,890;38,000;-33,000;5,000;rrrrGGGgrrrrGGgg;4,000
J13;8,000;0,000;0,000;13,890;38,000;-33,000;5,000;rrrrGGGgrrrrGGgg;4,000
J13;8,000;0,000;0,000;13,890;38,000;-33,000;5,000;rrrrGGGgrrrrGGgg;4,000
J13;8,000;0,000;0,000;13,890;38,000;0,000;38,000;rrrrGGGgrrrrGGgg;38,000
J13;8,000;0,000;0,000;13,890;38,000;0,000;38,000;rrrrGGGgrrrrGGgg;38,000
J13;8,000;0,000;0,000;13,890;38,000;0,000;38,000;rrrrGGGgrrrrGGgg;38,000
J13;9,000;0,000;0,000;13,890;38,000;0,000;38,000;rrrrGGGgrrrrGGgg;37,000
J13;9,000;0,000;0,000;13,890;38,000;0,000;38,000;rrrrGGGgrrrrGGgg;37,000
J13;9,000;0,000;0,000;13,890;38,000;0,000;38,000;rrrrGGGgrrrrGGgg;37,000
J13;9,000;0,000;0,000;13,890;38,000;-33,000;5,000;rrrrGGGgrrrrGGgg;4,000
J13;9,000;0,000;0,000;13,890;38,000;-33,000;5,000;rrrrGGGgrrrrGGgg;4,000
J13;9,000;0,000;0,000;13,890;38,000;-33,000;5,000;rrrrGGGgrrrrGGgg;4,000
J13;9,000;0,000;0,000;13,890;38,000;-33,000;5,000;rrrrGGGgrrrrGGgg;4,000
J13;9,000;0,000;0,000;13,890;38,000;-33,000;5,000;rrrrGGGgrrrrGGgg;4,000
J13;9,000;0,000;0,000;13,890;38,000;-33,000;5,000;rrrrGGGgrrrrGGgg;4,000
J13;9,000;0,000;0,000;13,890;38,000;-33,000;5,000;rrrrGGGgrrrrGGgg;4,000
J13;9,000;0,000;0,000;13,890;38,000;-33,000;5,000;rrrrGGGgrrrrGGgg;4,000
J13;9,000;0,000;0,000;13,890;38,000;0,000;38,000;rrrrGGGgrrrrGGgg;38,000
J13;9,000;0,000;0,000;13,890;38,000;0,000;38,000;rrrrGGGgrrrrGGgg;38,000
J13;10,000;0,000;0,000;13,890;38,000;0,000;38,000;rrrrGGGgrrrrGGgg;37,000
J13;10,000;0,000;0,000;13,890;38,000;0,000;38,000;rrrrGGGgrrrrGGgg;37,000
J13;10,000;0,000;0,000;13,890;38,000;0,000;38,000;rrrrGGGgrrrrGGgg;37,000
J13;10,000;0,000;0,000;13,890;38,000;-33,000;5,000;rrrrGGGgrrrrGGgg;4,000
J13;10,000;0,000;0,000;13,890;38,000;-33,000;5,000;rrrrGGGgrrrrGGgg;4,000
J13;10,000;0,000;0,000;13,890;38,000;-33,000;5,000;rrrrGGGgrrrrGGgg;4,000
J13;10,000;0,000;0,000;13,890;38,000;-33,000;5,000;rrrrGGGgrrrrGGgg;4,000
J13;10,000;0,000;0,000;13,890;38,000;-33,000;5,000;rrrrGGGgrrrrGGgg;4,000
J13;10,000;0,000;0,000;13,890;38,000;-33,000;5,000;rrrrGGGgrrrrGGgg;4,000
J13;10,000;0,000;0,000;13,890;38,000;-33,000;5,000;rrrrGGGgrrrrGGgg;4,000
J13;10,000;0,000;0,000;13,890;38,000;-33,000;5,000;rrrrGGGgrrrrGGgg;4,000
J13;10,000;0,000;0,000;13,890;38,000;-33,000;5,000;rrrrGGGgrrrrGGgg;4,000
J13;10,000;0,000;0,000;13,890;38,000;-33,000;5,000;rrrrGGGgrrrrGGgg;4,000
J13;10,000;0,000;0,000;13,890;38,000;-33,000;5,000;rrrrGGGgrrrrGGgg;4,000
J13;10,000;0,000;0,000;13,890;38,000;0,000;38,000;rrrrGGGgrrrrGGgg;38,000
J13;10,000;0,000;0,000;13,890;38,000;0,000;38,000;rrrrGGGgrrrrGGgg;38,000
J13;11,000;0,000;0,000;13,890;38,000;0,000;38,000;rrrrGGGgrrrrGGgg;37,000
J13;11,000;0,000;0,000;13,890;38,000;0,000;38,000;rrrrGGGgrrrrGGgg;37,000
J13;11,000;0,000;0,000;13,890;38,000;0,000;38,000;rrrrGGGgrrrrGGgg;37,000
J13;11,000;0,000;0,000;13,890;38,000;-33,000;5,000;rrrrGGGgrrrrGGgg;4,000
J13;11,000;0,000;0,000;13,890;38,000;-33,000;5,000;rrrrGGGgrrrrGGgg;4,000
J13;11,000;0,000;0,000;13,890;38,000;-33,000;5,000;rrrrGGGgrrrrGGgg;4,000
J13;11,000;0,000;0,000;13,890;38,000;-33,000;5,000;rrrrGGGgrrrrGGgg;4,000
J13;11,000;0,000;0,000;13,890;38,000;-33,000;5,000;rrrrGGGgrrrrGGgg;4,000
J13;11,000;0,000;0,000;13,890;38,000;-33,000;5,000;rrrrGGGgrrrrGGgg;4,000
J13;11,000;0,000;0,000;13,890;38,000;-33,000;5,000;rrrrGGGgrrrrGGgg;4,000
J13;11,000;0,000;0,000;13,890;38,000;-33,000;5,000;rrrrGGGgrrrrGGgg;4,000
J13;11,000;0,000;0,000;13,890;38,000;-33,000;5,000;rrrrGGGgrrrrGGgg;4,000
J13;11,000;0,000;0,000;13,890;38,000;0,000;38,000;rrrrGGGgrrrrGGgg;38,000
J13;11,000;0,000;0,000;13,890;38,000;0,000;38,000;rrrrGGGgrrrrGGgg;38,000
J13;11,000;0,000;0,000;13,890;38,000;0,000;38,000;rrrrGGGgrrrrGGgg;38,000
J13;12,000;0,000;0,000;13,890;38,000;0,000;38,000;rrrrGGGgrrrrGGgg;37,000
J13;12,000;0,000;0,000;13,890;38,000;0,000;38,000;rrrrGGGgrrrrGGgg;37,000
J13;12,000;0,000;0,000;13,890;38,000;0,000;38,000;rrrrGGGgrrrrGGgg;37,000
J13;12,000;0,000;0,000;13,890;38,000;-33,000;5,000;rrrrGGGgrrrrGGgg;4,000
J13;12,000;0,000;0,000;13,890;38,000;-33,000;5,000;rrrrGGGgrrrrGGgg;4,000
J13;12,000;0,000;0,000;13,890;38,000;-33,000;5,000;rrrrGGGgrrrrGGgg;4,000
J13;12,000;0,000;0,000;13,890;38,000;-33,000;5,000;rrrrGGGgrrrrGGgg;4,000
J13;12,000;0,000;0,000;13,890;38,000;-33,000;5,000;rrrrGGGgrrrrGGgg;4,000
J13;12,000;0,000;0,000;13,890;38,000;-33,000;5,000;rrrrGGGgrrrrGGgg;4,000
J13;12,000;0,000;0,000;13,890;38,000;-33,000;5,000;rrrrGGGgrrrrGGgg;4,000
J13;12,000;0,000;0,000;13,890;38,000;-33,000;5,000;rrrrGGGgrrrrGGgg;4,000
J13;12,000;0,000;0,000;13,890;38,000;-33,000;5,000;rrrrGGGgrrrrGGgg;4,000
J13;12,000;0,000;0,000;13,890;38,000;-33,000;5,000;rrrrGGGgrrrrGGgg;4,000
J13;12,000;0,000;0,000;13,890;38,000;-33,000;5,000;rrrrGGGgrrrrGGgg;4,000
J13;12,000;0,000;0,000;13,890;38,000;0,000;38,000;rrrrGGGgrrrrGGgg;38,000
J13;12,000;0,000;0,000;13,890;38,000;0,000;38,000;rrrrGGGgrrrrGGgg;38,000
J13;12,000;0,000;0,000;13,890;38,000;0,000;38,000;rrrrGGGgrrrrGGgg;38,000
J13;13,000;0,000;0,000;13,890;38,000;0,000;38,000;rrrrGGGgrrrrGGgg;37,000
J13;13,000;0,000;0,000;13,890;38,000;0,000;38,000;rrrrGGGgrrrrGGgg;37,000
J13;13,000;0,000;0,000;13,890;38,000;0,000;38,000;rrrrGGGgrrrrGGgg;37,000
J13;13,000;0,000;0,000;13,890;38,000;0,000;38,000;rrrrGGGgrrrrGGgg;37,000
J13;13,000;0,000;0,000;13,890;38,000;-33,000;5,000;rrrrGGGgrrrrGGgg;4,000
J13;13,000;0,000;0,000;13,890;38,000;-33,000;5,000;rrrrGGGgrrrrGGgg;4,000
J13;13,000;0,000;0,000;13,890;38,000;-33,000;5,000;rrrrGGGgrrrrGGgg;4,000
J13;13,000;0,000;0,000;13,890;38,000;-33,000;5,000;rrrrGGGgrrrrGGgg;4,000
J13;13,000;0,000;0,000;13,890;38,000;-33,000;5,000;rrrrGGGgrrrrGGgg;4,000
J13;13,000;0,000;0,000;13,890;38,000;-33,000;5,000;rrrrGGGgrrrrGGgg;4,000
J13;13,000;0,000;0,000;13,890;38,000;-33,000;5,000;rrrrGGGgrrrrGGgg;4,000
J13;13,000;0,000;0,000;13,890;38,000;-33,000;5,000;rrrrGGGgrrrrGGgg;4,000
J13;13,000;0,000;0,000;13,890;38,000;-33,000;5,000;rrrrGGGgrrrrGGgg;4,000
J13;13,000;0,000;0,000;13,890;38,000;-33,000;5,000;rrrrGGGgrrrrGGgg;4,000
J13;13,000;0,000;0,000;13,890;38,000;0,000;38,000;rrrrGGGgrrrrGGgg;38,000
J13;13,000;0,000;0,000;13,890;38,000;0,000;38,000;rrrrGGGgrrrrGGgg;38,000
J13;14,000;0,000;0,000;13,890;38,000;0,000;38,000;rrrrGGGgrrrrGGgg;37,000
J13;14,000;0,000;0,000;13,890;38,000;0,000;38,000;rrrrGGGgrrrrGGgg;37,000
J13;14,000;0,000;0,000;13,890;38,000;0,000;38,000;rrrrGGGgrrrrGGgg;37,000
J13;14,000;0,000;0,000;13,890;38,000;0,000;38,000;rrrrGGGgrrrrGGgg;37,000
J13;14,000;0,000;0,000;13,890;38,000;-33,000;5,000;rrrrGGGgrrrrGGgg;4,000
J13;14,000;0,000;0,000;13,890;38,000;-33,000;5,000;rrrrGGGgrrrrGGgg;4,000
J13;14,000;0,000;0,000;13,890;38,000;-33,000;5,000;rrrrGGGgrrrrGGgg;4,000
J13;14,000;0,000;0,000;13,890;38,000;-33,000;5,000;rrrrGGGgrrrrGGgg;4,000
J13;14,000;0,000;0,000;13,890;38,000;-33,000;5,000;rrrrGGGgrrrrGGgg;4,000
J13;14,000;0,000;0,000;13,890;38,000;-33,000;5,000;rrrrGGGgrrrrGGgg;4,000
J13;14,000;0,000;0,000;13,890;38,000;-33,000;5,000;rrrrGGGgrrrrGGgg;4,000
J13;14,000;0,000;0,000;13,890;38,000;-33,000;5,000;rrrrGGGgrrrrGGgg;4,000
J13;14,000;0,000;0,000;13,890;38,000;-33,000;5,000;rrrrGGGgrrrrGGgg;4,000
J13;14,000;0,000;0,000;13,890;38,000;0,000;38,000;rrrrGGGgrrrrGGgg;38,000
J13;14,000;0,000;0,000;13,890;38,000;0,000;38,000;rrrrGGGgrrrrGGgg;38,000
J13;15,000;0,000;0,000;13,890;38,000;0,000;38,000;rrrrGGGgrrrrGGgg;37,000
J13;15,000;0,000;0,000;13,890;38,000;0,000;38,000;rrrrGGGgrrrrGGgg;37,000
J13;15,000;0,000;0,000;13,890;38,000;0,000;38,000;rrrrGGGgrrrrGGgg;37,000
J13;15,000;0,000;0,000;13,890;38,000;-33,000;5,000;rrrrGGGgrrrrGGgg;4,000
J13;15,000;0,000;0,000;13,890;38,000;-33,000;5,000;rrrrGGGgrrrrGGgg;4,000
J13;15,000;0,000;0,000;13,890;38,000;-33,000;5,000;rrrrGGGgrrrrGGgg;4,000
J13;15,000;0,000;0,000;13,890;38,000;-33,000;5,000;rrrrGGGgrrrrGGgg;4,000
J13;15,000;0,000;0,000;13,890;38,000;-33,000;5,000;rrrrGGGgrrrrGGgg;4,000
J13;15,000;0,000;0,000;13,890;38,000;-33,000;5,000;rrrrGGGgrrrrGGgg;4,000
J13;15,000;0,000;0,000;13,890;38,000;-33,000;5,000;rrrrGGGgrrrrGGgg;4,000
J13;15,000;0,000;0,000;13,890;38,000;-33,000;5,000;rrrrGGGgrrrrGGgg;4,000
J13;15,000;0,000;0,000;13,890;38,000;-33,000;5,000;rrrrGGGgrrrrGGgg;4,000
J13;15,000;0,000;0,000;13,890;38,000;-33,000;5,000;rrrrGGGgrrrrGGgg;4,000
J13;15,000;0,000;0,000;13,890;38,000;-33,000;5,000;rrrrGGGgrrrrGGgg;4,000
J13;15,000;0,000;0,000;13,890;38,000;0,000;38,000;rrrrGGGgrrrrGGgg;38,000
J13;15,000;0,000;0,000;13,890;38,000;0,000;38,000;rrrrGGGgrrrrGGgg;38,000
J13;16,000;0,000;0,000;13,573;38,000;0,000;38,000;rrrrGGGgrrrrGGgg;37,000
J13;16,000;0,000;0,000;13,573;38,000;0,000;38,000;rrrrGGGgrrrrGGgg;37,000
J13;16,000;0,000;0,000;13,573;38,000;0,000;38,000;rrrrGGGgrrrrGGgg;37,000
J13;16,000;0,000;0,000;13,573;38,000;-33,000;5,000;rrrrGGGgrrrrGGgg;4,000
J13;16,000;0,000;0,000;13,573;38,000;-33,000;5,000;rrrrGGGgrrrrGGgg;4,000
J13;16,000;0,000;0,000;13,573;38,000;-33,000;5,000;rrrrGGGgrrrrGGgg;4,000
J13;16,000;0,000;0,000;13,573;38,000;-33,000;5,000;rrrrGGGgrrrrGGgg;4,000
J13;16,000;0,000;0,000;13,573;38,000;-33,000;5,000;rrrrGGGgrrrrGGgg;4,000
J13;16,000;0,000;0,000;13,573;38,000;-33,000;5,000;rrrrGGGgrrrrGGgg;4,000
J13;16,000;0,000;0,000;13,573;38,000;-33,000;5,000;rrrrGGGgrrrrGGgg;4,000
J13;16,000;0,000;0,000;13,573;38,000;-33,000;5,000;rrrrGGGgrrrrGGgg;4,000
J13;16,000;0,000;0,000;13,573;38,000;0,000;38,000;rrrrGGGgrrrrGGgg;38,000
J13;16,000;0,000;0,000;13,573;38,000;0,000;38,000;rrrrGGGgrrrrGGgg;38,000
J13;16,000;0,000;0,000;13,573;38,000;0,000;38,000;rrrrGGGgrrrrGGgg;38,000
J13;17,000;0,000;0,000;13,820;38,000;0,000;38,000;rrrrGGGgrrrrGGgg;37,000
J13;17,000;0,000;0,000;13,820;38,000;0,000;38,000;rrrrGGGgrrrrGGgg;37,000
J13;17,000;0,000;0,000;13,820;38,000;0,000;38,000;rrrrGGGgrrrrGGgg;37,000
J13;17,000;0,000;0,000;13,820;38,000;-33,000;5,000;rrrrGGGgrrrrGGgg;4,000
J13;17,000;0,000;0,000;13,820;38,000;-33,000;5,000;rrrrGGGgrrrrGGgg;4,000
J13;17,000;0,000;0,000;13,820;38,000;-33,000;5,000;rrrrGGGgrrrrGGgg;4,000
J13;17,000;0,000;0,000;13,820;38,000;-33,000;5,000;rrrrGGGgrrrrGGgg;4,000
J13;17,000;0,000;0,000;13,820;38,000;-33,000;5,000;rrrrGGGgrrrrGGgg;4,000
J13;17,000;0,000;0,000;13,820;38,000;-33,000;5,000;rrrrGGGgrrrrGGgg;4,000
J13;17,000;0,000;0,000;13,820;38,000;-33,000;5,000;rrrrGGGgrrrrGGgg;4,000
J13;17,000;0,000;0,000;13,820;38,000;-33,000;5,000;rrrrGGGgrrrrGGgg;4,000
J13;17,000;0,000;0,000;13,820;38,000;-33,000;5,000;rrrrGGGgrrrrGGgg;4,000
J13;17,000;0,000;0,000;13,820;38,000;-33,000;5,000;rrrrGGGgrrrrGGgg;4,000
J13;17,000;0,000;0,000;13,820;38,000;-33,000;5,000;rrrrGGGgrrrrGGgg;4,000
J13;17,000;0,000;0,000;13,820;38,000;-33,000;5,000;rrrrGGGgrrrrGGgg;4,000
J13;17,000;0,000;0,000;13,820;38,000;0,000;38,000;rrrrGGGgrrrrGGgg;38,000
J13;17,000;0,000;0,000;13,820;38,000;0,000;38,000;rrrrGGGgrrrrGGgg;38,000
J13;18,000;0,000;0,000;13,489;38,000;0,000;38,000;rrrrGGGgrrrrGGgg;37,000
J13;18,000;0,000;0,000;13,489;38,000;0,000;38,000;rrrrGGGgrrrrGGgg;37,000
J13;18,000;0,000;0,000;13,489;38,000;0,000;38,000;rrrrGGGgrrrrGGgg;37,000
J13;18,000;0,000;0,000;13,489;38,000;-33,000;5,000;rrrrGGGgrrrrGGgg;4,000
J13;18,000;0,000;0,000;13,489;38,000;-33,000;5,000;rrrrGGGgrrrrGGgg;4,000
J13;18,000;0,000;0,000;13,489;38,000;-33,000;5,000;rrrrGGGgrrrrGGgg;4,000
J13;18,000;0,000;0,000;13,489;38,000;-33,000;5,000;rrrrGGGgrrrrGGgg;4,000
J13;18,000;0,000;0,000;13,489;38,000;-33,000;5,000;rrrrGGGgrrrrGGgg;4,000
J13;18,000;0,000;0,000;13,489;38,000;-33,000;5,000;rrrrGGGgrrrrGGgg;4,000
J13;18,000;0,000;0,000;13,489;38,000;-33,000;5,000;rrrrGGGgrrrrGGgg;4,000
J13;18,000;0,000;0,000;13,489;38,000;-33,000;5,000;rrrrGGGgrrrrGGgg;4,000
J13;18,000;0,000;0,000;13,489;38,000;-33,000;5,000;rrrrGGGgrrrrGGgg;4,000
J13;18,000;0,000;0,000;13,489;38,000;-33,000;5,000;rrrrGGGgrrrrGGgg;4,000
J13;18,000;0,000;0,000;13,489;38,000;-33,000;5,000;rrrrGGGgrrrrGGgg;4,000
J13;18,000;0,000;0,000;13,489;38,000;0,000;38,000;rrrrGGGgrrrrGGgg;38,000
J13;18,000;0,000;0,000;13,489;38,000;0,000;38,000;rrrrGGGgrrrrGGgg;38,000
J13;18,000;0,000;0,000;12,938;38,000;0,000;38,000;rrrrGGGgrrrrGGgg;38,000
J13;19,000;0,000;0,000;12,938;38,000;0,000;38,000;rrrrGGGgrrrrGGgg;37,000
J13;19,000;0,000;0,000;12,938;38,000;0,000;38,000;rrrrGGGgrrrrGGgg;37,000
J13;19,000;0,000;0,000;12,938;38,000;-33,000;5,000;rrrrGGGgrrrrGGgg;4,000
J13;19,000;0,000;0,000;12,938;38,000;-33,000;5,000;rrrrGGGgrrrrGGgg;4,000
J13;19,000;0,000;0,000;12,938;38,000;-33,000;5,000;rrrrGGGgrrrrGGgg;4,000
J13;19,000;0,000;0,000;12,938;38,000;-33,000;5,000;rrrrGGGgrrrrGGgg;4,000
J13;19,000;0,000;0,000;12,938;38,000;-33,000;5,000;rrrrGGGgrrrrGGgg;4,000
J13;19,000;0,000;0,000;12,938;38,000;-33,000;5,000;rrrrGGGgrrrrGGgg;4,000
J13;19,000;0,000;0,000;12,938;38,000;-33,000;5,000;rrrrGGGgrrrrGGgg;4,000
J13;19,000;0,000;0,000;12,938;38,000;-33,000;5,000;rrrrGGGgrrrrGGgg;4,000
J13;19,000;0,000;0,000;12,938;38,000;-33,000;5,000;rrrrGGGgrrrrGGgg;4,000
J13;19,000;0,000;0,000;12,938;38,000;-33,000;5,000;rrrrGGGgrrrrGGgg;4,000
J13;19,000;0,000;0,000;12,938;37,000;0,000;37,000;GGGgrrrrGGGgrrrr;37,000
J13;19,000;0,000;0,000;12,938;37,000;0,000;37,000;GGGgrrrrGGGgrrrr;37,000
J13;19,000;0,000;0,000;12,938;37,000;0,000;37,000;GGGgrrrrGGGgrrrr;37,000
J13;20,000;0,000;0,000;13,890;37,000;0,000;37,000;GGGgrrrrGGGgrrrr;36,000
J13;20,000;0,000;0,000;13,890;37,000;0,000;37,000;GGGgrrrrGGGgrrrr;36,000
J13;20,000;0,000;0,000;13,890;37,000;0,000;37,000;GGGgrrrrGGGgrrrr;36,000
J13;20,000;0,000;0,000;13,890;37,000;-32,000;5,000;GGGgrrrrGGGgrrrr;4,000
J13;20,000;0,000;0,000;13,890;37,000;-32,000;5,000;GGGgrrrrGGGgrrrr;4,000
J13;20,000;0,000;0,000;13,890;37,000;-32,000;5,000;GGGgrrrrGGGgrrrr;4,000
J13;20,000;0,000;0,000;13,890;37,000;-32,000;5,000;GGGgrrrrGGGgrrrr;4,000
J13;20,000;0,000;0,000;13,890;37,000;-32,000;5,000;GGGgrrrrGGGgrrrr;4,000
J13;20,000;0,000;0,000;13,890;37,000;-32,000;5,000;GGGgrrrrGGGgrrrr;4,000
J13;20,000;0,000;0,000;13,890;37,000;-32,000;5,000;GGGgrrrrGGGgrrrr;4,000
J13;20,000;0,000;0,000;13,890;37,000;-32,000;5,000;GGGgrrrrGGGgrrrr;4,000
J13;20,000;0,000;0,000;13,890;37,000;-32,000;5,000;GGGgrrrrGGGgrrrr;4,000
J13;20,000;0,000;0,000;13,890;37,000;-32,000;5,000;GGGgrrrrGGGgrrrr;4,000
J13;20,000;0,000;0,000;13,890;37,000;-32,000;5,000;GGGgrrrrGGGgrrrr;4,000
J13;20,000;0,000;0,000;13,890;3,000;3,000;6,000;yyyyrrrryyyyrrrr;5,000
J13;20,000;0,000;0,000;13,890;3,000;3,000;6,000;yyyyrrrryyyyrrrr;5,000
J13;21,000;0,000;0,000;13,890;3,000;3,000;6,000;yyyyrrrryyyyrrrr;4,000
J13;21,000;0,000;0,000;13,890;3,000;3,000;6,000;yyyyrrrryyyyrrrr;4,000
J13;21,000;0,000;0,000;13,890;3,000;3,000;6,000;yyyyrrrryyyyrrrr;4,000
J13;21,000;0,000;0,000;13,890;3,000;3,000;6,000;yyyyrrrryyyyrrrr;4,000
J13;21,000;0,000;0,000;13,890;3,000;3,000;6,000;yyyyrrrryyyyrrrr;4,000
J13;21,000;0,000;0,000;13,890;3,000;3,000;6,000;yyyyrrrryyyyrrrr;4,000
J13;21,000;0,000;0,000;13,890;3,000;3,000;6,000;yyyyrrrryyyyrrrr;4,000
J13;21,000;0,000;0,000;13,890;3,000;3,000;6,000;yyyyrrrryyyyrrrr;4,000
J13;21,000;0,000;0,000;13,890;3,000;3,000;6,000;yyyyrrrryyyyrrrr;4,000
J13;21,000;0,000;0,000;13,890;3,000;3,000;6,000;yyyyrrrryyyyrrrr;4,000
J13;21,000;0,000;0,000;13,890;3,000;3,000;6,000;yyyyrrrryyyyrrrr;4,000
J13;21,000;0,000;0,000;13,890;3,000;3,000;6,000;yyyyrrrryyyyrrrr;4,000
J13;21,000;0,000;0,000;13,890;3,000;3,000;6,000;yyyyrrrryyyyrrrr;4,000
J13;21,000;0,000;0,000;13,890;3,000;3,000;6,000;yyyyrrrryyyyrrrr;4,000
J13;21,000;0,000;0,000;13,890;38,000;0,000;38,000;rrrrGGGgrrrrGGgg;38,000
J13;21,000;0,000;0,000;13,890;38,000;0,000;38,000;rrrrGGGgrrrrGGgg;38,000
J13;21,000;0,000;0,000;13,890;38,000;0,000;38,000;rrrrGGGgrrrrGGgg;38,000
J13;22,000;0,000;0,000;13,890;38,000;0,000;38,000;rrrrGGGgrrrrGGgg;37,000
J13;22,000;0,000;0,000;13,890;38,000;0,000;38,000;rrrrGGGgrrrrGGgg;37,000
J13;22,000;0,000;0,000;13,890;38,000;0,000;38,000;rrrrGGGgrrrrGGgg;37,000
J13;22,000;0,000;0,000;13,890;38,000;-33,000;5,000;rrrrGGGgrrrrGGgg;4,000
J13;22,000;0,000;0,000;13,890;38,000;-33,000;5,000;rrrrGGGgrrrrGGgg;4,000
J13;22,000;0,000;0,000;13,890;38,000;-33,000;5,000;rrrrGGGgrrrrGGgg;4,000
J13;22,000;0,000;0,000;13,890;38,000;-33,000;5,000;rrrrGGGgrrrrGGgg;4,000
J13;22,000;0,000;0,000;13,890;38,000;-33,000;5,000;rrrrGGGgrrrrGGgg;4,000
J13;22,000;0,000;0,000;13,890;38,000;-33,000;5,000;rrrrGGGgrrrrGGgg;4,000
J13;22,000;0,000;0,000;13,890;38,000;-33,000;5,000;rrrrGGGgrrrrGGgg;4,000
J13;22,000;0,000;0,000;13,890;38,000;-33,000;5,000;rrrrGGGgrrrrGGgg;4,000
J13;22,000;0,000;0,000;13,890;38,000;-33,000;5,000;rrrrGGGgrrrrGGgg;4,000
J13;22,000;0,000;0,000;13,890;38,000;0,000;38,000;rrrrGGGgrrrrGGgg;38,000
J13;22,000;0,000;0,000;13,890;38,000;0,000;38,000;rrrrGGGgrrrrGGgg;38,000
J13;23,000;0,000;0,000;13,890;38,000;0,000;38,000;rrrrGGGgrrrrGGgg;37,000
J13;23,000;0,000;0,000;13,890;38,000;0,000;38,000;rrrrGGGgrrrrGGgg;37,000
J13;23,000;0,000;0,000;13,890;38,000;0,000;38,000;rrrrGGGgrrrrGGgg;37,000
J13;23,000;0,000;0,000;13,890;38,000;-33,000;5,000;rrrrGGGgrrrrGGgg;4,000
J13;23,000;0,000;0,000;13,890;38,000;-33,000;5,000;rrrrGGGgrrrrGGgg;4,000
J13;23,000;0,000;0,000;13,890;38,000;-33,000;5,000;rrrrGGGgrrrrGGgg;4,000
J13;23,000;0,000;0,000;13,890;38,000;-33,000;5,000;rrrrGGGgrrrrGGgg;4,000
J13;23,000;0,000;0,000;13,890;38,000;-33,000;5,000;rrrrGGGgrrrrGGgg;4,000
J13;23,000;0,000;0,000;13,890;38,000;-33,000;5,000;rrrrGGGgrrrrGGgg;4,000
J13;23,000;0,000;0,000;13,890;38,000;-33,000;5,000;rrrrGGGgrrrrGGgg;4,000
J13;23,000;0,000;0,000;13,890;38,000;-33,000;5,000;rrrrGGGgrrrrGGgg;4,000
J13;23,000;0,000;0,000;13,890;38,000;-33,000;5,000;rrrrGGGgrrrrGGgg;4,000
J13;23,000;0,000;0,000;13,890;38,000;0,000;38,000;rrrrGGGgrrrrGGgg;38,000
J13;23,000;0,000;0,000;13,890;38,000;0,000;38,000;rrrrGGGgrrrrGGgg;38,000
J13;24,000;0,000;0,000;13,890;38,000;0,000;38,000;rrrrGGGgrrrrGGgg;37,000
J13;24,000;0,000;0,000;13,890;38,000;0,000;38,000;rrrrGGGgrrrrGGgg;37,000
J13;24,000;0,000;0,000;13,890;38,000;0,000;38,000;rrrrGGGgrrrrGGgg;37,000
J13;24,000;0,000;0,000;13,890;38,000;0,000;38,000;rrrrGGGgrrrrGGgg;37,000
J13;24,000;0,000;0,000;13,890;38,000;-33,000;5,000;rrrrGGGgrrrrGGgg;4,000
J13;24,000;0,000;0,000;13,890;38,000;-33,000;5,000;rrrrGGGgrrrrGGgg;4,000
J13;24,000;0,000;0,000;13,890;38,000;-33,000;5,000;rrrrGGGgrrrrGGgg;4,000
J13;24,000;0,000;0,000;13,890;38,000;-33,000;5,000;rrrrGGGgrrrrGGgg;4,000
J13;24,000;0,000;0,000;13,890;38,000;0,000;38,000;rrrrGGGgrrrrGGgg;38,000
J13;24,000;0,000;0,000;13,890;38,000;0,000;38,000;rrrrGGGgrrrrGGgg;38,000
J13;24,000;0,000;0,000;13,890;38,000;0,000;38,000;rrrrGGGgrrrrGGgg;38,000
J13;25,000;0,000;0,000;13,890;38,000;0,000;38,000;rrrrGGGgrrrrGGgg;37,000
J13;25,000;0,000;0,000;13,890;38,000;0,000;38,000;rrrrGGGgrrrrGGgg;37,000
J13;25,000;0,000;0,000;13,890;38,000;0,000;38,000;rrrrGGGgrrrrGGgg;37,000
J13;25,000;0,000;0,000;13,890;38,000;-33,000;5,000;rrrrGGGgrrrrGGgg;4,000
J13;25,000;0,000;0,000;13,890;38,000;-33,000;5,000;rrrrGGGgrrrrGGgg;4,000
J13;25,000;0,000;0,000;13,890;38,000;-33,000;5,000;rrrrGGGgrrrrGGgg;4,000
J13;25,000;0,000;0,000;13,890;38,000;-33,000;5,000;rrrrGGGgrrrrGGgg;4,000
J13;25,000;0,000;0,000;13,890;38,000;-33,000;5,000;rrrrGGGgrrrrGGgg;4,000
J13;25,000;0,000;0,000;13,890;38,000;-33,000;5,000;rrrrGGGgrrrrGGgg;4,000
J13;25,000;0,000;0,000;13,890;38,000;-33,000;5,000;rrrrGGGgrrrrGGgg;4,000
J13;25,000;0,000;0,000;13,890;38,000;-33,000;5,000;rrrrGGGgrrrrGGgg;4,000
J13;25,000;0,000;0,000;13,890;38,000;-33,000;5,000;rrrrGGGgrrrrGGgg;4,000
J13;25,000;0,000;0,000;13,890;38,000;-33,000;5,000;rrrrGGGgrrrrGGgg;4,000
J13;25,000;0,000;0,000;13,890;38,000;0,000;38,000;rrrrGGGgrrrrGGgg;38,000
J13;25,000;0,000;0,000;13,890;38,000;0,000;38,000;rrrrGGGgrrrrGGgg;38,000
J13;26,000;0,000;0,000;13,890;38,000;0,000;38,000;rrrrGGGgrrrrGGgg;37,000
J13;26,000;0,000;0,000;13,890;38,000;0,000;38,000;rrrrGGGgrrrrGGgg;37,000
J13;26,000;0,000;0,000;13,890;38,000;0,000;38,000;rrrrGGGgrrrrGGgg;37,000
J13;26,000;0,000;0,000;13,890;38,000;-33,000;5,000;rrrrGGGgrrrrGGgg;4,000
J13;26,000;0,000;0,000;13,890;38,000;-33,000;5,000;rrrrGGGgrrrrGGgg;4,000
J13;26,000;0,000;0,000;13,890;38,000;-33,000;5,000;rrrrGGGgrrrrGGgg;4,000
J13;26,000;0,000;0,000;13,890;38,000;-33,000;5,000;rrrrGGGgrrrrGGgg;4,000
J13;26,000;0,000;0,000;13,890;38,000;-33,000;5,000;rrrrGGGgrrrrGGgg;4,000
J13;26,000;0,000;0,000;13,890;38,000;-33,000;5,000;rrrrGGGgrrrrGGgg;4,000
J13;26,000;0,000;0,000;13,890;38,000;-33,000;5,000;rrrrGGGgrrrrGGgg;4,000
J13;26,000;0,000;0,000;13,890;38,000;-33,000;5,000;rrrrGGGgrrrrGGgg;4,000
J13;26,000;0,000;0,000;13,890;38,000;-33,000;5,000;rrrrGGGgrrrrGGgg;4,000
J13;26,000;0,000;0,000;13,890;38,000;-33,000;5,000;rrrrGGGgrrrrGGgg;4,000
J13;26,000;0,000;0,000;13,890;38,000;-33,000;5,000;rrrrGGGgrrrrGGgg;4,000
J13;26,000;0,000;0,000;13,890;38,000;0,000;38,000;rrrrGGGgrrrrGGgg;38,000
J13;26,000;0,000;0,000;13,890;38,000;0,000;38,000;rrrrGGGgrrrrGGgg;38,000
J13;27,000;0,000;0,000;13,890;38,000;0,000;38,000;rrrrGGGgrrrrGGgg;37,000
J13;27,000;0,000;0,000;13,890;38,000;0,000;38,000;rrrrGGGgrrrrGGgg;37,000
J13;27,000;0,000;0,000;13,890;38,000;0,000;38,000;rrrrGGGgrrrrGGgg;37,000
J13;27,000;0,000;0,000;13,890;38,000;-33,000;5,000;rrrrGGGgrrrrGGgg;4,000
J13;27,000;0,000;0,000;13,890;38,000;-33,000;5,000;rrrrGGGgrrrrGGgg;4,000
J13;27,000;0,000;0,000;13,890;38,000;-33,000;5,000;rrrrGGGgrrrrGGgg;4,000
J13;27,000;0,000;0,000;13,890;38,000;-33,000;5,000;rrrrGGGgrrrrGGgg;4,000
J13;27,000;0,000;0,000;13,890;38,000;-33,000;5,000;rrrrGGGgrrrrGGgg;4,000
J13;27,000;0,000;0,000;13,890;38,000;-33,000;5,000;rrrrGGGgrrrrGGgg;4,000
J13;27,000;0,000;0,000;13,890;38,000;-33,000;5,000;rrrrGGGgrrrrGGgg;4,000
J13;27,000;0,000;0,000;13,890;38,000;-33,000;5,000;rrrrGGGgrrrrGGgg;4,000
J13;27,000;0,000;0,000;13,890;38,000;-33,000;5,000;rrrrGGGgrrrrGGgg;4,000
J13;27,000;0,000;0,000;13,890;38,000;-33,000;5,000;rrrrGGGgrrrrGGgg;4,000
J13;27,000;0,000;0,000;13,890;38,000;-33,000;5,000;rrrrGGGgrrrrGGgg;4,000
J13;27,000;0,000;0,000;13,890;38,000;0,000;38,000;rrrrGGGgrrrrGGgg;38,000
J13;27,000;0,000;0,000;13,890;38,000;0,000;38,000;rrrrGGGgrrrrGGgg;38,000
J13;28,000;0,000;0,000;13,890;38,000;0,000;38,000;rrrrGGGgrrrrGGgg;37,000
J13;28,000;0,000;0,000;13,890;38,000;0,000;38,000;rrrrGGGgrrrrGGgg;37,000
J13;28,000;0,000;0,000;13,890;38,000;-33,000;5,000;rrrrGGGgrrrrGGgg;4,000
J13;28,000;0,000;0,000;13,890;38,000;-33,000;5,000;rrrrGGGgrrrrGGgg;4,000
J13;28,000;0,000;0,000;13,890;38,000;-33,000;5,000;rrrrGGGgrrrrGGgg;4,000
J13;28,000;0,000;0,000;13,890;38,000;-33,000;5,000;rrrrGGGgrrrrGGgg;4,000
J13;28,000;0,000;0,000;13,890;38,000;-33,000;5,000;rrrrGGGgrrrrGGgg;4,000
J13;28,000;0,000;0,000;13,890;38,000;-33,000;5,000;rrrrGGGgrrrrGGgg;4,000
J13;28,000;0,000;0,000;13,890;38,000;-33,000;5,000;rrrrGGGgrrrrGGgg;4,000
J13;28,000;0,000;0,000;13,890;38,000;-33,000;5,000;rrrrGGGgrrrrGGgg;4,000
J13;28,000;0,000;0,000;13,890;38,000;-33,000;5,000;rrrrGGGgrrrrGGgg;4,000
J13;28,000;0,000;0,000;13,890;38,000;-33,000;5,000;rrrrGGGgrrrrGGgg;4,000
J13;28,000;0,000;0,000;13,890;38,000;0,000;38,000;rrrrGGGgrrrrGGgg;38,000
J13;28,000;0,000;0,000;13,890;38,000;0,000;38,000;rrrrGGGgrrrrGGgg;38,000
J13;28,000;0,000;0,000;13,890;38,000;0,000;38,000;rrrrGGGgrrrrGGgg;38,000
J13;28,000;0,000;0,000;13,890;38,000;0,000;38,000;rrrrGGGgrrrrGGgg;38,000
J13;29,000;0,000;0,000;13,890;38,000;0,000;38,000;rrrrGGGgrrrrGGgg;37,000
J13;29,000;0,000;0,000;13,890;38,000;0,000;38,000;rrrrGGGgrrrrGGgg;37,000
J13;29,000;0,000;0,000;13,890;38,000;-33,000;5,000;rrrrGGGgrrrrGGgg;4,000
J13;29,000;0,000;0,000;13,890;38,000;-33,000;5,000;rrrrGGGgrrrrGGgg;4,000
J13;29,000;0,000;0,000;13,890;38,000;-33,000;5,000;rrrrGGGgrrrrGGgg;4,000
J13;29,000;0,000;0,000;13,890;38,000;-33,000;5,000;rrrrGGGgrrrrGGgg;4,000
J13;29,000;0,000;0,000;13,890;38,000;-33,000;5,000;rrrrGGGgrrrrGGgg;4,000
J13;29,000;0,000;0,000;13,890;38,000;-33,000;5,000;rrrrGGGgrrrrGGgg;4,000
J13;29,000;0,000;0,000;13,890;38,000;-33,000;5,000;rrrrGGGgrrrrGGgg;4,000
J13;29,000;0,000;0,000;13,890;38,000;-33,000;5,000;rrrrGGGgrrrrGGgg;4,000
J13;29,000;0,000;0,000;13,890;38,000;-28,000;10,000;rrrrGGGgrrrrGGgg;10,000
J13;29,000;0,000;0,000;13,890;38,000;-28,000;10,000;rrrrGGGgrrrrGGgg;10,000
J13;29,000;0,000;0,000;13,890;38,000;-28,000;10,000;rrrrGGGgrrrrGGgg;10,000
J13;30,000;0,000;0,000;13,890;38,000;-28,000;10,000;rrrrGGGgrrrrGGgg;9,000
J13;30,000;0,000;0,000;13,890;38,000;-28,000;10,000;rrrrGGGgrrrrGGgg;9,000
J13;30,000;0,000;0,000;13,890;38,000;-33,000;5,000;rrrrGGGgrrrrGGgg;4,000
J13;30,000;0,000;0,000;13,890;38,000;-33,000;5,000;rrrrGGGgrrrrGGgg;4,000
J13;30,000;0,000;0,000;13,890;38,000;-33,000;5,000;rrrrGGGgrrrrGGgg;4,000
J13;30,000;0,000;0,000;13,890;38,000;-33,000;5,000;rrrrGGGgrrrrGGgg;4,000
J13;30,000;0,000;0,000;13,890;38,000;-33,000;5,000;rrrrGGGgrrrrGGgg;4,000
J13;30,000;0,000;0,000;13,890;38,000;-33,000;5,000;rrrrGGGgrrrrGGgg;4,000
J13;30,000;0,000;0,000;13,890;38,000;-33,000;5,000;rrrrGGGgrrrrGGgg;4,000
J13;30,000;0,000;0,000;13,890;38,000;-33,000;5,000;rrrrGGGgrrrrGGgg;4,000
J13;30,000;0,000;0,000;13,890;38,000;-28,000;10,000;rrrrGGGgrrrrGGgg;10,000
J13;30,000;0,000;0,000;13,890;38,000;-28,000;10,000;rrrrGGGgrrrrGGgg;10,000
J13;31,000;0,000;0,000;13,890;38,000;-28,000;10,000;rrrrGGGgrrrrGGgg;9,000
J13;31,000;0,000;0,000;13,890;38,000;-28,000;10,000;rrrrGGGgrrrrGGgg;9,000
J13;31,000;0,000;0,000;13,890;38,000;-28,000;10,000;rrrrGGGgrrrrGGgg;9,000
J13;31,000;0,000;0,000;13,890;38,000;-33,000;5,000;rrrrGGGgrrrrGGgg;4,000
J13;31,000;0,000;0,000;13,890;38,000;-33,000;5,000;rrrrGGGgrrrrGGgg;4,000
J13;31,000;0,000;0,000;13,890;38,000;-33,000;5,000;rrrrGGGgrrrrGGgg;4,000
J13;31,000;0,000;0,000;13,890;38,000;-33,000;5,000;rrrrGGGgrrrrGGgg;4,000
J13;31,000;0,000;0,000;13,890;38,000;-33,000;5,000;rrrrGGGgrrrrGGgg;4,000
J13;31,000;0,000;0,000;13,890;38,000;-33,000;5,000;rrrrGGGgrrrrGGgg;4,000
J13;31,000;0,000;0,000;13,890;38,000;-33,000;5,000;rrrrGGGgrrrrGGgg;4,000
J13;31,000;0,000;0,000;13,890;38,000;0,000;38,000;rrrrGGGgrrrrGGgg;38,000
J13;31,000;0,000;0,000;13,890;38,000;0,000;38,000;rrrrGGGgrrrrGGgg;38,000
J13;31,000;0,000;0,000;13,890;38,000;0,000;38,000;rrrrGGGgrrrrGGgg;38,000
J13;32,000;0,000;0,000;13,890;38,000;0,000;38,000;rrrrGGGgrrrrGGgg;37,000
J13;32,000;0,000;0,000;13,890;38,000;0,000;38,000;rrrrGGGgrrrrGGgg;37,000
J13;32,000;0,000;0,000;13,890;38,000;-33,000;5,000;rrrrGGGgrrrrGGgg;4,000
J13;32,000;0,000;0,000;13,890;38,000;-33,000;5,000;rrrrGGGgrrrrGGgg;4,000
J13;32,000;0,000;0,000;13,890;38,000;-33,000;5,000;rrrrGGGgrrrrGGgg;4,000
J13;32,000;0,000;0,000;13,890;38,000;-33,000;5,000;rrrrGGGgrrrrGGgg;4,000
J13;32,000;0,000;0,000;13,890;38,000;-33,000;5,000;rrrrGGGgrrrrGGgg;4,000
J13;32,000;0,000;0,000;13,890;38,000;-33,000;5,000;rrrrGGGgrrrrGGgg;4,000
J13;32,000;0,000;0,000;13,890;38,000;-33,000;5,000;rrrrGGGgrrrrGGgg;4,000
J13;32,000;0,000;0,000;13,890;38,000;0,000;38,000;rrrrGGGgrrrrGGgg;38,000
J13;32,000;0,000;0,000;13,890;38,000;0,000;38,000;rrrrGGGgrrrrGGgg;38,000
J13;33,000;0,000;0,000;13,890;38,000;0,000;38,000;rrrrGGGgrrrrGGgg;37,000
J13;33,000;0,000;0,000;13,890;38,000;0,000;38,000;rrrrGGGgrrrrGGgg;37,000
J13;33,000;0,000;0,000;13,890;38,000;-33,000;5,000;rrrrGGGgrrrrGGgg;4,000
J13;33,000;0,000;0,000;13,890;38,000;-33,000;5,000;rrrrGGGgrrrrGGgg;4,000
J13;33,000;0,000;0,000;13,890;38,000;-33,000;5,000;rrrrGGGgrrrrGGgg;4,000
J13;33,000;0,000;0,000;13,890;38,000;-33,000;5,000;rrrrGGGgrrrrGGgg;4,000
J13;33,000;0,000;0,000;13,890;38,000;-33,000;5,000;rrrrGGGgrrrrGGgg;4,000
J13;33,000;0,000;0,000;13,890;38,000;-33,000;5,000;rrrrGGGgrrrrGGgg;4,000
J13;33,000;0,000;0,000;13,890;38,000;-33,000;5,000;rrrrGGGgrrrrGGgg;4,000
J13;33,000;0,000;0,000;13,890;38,000;0,000;38,000;rrrrGGGgrrrrGGgg;38,000
J13;33,000;0,000;0,000;13,890;38,000;0,000;38,000;rrrrGGGgrrrrGGgg;38,000
J13;34,000;0,000;0,000;13,890;38,000;0,000;38,000;rrrrGGGgrrrrGGgg;37,000
J13;34,000;0,000;0,000;13,890;38,000;0,000;38,000;rrrrGGGgrrrrGGgg;37,000
J13;34,000;0,000;0,000;13,890;38,000;0,000;38,000;rrrrGGGgrrrrGGgg;37,000
J13;34,000;0,000;0,000;13,890;38,000;-33,000;5,000;rrrrGGGgrrrrGGgg;4,000
J13;34,000;0,000;0,000;13,890;38,000;-33,000;5,000;rrrrGGGgrrrrGGgg;4,000
J13;34,000;0,000;0,000;13,890;38,000;-33,000;5,000;rrrrGGGgrrrrGGgg;4,000
J13;34,000;0,000;0,000;13,890;38,000;-33,000;5,000;rrrrGGGgrrrrGGgg;4,000
J13;34,000;0,000;0,000;13,890;38,000;-33,000;5,000;rrrrGGGgrrrrGGgg;4,000
J13;34,000;0,000;0,000;13,890;38,000;-33,000;5,000;rrrrGGGgrrrrGGgg;4,000
J13;34,000;0,000;0,000;13,890;38,000;-33,000;5,000;rrrrGGGgrrrrGGgg;4,000
J13;34,000;0,000;0,000;13,890;38,000;-33,000;5,000;rrrrGGGgrrrrGGgg;4,000
J13;34,000;0,000;0,000;13,890;38,000;-33,000;5,000;rrrrGGGgrrrrGGgg;4,000
J13;34,000;0,000;0,000;13,890;38,000;-33,000;5,000;rrrrGGGgrrrrGGgg;4,000
J13;34,000;0,000;0,000;13,890;38,000;0,000;38,000;rrrrGGGgrrrrGGgg;38,000
J13;34,000;0,000;0,000;13,890;38,000;0,000;38,000;rrrrGGGgrrrrGGgg;38,000
J13;35,000;0,000;0,000;13,890;38,000;0,000;38,000;rrrrGGGgrrrrGGgg;37,000
J13;35,000;0,000;0,000;13,890;38,000;0,000;38,000;rrrrGGGgrrrrGGgg;37,000
J13;35,000;0,000;0,000;13,890;38,000;0,000;38,000;rrrrGGGgrrrrGGgg;37,000
J13;35,000;0,000;0,000;13,890;38,000;-33,000;5,000;rrrrGGGgrrrrGGgg;4,000
J13;35,000;0,000;0,000;13,890;38,000;-33,000;5,000;rrrrGGGgrrrrGGgg;4,000
J13;35,000;0,000;0,000;13,890;38,000;-33,000;5,000;rrrrGGGgrrrrGGgg;4,000
J13;35,000;0,000;0,000;13,890;38,000;-33,000;5,000;rrrrGGGgrrrrGGgg;4,000
J13;35,000;0,000;0,000;13,890;38,000;-33,000;5,000;rrrrGGGgrrrrGGgg;4,000
J13;35,000;0,000;0,000;13,890;38,000;-33,000;5,000;rrrrGGGgrrrrGGgg;4,000
J13;35,000;0,000;0,000;13,890;38,000;-33,000;5,000;rrrrGGGgrrrrGGgg;4,000
J13;35,000;0,000;0,000;13,890;38,000;-33,000;5,000;rrrrGGGgrrrrGGgg;4,000
J13;35,000;0,000;0,000;13,890;38,000;-33,000;5,000;rrrrGGGgrrrrGGgg;4,000
J13;35,000;0,000;0,000;13,890;38,000;-33,000;5,000;rrrrGGGgrrrrGGgg;4,000
J13;35,000;0,000;0,000;13,890;38,000;0,000;38,000;rrrrGGGgrrrrGGgg;38,000
J13;35,000;0,000;0,000;13,890;38,000;0,000;38,000;rrrrGGGgrrrrGGgg;38,000
J13;36,000;0,000;0,000;13,890;38,000;0,000;38,000;rrrrGGGgrrrrGGgg;37,000
J13;36,000;0,000;0,000;13,890;38,000;0,000;38,000;rrrrGGGgrrrrGGgg;37,000
J13;36,000;0,000;0,000;13,890;38,000;0,000;38,000;rrrrGGGgrrrrGGgg;37,000
J13;36,000;0,000;0,000;13,890;38,000;0,000;38,000;rrrrGGGgrrrrGGgg;37,000
J13;36,000;0,000;0,000;13,890;38,000;-33,000;5,000;rrrrGGGgrrrrGGgg;4,000
J13;36,000;0,000;0,000;13,890;38,000;-33,000;5,000;rrrrGGGgrrrrGGgg;4,000
J13;36,000;0,000;0,000;13,890;38,000;-33,000;5,000;rrrrGGGgrrrrGGgg;4,000
J13;36,000;0,000;0,000;13,890;38,000;-33,000;5,000;rrrrGGGgrrrrGGgg;4,000
J13;36,000;0,000;0,000;13,890;38,000;-33,000;5,000;rrrrGGGgrrrrGGgg;4,000
J13;36,000;0,000;0,000;13,890;38,000;-33,000;5,000;rrrrGGGgrrrrGGgg;4,000
J13;36,000;0,000;0,000;13,890;38,000;-33,000;5,000;rrrrGGGgrrrrGGgg;4,000
J13;36,000;0,000;0,000;13,890;38,000;-33,000;5,000;rrrrGGGgrrrrGGgg;4,000
J13;36,000;0,000;0,000;13,890;38,000;0,000;38,000;rrrrGGGgrrrrGGgg;38,000
J13;36,000;0,000;0,000;13,890;38,000;0,000;38,000;rrrrGGGgrrrrGGgg;38,000
J13;37,000;0,000;0,000;13,890;38,000;0,000;38,000;rrrrGGGgrrrrGGgg;37,000
J13;37,000;0,000;0,000;13,890;38,000;0,000;38,000;rrrrGGGgrrrrGGgg;37,000
J13;37,000;0,000;0,000;13,890;38,000;0,000;38,000;rrrrGGGgrrrrGGgg;37,000
J13;37,000;0,000;0,000;13,890;38,000;0,000;38,000;rrrrGGGgrrrrGGgg;37,000
J13;37,000;0,000;0,000;13,890;38,000;-33,000;5,000;rrrrGGGgrrrrGGgg;4,000
J13;37,000;0,000;0,000;13,890;38,000;-33,000;5,000;rrrrGGGgrrrrGGgg;4,000
J13;37,000;0,000;0,000;13,890;38,000;-33,000;5,000;rrrrGGGgrrrrGGgg;4,000
J13;37,000;0,000;0,000;13,890;38,000;-33,000;5,000;rrrrGGGgrrrrGGgg;4,000
J13;37,000;0,000;0,000;13,890;38,000;-33,000;5,000;rrrrGGGgrrrrGGgg;4,000
J13;37,000;0,000;0,000;13,890;38,000;-33,000;5,000;rrrrGGGgrrrrGGgg;4,000
J13;37,000;0,000;0,000;13,890;38,000;-33,000;5,000;rrrrGGGgrrrrGGgg;4,000
J13;37,000;0,000;0,000;13,890;38,000;-33,000;5,000;rrrrGGGgrrrrGGgg;4,000
J13;37,000;0,000;0,000;13,890;38,000;-33,000;5,000;rrrrGGGgrrrrGGgg;4,000
J13;37,000;0,000;0,000;13,890;38,000;0,000;38,000;rrrrGGGgrrrrGGgg;38,000
J13;37,000;0,000;0,000;13,890;38,000;0,000;38,000;rrrrGGGgrrrrGGgg;38,000
J13;37,000;0,000;0,000;13,890;38,000;0,000;38,000;rrrrGGGgrrrrGGgg;38,000
J13;38,000;0,000;0,000;13,890;38,000;0,000;38,000;rrrrGGGgrrrrGGgg;37,000
J13;38,000;0,000;0,000;13,890;38,000;0,000;38,000;rrrrGGGgrrrrGGgg;37,000
J13;38,000;0,000;0,000;13,890;38,000;0,000;38,000;rrrrGGGgrrrrGGgg;37,000
J13;38,000;0,000;0,000;13,890;38,000;-33,000;5,000;rrrrGGGgrrrrGGgg;4,000
J13;38,000;0,000;0,000;13,890;38,000;-33,000;5,000;rrrrGGGgrrrrGGgg;4,000
J13;38,000;0,000;0,000;13,890;38,000;-33,000;5,000;rrrrGGGgrrrrGGgg;4,000
J13;38,000;0,000;0,000;13,890;38,000;-33,000;5,000;rrrrGGGgrrrrGGgg;4,000
J13;38,000;0,000;0,000;13,890;38,000;-33,000;5,000;rrrrGGGgrrrrGGgg;4,000
J13;38,000;0,000;0,000;13,890;38,000;-33,000;5,000;rrrrGGGgrrrrGGgg;4,000
J13;38,000;0,000;0,000;13,890;38,000;-33,000;5,000;rrrrGGGgrrrrGGgg;4,000
J13;38,000;0,000;0,000;13,890;38,000;-33,000;5,000;rrrrGGGgrrrrGGgg;4,000
J13;38,000;0,000;0,000;13,890;38,000;-33,000;5,000;rrrrGGGgrrrrGGgg;4,000
J13;38,000;0,000;0,000;13,890;38,000;-33,000;5,000;rrrrGGGgrrrrGGgg;4,000
J13;38,000;0,000;0,000;13,890;38,000;0,000;38,000;rrrrGGGgrrrrGGgg;38,000
J13;38,000;0,000;0,000;13,890;38,000;0,000;38,000;rrrrGGGgrrrrGGgg;38,000
J13;39,000;0,000;0,000;13,890;38,000;0,000;38,000;rrrrGGGgrrrrGGgg;37,000
J13;39,000;0,000;0,000;13,890;38,000;0,000;38,000;rrrrGGGgrrrrGGgg;37,000
J13;39,000;0,000;0,000;13,890;38,000;0,000;38,000;rrrrGGGgrrrrGGgg;37,000
J13;39,000;0,000;0,000;13,890;38,000;-33,000;5,000;rrrrGGGgrrrrGGgg;4,000
J13;39,000;0,000;0,000;13,890;38,000;-33,000;5,000;rrrrGGGgrrrrGGgg;4,000
J13;39,000;0,000;0,000;13,890;38,000;-33,000;5,000;rrrrGGGgrrrrGGgg;4,000
J13;39,000;0,000;0,000;13,890;38,000;-33,000;5,000;rrrrGGGgrrrrGGgg;4,000
J13;39,000;0,000;0,000;13,890;38,000;-33,000;5,000;rrrrGGGgrrrrGGgg;4,000
J13;39,000;0,000;0,000;13,890;38,000;-33,000;5,000;rrrrGGGgrrrrGGgg;4,000
J13;39,000;0,000;0,000;13,890;38,000;-33,000;5,000;rrrrGGGgrrrrGGgg;4,000
J13;39,000;0,000;0,000;13,890;38,000;-33,000;5,000;rrrrGGGgrrrrGGgg;4,000
J13;39,000;0,000;0,000;13,890;38,000;-33,000;5,000;rrrrGGGgrrrrGGgg;4,000
J13;39,000;0,000;0,000;13,890;38,000;0,000;38,000;rrrrGGGgrrrrGGgg;38,000
J13;39,000;0,000;0,000;13,890;38,000;0,000;38,000;rrrrGGGgrrrrGGgg;38,000
J13;40,000;0,000;0,000;13,890;38,000;0,000;38,000;rrrrGGGgrrrrGGgg;37,000
J13;40,000;0,000;0,000;13,890;38,000;0,000;38,000;rrrrGGGgrrrrGGgg;37,000
J13;40,000;0,000;0,000;13,890;38,000;0,000;38,000;rrrrGGGgrrrrGGgg;37,000
J13;40,000;0,000;0,000;13,890;38,000;0,000;38,000;rrrrGGGgrrrrGGgg;37,000
J13;40,000;0,000;0,000;13,890;38,000;-33,000;5,000;rrrrGGGgrrrrGGgg;4,000
J13;40,000;0,000;0,000;13,890;38,000;-33,000;5,000;rrrrGGGgrrrrGGgg;4,000
J13;40,000;0,000;0,000;13,890;38,000;-33,000;5,000;rrrrGGGgrrrrGGgg;4,000
J13;40,000;0,000;0,000;13,890;38,000;-33,000;5,000;rrrrGGGgrrrrGGgg;4,000
J13;40,000;0,000;0,000;13,890;38,000;-33,000;5,000;rrrrGGGgrrrrGGgg;4,000
J13;40,000;0,000;0,000;13,890;38,000;-33,000;5,000;rrrrGGGgrrrrGGgg;4,000
J13;40,000;0,000;0,000;13,890;38,000;-33,000;5,000;rrrrGGGgrrrrGGgg;4,000
J13;40,000;0,000;0,000;13,890;38,000;-33,000;5,000;rrrrGGGgrrrrGGgg;4,000
J13;40,000;0,000;0,000;13,890;38,000;-33,000;5,000;rrrrGGGgrrrrGGgg;4,000
J13;40,000;0,000;0,000;13,890;38,000;-33,000;5,000;rrrrGGGgrrrrGGgg;4,000
J13;40,000;0,000;0,000;13,890;38,000;0,000;38,000;rrrrGGGgrrrrGGgg;38,000
J13;40,000;0,000;0,000;13,890;38,000;0,000;38,000;rrrrGGGgrrrrGGgg;38,000
J13;40,000;0,000;0,000;13,890;38,000;0,000;38,000;rrrrGGGgrrrrGGgg;38,000
J13;41,000;0,000;0,000;13,890;38,000;0,000;38,000;rrrrGGGgrrrrGGgg;37,000
J13;41,000;0,000;0,000;13,890;38,000;0,000;38,000;rrrrGGGgrrrrGGgg;37,000
J13;41,000;0,000;0,000;13,890;38,000;0,000;38,000;rrrrGGGgrrrrGGgg;37,000
J13;41,000;0,000;0,000;13,890;38,000;-33,000;5,000;rrrrGGGgrrrrGGgg;4,000
J13;41,000;0,000;0,000;13,890;38,000;-33,000;5,000;rrrrGGGgrrrrGGgg;4,000
J13;41,000;0,000;0,000;13,890;38,000;-33,000;5,000;rrrrGGGgrrrrGGgg;4,000
J13;41,000;0,000;0,000;13,890;38,000;-33,000;5,000;rrrrGGGgrrrrGGgg;4,000
J13;41,000;0,000;0,000;13,890;38,000;-33,000;5,000;rrrrGGGgrrrrGGgg;4,000
J13;41,000;0,000;0,000;13,890;38,000;-33,000;5,000;rrrrGGGgrrrrGGgg;4,000
J13;41,000;0,000;0,000;13,890;38,000;-33,000;5,000;rrrrGGGgrrrrGGgg;4,000
J13;41,000;0,000;0,000;13,890;38,000;-33,000;5,000;rrrrGGGgrrrrGGgg;4,000
J13;41,000;0,000;0,000;13,890;38,000;-33,000;5,000;rrrrGGGgrrrrGGgg;4,000
J13;41,000;0,000;0,000;13,890;38,000;-33,000;5,000;rrrrGGGgrrrrGGgg;4,000
J13;41,000;0,000;0,000;13,890;38,000;0,000;38,000;rrrrGGGgrrrrGGgg;38,000
J13;42,000;0,000;0,000;13,890;38,000;0,000;38,000;rrrrGGGgrrrrGGgg;37,000
J13;42,000;0,000;0,000;13,890;38,000;0,000;38,000;rrrrGGGgrrrrGGgg;37,000
J13;42,000;0,000;0,000;13,890;38,000;0,000;38,000;rrrrGGGgrrrrGGgg;37,000
J13;42,000;0,000;0,000;13,890;38,000;0,000;38,000;rrrrGGGgrrrrGGgg;37,000
J13;42,000;0,000;0,000;13,890;38,000;-33,000;5,000;rrrrGGGgrrrrGGgg;4,000
J13;42,000;0,000;0,000;13,890;38,000;-33,000;5,000;rrrrGGGgrrrrGGgg;4,000
J13;42,000;0,000;0,000;13,890;38,000;-33,000;5,000;rrrrGGGgrrrrGGgg;4,000
J13;42,000;0,000;0,000;13,890;38,000;-33,000;5,000;rrrrGGGgrrrrGGgg;4,000
J13;42,000;0,000;0,000;13,890;38,000;-33,000;5,000;rrrrGGGgrrrrGGgg;4,000
J13;43,000;0,000;0,000;13,890;38,000;0,000;38,000;rrrrGGGgrrrrGGgg;37,000
J13;43,000;0,000;0,000;13,890;38,000;0,000;38,000;rrrrGGGgrrrrGGgg;37,000
J13;43,000;0,000;0,000;13,890;38,000;0,000;38,000;rrrrGGGgrrrrGGgg;37,000
J13;43,000;0,000;0,000;13,890;38,000;0,000;38,000;rrrrGGGgrrrrGGgg;37,000
J13;43,000;0,000;0,000;13,890;38,000;-33,000;5,000;rrrrGGGgrrrrGGgg;4,000
J13;43,000;0,000;0,000;13,890;38,000;-33,000;5,000;rrrrGGGgrrrrGGgg;4,000
J13;43,000;0,000;0,000;13,890;38,000;-33,000;5,000;rrrrGGGgrrrrGGgg;4,000
J13;43,000;0,000;0,000;13,890;38,000;-33,000;5,000;rrrrGGGgrrrrGGgg;4,000
J13;43,000;0,000;0,000;13,890;38,000;-33,000;5,000;rrrrGGGgrrrrGGgg;4,000
J13;43,000;0,000;0,000;13,890;38,000;-33,000;5,000;rrrrGGGgrrrrGGgg;4,000
J13;43,000;0,000;0,000;13,890;38,000;-33,000;5,000;rrrrGGGgrrrrGGgg;4,000
J13;44,000;0,000;0,000;13,890;6,000;4,000;10,000;rrrrrrrGrrrrrrGG;9,000
J13;44,000;0,000;0,000;13,890;6,000;4,000;10,000;rrrrrrrGrrrrrrGG;9,000
J13;44,000;0,000;0,000;13,890;6,000;-1,000;5,000;rrrrrrrGrrrrrrGG;4,000
J13;44,000;0,000;0,000;13,890;6,000;-1,000;5,000;rrrrrrrGrrrrrrGG;4,000
J13;44,000;0,000;0,000;13,890;6,000;-1,000;5,000;rrrrrrrGrrrrrrGG;4,000
J13;44,000;0,000;0,000;13,890;6,000;-1,000;5,000;rrrrrrrGrrrrrrGG;4,000
J13;44,000;0,000;0,000;13,890;6,000;-1,000;5,000;rrrrrrrGrrrrrrGG;4,000
J13;44,000;0,000;0,000;13,890;6,000;-1,000;5,000;rrrrrrrGrrrrrrGG;4,000
J13;44,000;0,000;0,000;13,890;6,000;-1,000;5,000;rrrrrrrGrrrrrrGG;4,000
J13;45,000;0,000;0,000;13,890;38,000;0,000;38,000;rrrrGGGgrrrrGGgg;37,000
J13;45,000;0,000;0,000;13,890;38,000;0,000;38,000;rrrrGGGgrrrrGGgg;37,000
J13;45,000;0,000;0,000;13,890;38,000;0,000;38,000;rrrrGGGgrrrrGGgg;37,000
J13;45,000;0,000;0,000;13,890;38,000;-33,000;5,000;rrrrGGGgrrrrGGgg;4,000
J13;45,000;0,000;0,000;13,890;38,000;-33,000;5,000;rrrrGGGgrrrrGGgg;4,000
J13;45,000;0,000;0,000;13,890;38,000;-33,000;5,000;rrrrGGGgrrrrGGgg;4,000
J13;45,000;0,000;0,000;13,890;38,000;-33,000;5,000;rrrrGGGgrrrrGGgg;4,000
J13;45,000;0,000;0,000;13,890;38,000;-33,000;5,000;rrrrGGGgrrrrGGgg;4,000
J13;46,000;0,000;0,000;13,890;38,000;0,000;38,000;rrrrGGGgrrrrGGgg;37,000
J13;46,000;0,000;0,000;13,890;38,000;0,000;38,000;rrrrGGGgrrrrGGgg;37,000
J13;46,000;0,000;0,000;13,890;38,000;0,000;38,000;rrrrGGGgrrrrGGgg;37,000
J13;46,000;0,000;0,000;13,890;38,000;-33,000;5,000;rrrrGGGgrrrrGGgg;4,000
J13;46,000;0,000;0,000;13,890;38,000;-33,000;5,000;rrrrGGGgrrrrGGgg;4,000
J13;46,000;0,000;0,000;13,890;38,000;-33,000;5,000;rrrrGGGgrrrrGGgg;4,000
J13;46,000;0,000;0,000;13,890;38,000;-33,000;5,000;rrrrGGGgrrrrGGgg;4,000
J13;46,000;0,000;0,000;13,890;38,000;-33,000;5,000;rrrrGGGgrrrrGGgg;4,000
J13;46,000;0,000;0,000;13,890;38,000;-33,000;5,000;rrrrGGGgrrrrGGgg;4,000
J13;46,000;0,000;0,000;13,890;38,000;-33,000;5,000;rrrrGGGgrrrrGGgg;4,000
J13;46,000;0,000;0,000;13,890;38,000;-33,000;5,000;rrrrGGGgrrrrGGgg;4,000
J13;46,000;0,000;0,000;13,890;38,000;-33,000;5,000;rrrrGGGgrrrrGGgg;4,000
J13;46,000;0,000;0,000;13,890;38,000;-33,000;5,000;rrrrGGGgrrrrGGgg;4,000
J13;46,000;0,000;0,000;13,890;38,000;0,000;38,000;rrrrGGGgrrrrGGgg;38,000
J13;47,000;0,000;0,000;13,890;38,000;0,000;38,000;rrrrGGGgrrrrGGgg;37,000
J13;47,000;0,000;0,000;13,890;38,000;0,000;38,000;rrrrGGGgrrrrGGgg;37,000
J13;47,000;0,000;0,000;13,890;38,000;0,000;38,000;rrrrGGGgrrrrGGgg;37,000
J13;47,000;0,000;0,000;13,890;38,000;0,000;38,000;rrrrGGGgrrrrGGgg;37,000
J13;47,000;0,000;0,000;13,890;38,000;-33,000;5,000;rrrrGGGgrrrrGGgg;4,000
J13;47,000;0,000;0,000;13,890;38,000;-33,000;5,000;rrrrGGGgrrrrGGgg;4,000
J13;47,000;0,000;0,000;13,890;38,000;-33,000;5,000;rrrrGGGgrrrrGGgg;4,000
J13;47,000;0,000;0,000;13,890;38,000;-33,000;5,000;rrrrGGGgrrrrGGgg;4,000
J13;47,000;0,000;0,000;13,890;38,000;0,000;38,000;rrrrGGGgrrrrGGgg;38,000
J13;48,000;0,000;0,000;13,890;38,000;0,000;38,000;rrrrGGGgrrrrGGgg;37,000
J13;48,000;0,000;0,000;13,890;38,000;0,000;38,000;rrrrGGGgrrrrGGgg;37,000
J13;48,000;0,000;0,000;13,890;38,000;0,000;38,000;rrrrGGGgrrrrGGgg;37,000
J13;48,000;0,000;0,000;13,890;38,000;-33,000;5,000;rrrrGGGgrrrrGGgg;4,000
J13;48,000;0,000;0,000;13,890;38,000;-33,000;5,000;rrrrGGGgrrrrGGgg;4,000
J13;48,000;0,000;0,000;13,890;38,000;-33,000;5,000;rrrrGGGgrrrrGGgg;4,000
J13;48,000;0,000;0,000;13,890;38,000;-33,000;5,000;rrrrGGGgrrrrGGgg;4,000
J13;48,000;0,000;0,000;13,890;38,000;-33,000;5,000;rrrrGGGgrrrrGGgg;4,000
J13;48,000;0,000;0,000;13,890;38,000;-33,000;5,000;rrrrGGGgrrrrGGgg;4,000
J13;48,000;0,000;0,000;13,890;38,000;-33,000;5,000;rrrrGGGgrrrrGGgg;4,000
J13;49,000;0,000;0,000;13,890;38,000;0,000;38,000;rrrrGGGgrrrrGGgg;37,000
J13;49,000;0,000;0,000;13,890;38,000;0,000;38,000;rrrrGGGgrrrrGGgg;37,000
J13;49,000;0,000;0,000;13,890;38,000;0,000;38,000;rrrrGGGgrrrrGGgg;37,000
J13;49,000;0,000;0,000;13,890;38,000;-33,000;5,000;rrrrGGGgrrrrGGgg;4,000
J13;49,000;0,000;0,000;13,890;38,000;-33,000;5,000;rrrrGGGgrrrrGGgg;4,000
J13;49,000;0,000;0,000;13,890;38,000;-33,000;5,000;rrrrGGGgrrrrGGgg;4,000
J13;49,000;0,000;0,000;13,890;38,000;-33,000;5,000;rrrrGGGgrrrrGGgg;4,000
J13;49,000;0,000;0,000;13,890;38,000;-33,000;5,000;rrrrGGGgrrrrGGgg;4,000
J13;49,000;0,000;0,000;13,890;38,000;-33,000;5,000;rrrrGGGgrrrrGGgg;4,000
J13;49,000;0,000;0,000;13,890;38,000;-33,000;5,000;rrrrGGGgrrrrGGgg;4,000
J13;50,000;0,000;0,000;13,890;38,000;0,000;38,000;rrrrGGGgrrrrGGgg;37,000
J13;50,000;0,000;0,000;13,890;38,000;0,000;38,000;rrrrGGGgrrrrGGgg;37,000
J13;50,000;0,000;0,000;13,890;38,000;0,000;38,000;rrrrGGGgrrrrGGgg;37,000
J13;50,000;0,000;0,000;13,890;38,000;-33,000;5,000;rrrrGGGgrrrrGGgg;4,000
J13;50,000;0,000;0,000;13,890;38,000;-33,000;5,000;rrrrGGGgrrrrGGgg;4,000
J13;50,000;0,000;0,000;13,890;38,000;-33,000;5,000;rrrrGGGgrrrrGGgg;4,000
J13;50,000;0,000;0,000;13,890;38,000;-33,000;5,000;rrrrGGGgrrrrGGgg;4,000
J13;50,000;0,000;0,000;13,890;38,000;-33,000;5,000;rrrrGGGgrrrrGGgg;4,000
J13;50,000;0,000;0,000;13,890;38,000;-33,000;5,000;rrrrGGGgrrrrGGgg;4,000
J13;50,000;0,000;0,000;13,890;38,000;-33,000;5,000;rrrrGGGgrrrrGGgg;4,000
J13;50,000;0,000;0,000;13,890;38,000;-33,000;5,000;rrrrGGGgrrrrGGgg;4,000
J13;51,000;0,000;0,000;13,890;37,000;0,000;37,000;GGGgrrrrGGGgrrrr;36,000
J13;51,000;0,000;0,000;13,890;37,000;0,000;37,000;GGGgrrrrGGGgrrrr;36,000
J13;51,000;0,000;0,000;13,890;37,000;0,000;37,000;GGGgrrrrGGGgrrrr;36,000
J13;51,000;0,000;0,000;13,890;37,000;0,000;37,000;GGGgrrrrGGGgrrrr;36,000
J13;51,000;0,000;0,000;13,890;37,000;-32,000;5,000;GGGgrrrrGGGgrrrr;4,000
J13;51,000;0,000;0,000;13,890;37,000;-32,000;5,000;GGGgrrrrGGGgrrrr;4,000
J13;51,000;0,000;0,000;13,890;37,000;-32,000;5,000;GGGgrrrrGGGgrrrr;4,000
J13;51,000;0,000;0,000;13,890;37,000;-32,000;5,000;GGGgrrrrGGGgrrrr;4,000
J13;51,000;0,000;0,000;13,890;37,000;-32,000;5,000;GGGgrrrrGGGgrrrr;4,000
J13;51,000;0,000;0,000;13,890;37,000;-32,000;5,000;GGGgrrrrGGGgrrrr;4,000
J13;51,000;0,000;0,000;13,890;37,000;-32,000;5,000;GGGgrrrrGGGgrrrr;4,000
J13;51,000;0,000;0,000;13,890;3,000;3,000;6,000;yyyyrrrryyyyrrrr;5,000
J13;52,000;0,000;0,000;13,890;3,000;3,000;6,000;yyyyrrrryyyyrrrr;4,000
J13;52,000;0,000;0,000;13,890;3,000;3,000;6,000;yyyyrrrryyyyrrrr;4,000
J13;52,000;0,000;0,000;13,890;3,000;3,000;6,000;yyyyrrrryyyyrrrr;4,000
J13;52,000;0,000;0,000;13,890;3,000;3,000;6,000;yyyyrrrryyyyrrrr;4,000
J13;52,000;0,000;0,000;13,890;3,000;3,000;6,000;yyyyrrrryyyyrrrr;4,000
J13;52,000;0,000;0,000;13,890;3,000;3,000;6,000;yyyyrrrryyyyrrrr;4,000
J13;52,000;0,000;0,000;13,890;3,000;3,000;6,000;yyyyrrrryyyyrrrr;4,000
J13;52,000;0,000;0,000;13,890;3,000;3,000;6,000;yyyyrrrryyyyrrrr;4,000
J13;52,000;0,000;0,000;13,890;3,000;3,000;6,000;yyyyrrrryyyyrrrr;4,000
J13;52,000;0,000;0,000;13,890;3,000;3,000;6,000;yyyyrrrryyyyrrrr;4,000
J13;52,000;0,000;0,000;13,890;3,000;3,000;6,000;yyyyrrrryyyyrrrr;4,000
J13;52,000;0,000;0,000;13,890;3,000;3,000;6,000;yyyyrrrryyyyrrrr;4,000
J13;52,000;0,000;0,000;13,890;38,000;0,000;38,000;rrrrGGGgrrrrGGgg;38,000
J13;53,000;0,000;0,000;13,890;38,000;0,000;38,000;rrrrGGGgrrrrGGgg;37,000
J13;53,000;0,000;0,000;13,890;38,000;0,000;38,000;rrrrGGGgrrrrGGgg;37,000
J13;53,000;0,000;0,000;13,890;38,000;-33,000;5,000;rrrrGGGgrrrrGGgg;4,000
J13;53,000;0,000;0,000;13,890;38,000;-33,000;5,000;rrrrGGGgrrrrGGgg;4,000
J13;53,000;0,000;0,000;13,890;38,000;-33,000;5,000;rrrrGGGgrrrrGGgg;4,000
J13;53,000;0,000;0,000;13,890;38,000;-33,000;5,000;rrrrGGGgrrrrGGgg;4,000
J13;53,000;0,000;0,000;13,890;38,000;-33,000;5,000;rrrrGGGgrrrrGGgg;4,000
J13;53,000;0,000;0,000;13,890;38,000;-33,000;5,000;rrrrGGGgrrrrGGgg;4,000
J13;53,000;0,000;0,000;13,890;38,000;-33,000;5,000;rrrrGGGgrrrrGGgg;4,000
J13;54,000;0,000;0,000;13,890;38,000;0,000;38,000;rrrrGGGgrrrrGGgg;37,000
J13;54,000;0,000;0,000;13,890;38,000;0,000;38,000;rrrrGGGgrrrrGGgg;37,000
J13;54,000;0,000;0,000;13,890;38,000;0,000;38,000;rrrrGGGgrrrrGGgg;37,000
J13;54,000;0,000;0,000;13,890;38,000;-33,000;5,000;rrrrGGGgrrrrGGgg;4,000
J13;54,000;0,000;0,000;13,890;38,000;-33,000;5,000;rrrrGGGgrrrrGGgg;4,000
J13;54,000;0,000;0,000;13,890;38,000;-33,000;5,000;rrrrGGGgrrrrGGgg;4,000
J13;54,000;0,000;0,000;13,890;38,000;-33,000;5,000;rrrrGGGgrrrrGGgg;4,000
J13;54,000;0,000;0,000;13,890;38,000;-33,000;5,000;rrrrGGGgrrrrGGgg;4,000
J13;54,000;0,000;0,000;13,890;38,000;-33,000;5,000;rrrrGGGgrrrrGGgg;4,000
J13;54,000;0,000;0,000;13,890;38,000;0,000;38,000;rrrrGGGgrrrrGGgg;38,000
J13;55,000;0,000;0,000;13,890;38,000;0,000;38,000;rrrrGGGgrrrrGGgg;37,000
J13;55,000;0,000;0,000;13,890;38,000;0,000;38,000;rrrrGGGgrrrrGGgg;37,000
J13;55,000;0,000;0,000;13,890;38,000;0,000;38,000;rrrrGGGgrrrrGGgg;37,000
J13;55,000;0,000;0,000;13,890;38,000;-33,000;5,000;rrrrGGGgrrrrGGgg;4,000
J13;55,000;0,000;0,000;13,890;38,000;-33,000;5,000;rrrrGGGgrrrrGGgg;4,000
J13;55,000;0,000;0,000;13,890;38,000;-33,000;5,000;rrrrGGGgrrrrGGgg;4,000
J13;55,000;0,000;0,000;13,890;38,000;-33,000;5,000;rrrrGGGgrrrrGGgg;4,000
J13;55,000;0,000;0,000;13,890;38,000;-33,000;5,000;rrrrGGGgrrrrGGgg;4,000
J13;55,000;0,000;0,000;13,890;38,000;-33,000;5,000;rrrrGGGgrrrrGGgg;4,000
J13;55,000;0,000;0,000;13,890;38,000;-33,000;5,000;rrrrGGGgrrrrGGgg;4,000
J13;55,000;0,000;0,000;13,890;38,000;-33,000;5,000;rrrrGGGgrrrrGGgg;4,000
J13;56,000;0,000;0,000;13,890;38,000;0,000;38,000;rrrrGGGgrrrrGGgg;37,000
J13;56,000;0,000;0,000;13,890;38,000;0,000;38,000;rrrrGGGgrrrrGGgg;37,000
J13;56,000;0,000;0,000;13,890;38,000;0,000;38,000;rrrrGGGgrrrrGGgg;37,000
J13;56,000;0,000;0,000;13,890;38,000;-33,000;5,000;rrrrGGGgrrrrGGgg;4,000
J13;56,000;0,000;0,000;13,890;38,000;-33,000;5,000;rrrrGGGgrrrrGGgg;4,000
J13;56,000;0,000;0,000;13,890;38,000;-33,000;5,000;rrrrGGGgrrrrGGgg;4,000
J13;56,000;0,000;0,000;13,890;38,000;-33,000;5,000;rrrrGGGgrrrrGGgg;4,000
J13;56,000;0,000;0,000;13,890;38,000;-33,000;5,000;rrrrGGGgrrrrGGgg;4,000
J13;56,000;0,000;0,000;13,890;38,000;-33,000;5,000;rrrrGGGgrrrrGGgg;4,000
J13;56,000;0,000;0,000;13,890;38,000;-33,000;5,000;rrrrGGGgrrrrGGgg;4,000
J13;56,000;0,000;0,000;13,890;38,000;0,000;38,000;rrrrGGGgrrrrGGgg;38,000
J13;57,000;0,000;0,000;13,890;38,000;0,000;38,000;rrrrGGGgrrrrGGgg;37,000
J13;57,000;0,000;0,000;13,890;38,000;0,000;38,000;rrrrGGGgrrrrGGgg;37,000
J13;57,000;0,000;0,000;13,890;38,000;0,000;38,000;rrrrGGGgrrrrGGgg;37,000
J13;57,000;0,000;0,000;13,890;38,000;-33,000;5,000;rrrrGGGgrrrrGGgg;4,000
J13;57,000;0,000;0,000;13,890;38,000;-33,000;5,000;rrrrGGGgrrrrGGgg;4,000
J13;57,000;0,000;0,000;13,890;38,000;-33,000;5,000;rrrrGGGgrrrrGGgg;4,000
J13;57,000;0,000;0,000;13,890;38,000;-33,000;5,000;rrrrGGGgrrrrGGgg;4,000
J13;57,000;0,000;0,000;13,890;38,000;-33,000;5,000;rrrrGGGgrrrrGGgg;4,000
J13;57,000;0,000;0,000;13,890;38,000;-33,000;5,000;rrrrGGGgrrrrGGgg;4,000
J13;57,000;0,000;0,000;13,890;38,000;-33,000;5,000;rrrrGGGgrrrrGGgg;4,000
J13;57,000;0,000;0,000;13,890;38,000;-33,000;5,000;rrrrGGGgrrrrGGgg;4,000
J13;57,000;0,000;0,000;13,890;38,000;-33,000;5,000;rrrrGGGgrrrrGGgg;4,000
J13;57,000;0,000;0,000;13,890;38,000;-33,000;5,000;rrrrGGGgrrrrGGgg;4,000
J13;57,000;0,000;0,000;13,890;38,000;0,000;38,000;rrrrGGGgrrrrGGgg;38,000
J13;58,000;0,000;0,000;13,890;38,000;0,000;38,000;rrrrGGGgrrrrGGgg;37,000
J13;58,000;0,000;0,000;13,890;38,000;0,000;38,000;rrrrGGGgrrrrGGgg;37,000
J13;58,000;0,000;0,000;13,890;38,000;0,000;38,000;rrrrGGGgrrrrGGgg;37,000
J13;58,000;0,000;0,000;13,890;38,000;-33,000;5,000;rrrrGGGgrrrrGGgg;4,000
J13;58,000;0,000;0,000;13,890;38,000;-33,000;5,000;rrrrGGGgrrrrGGgg;4,000
J13;58,000;0,000;0,000;13,890;38,000;-33,000;5,000;rrrrGGGgrrrrGGgg;4,000
J13;58,000;0,000;0,000;13,890;38,000;-33,000;5,000;rrrrGGGgrrrrGGgg;4,000
J13;58,000;0,000;0,000;13,890;38,000;-33,000;5,000;rrrrGGGgrrrrGGgg;4,000
J13;58,000;0,000;0,000;13,890;38,000;-33,000;5,000;rrrrGGGgrrrrGGgg;4,000
J13;58,000;0,000;0,000;13,890;38,000;-33,000;5,000;rrrrGGGgrrrrGGgg;4,000
J13;58,000;0,000;0,000;13,890;38,000;-33,000;5,000;rrrrGGGgrrrrGGgg;4,000
J13;58,000;0,000;0,000;13,890;38,000;-33,000;5,000;rrrrGGGgrrrrGGgg;4,000
J13;58,000;0,000;0,000;13,890;38,000;-33,000;5,000;rrrrGGGgrrrrGGgg;4,000
J13;58,000;0,000;0,000;13,890;38,000;0,000;38,000;rrrrGGGgrrrrGGgg;38,000
J13;59,000;0,000;0,000;13,890;38,000;0,000;38,000;rrrrGGGgrrrrGGgg;37,000
J13;59,000;0,000;0,000;13,890;38,000;0,000;38,000;rrrrGGGgrrrrGGgg;37,000
J13;59,000;0,000;0,000;13,890;38,000;0,000;38,000;rrrrGGGgrrrrGGgg;37,000
J13;59,000;0,000;0,000;13,890;38,000;-33,000;5,000;rrrrGGGgrrrrGGgg;4,000
J13;59,000;0,000;0,000;13,890;38,000;-33,000;5,000;rrrrGGGgrrrrGGgg;4,000
J13;59,000;0,000;0,000;13,890;38,000;-33,000;5,000;rrrrGGGgrrrrGGgg;4,000
J13;59,000;0,000;0,000;13,890;38,000;-33,000;5,000;rrrrGGGgrrrrGGgg;4,000
J13;59,000;0,000;0,000;13,890;38,000;-33,000;5,000;rrrrGGGgrrrrGGgg;4,000
J13;59,000;0,000;0,000;13,890;38,000;-33,000;5,000;rrrrGGGgrrrrGGgg;4,000
J13;59,000;0,000;0,000;13,890;38,000;-33,000;5,000;rrrrGGGgrrrrGGgg;4,000
J13;59,000;0,000;0,000;13,890;38,000;-33,000;5,000;rrrrGGGgrrrrGGgg;4,000
J13;59,000;0,000;0,000;13,890;38,000;-33,000;5,000;rrrrGGGgrrrrGGgg;4,000
J13;59,000;0,000;0,000;13,890;38,000;-33,000;5,000;rrrrGGGgrrrrGGgg;4,000
J13;59,000;0,000;0,000;13,890;38,000;0,000;38,000;rrrrGGGgrrrrGGgg;38,000
J13;60,000;0,000;0,000;13,890;38,000;0,000;38,000;rrrrGGGgrrrrGGgg;37,000
J13;60,000;0,000;0,000;13,890;38,000;0,000;38,000;rrrrGGGgrrrrGGgg;37,000
J13;60,000;0,000;0,000;13,890;38,000;0,000;38,000;rrrrGGGgrrrrGGgg;37,000
J13;60,000;0,000;0,000;13,890;38,000;-33,000;5,000;rrrrGGGgrrrrGGgg;4,000
J13;60,000;0,000;0,000;13,890;38,000;-33,000;5,000;rrrrGGGgrrrrGGgg;4,000
J13;60,000;0,000;0,000;13,890;38,000;-33,000;5,000;rrrrGGGgrrrrGGgg;4,000
J13;60,000;0,000;0,000;13,890;38,000;-33,000;5,000;rrrrGGGgrrrrGGgg;4,000
J13;60,000;0,000;0,000;13,890;38,000;-33,000;5,000;rrrrGGGgrrrrGGgg;4,000
J13;60,000;0,000;0,000;13,890;38,000;-33,000;5,000;rrrrGGGgrrrrGGgg;4,000
J13;60,000;0,000;0,000;13,890;38,000;-33,000;5,000;rrrrGGGgrrrrGGgg;4,000
J13;60,000;0,000;0,000;13,890;38,000;-33,000;5,000;rrrrGGGgrrrrGGgg;4,000
J13;60,000;0,000;0,000;13,890;38,000;-33,000;5,000;rrrrGGGgrrrrGGgg;4,000
J13;60,000;0,000;0,000;13,890;38,000;-33,000;5,000;rrrrGGGgrrrrGGgg;4,000
J13;60,000;0,000;0,000;13,890;38,000;-33,000;5,000;rrrrGGGgrrrrGGgg;4,000
J13;60,000;0,000;0,000;13,890;38,000;-33,000;5,000;rrrrGGGgrrrrGGgg;4,000
J13;60,000;0,000;0,000;13,890;38,000;-33,000;5,000;rrrrGGGgrrrrGGgg;4,000
J13;60,000;0,000;0,000;13,890;38,000;0,000;38,000;rrrrGGGgrrrrGGgg;38,000
J13;60,000;0,000;0,000;13,890;38,000;0,000;38,000;rrrrGGGgrrrrGGgg;38,000
J13;61,000;0,000;0,000;13,890;38,000;0,000;38,000;rrrrGGGgrrrrGGgg;37,000
J13;61,000;0,000;0,000;13,890;38,000;0,000;38,000;rrrrGGGgrrrrGGgg;37,000
J13;61,000;0,000;0,000;13,890;38,000;0,000;38,000;rrrrGGGgrrrrGGgg;37,000
J13;61,000;0,000;0,000;13,890;38,000;-33,000;5,000;rrrrGGGgrrrrGGgg;4,000
J13;61,000;0,000;0,000;13,890;38,000;-33,000;5,000;rrrrGGGgrrrrGGgg;4,000
J13;61,000;0,000;0,000;13,890;38,000;-33,000;5,000;rrrrGGGgrrrrGGgg;4,000
J13;61,000;0,000;0,000;13,890;38,000;-33,000;5,000;rrrrGGGgrrrrGGgg;4,000
J13;61,000;0,000;0,000;13,890;38,000;-33,000;5,000;rrrrGGGgrrrrGGgg;4,000
J13;61,000;0,000;0,000;13,890;38,000;-33,000;5,000;rrrrGGGgrrrrGGgg;4,000
J13;61,000;0,000;0,000;13,890;38,000;-33,000;5,000;rrrrGGGgrrrrGGgg;4,000
J13;61,000;0,000;0,000;13,890;38,000;-33,000;5,000;rrrrGGGgrrrrGGgg;4,000
J13;61,000;0,000;0,000;13,890;38,000;-33,000;5,000;rrrrGGGgrrrrGGgg;4,000
J13;61,000;0,000;0,000;13,890;38,000;0,000;38,000;rrrrGGGgrrrrGGgg;38,000
J13;61,000;0,000;0,000;13,890;38,000;0,000;38,000;rrrrGGGgrrrrGGgg;38,000
J13;61,000;0,000;0,000;13,890;38,000;0,000;38,000;rrrrGGGgrrrrGGgg;38,000
J13;62,000;0,000;0,000;13,529;38,000;0,000;38,000;rrrrGGGgrrrrGGgg;37,000
J13;62,000;0,000;0,000;13,529;38,000;0,000;38,000;rrrrGGGgrrrrGGgg;37,000
J13;62,000;0,000;0,000;13,529;38,000;-33,000;5,000;rrrrGGGgrrrrGGgg;4,000
J13;62,000;0,000;0,000;13,529;38,000;-33,000;5,000;rrrrGGGgrrrrGGgg;4,000
J13;62,000;0,000;0,000;13,529;38,000;-33,000;5,000;rrrrGGGgrrrrGGgg;4,000
J13;62,000;0,000;0,000;13,529;38,000;-33,000;5,000;rrrrGGGgrrrrGGgg;4,000
J13;62,000;0,000;0,000;13,529;38,000;-33,000;5,000;rrrrGGGgrrrrGGgg;4,000
J13;62,000;0,000;0,000;13,529;38,000;-33,000;5,000;rrrrGGGgrrrrGGgg;4,000
J13;62,000;0,000;0,000;13,529;38,000;-33,000;5,000;rrrrGGGgrrrrGGgg;4,000
J13;62,000;0,000;0,000;13,529;38,000;-33,000;5,000;rrrrGGGgrrrrGGgg;4,000
J13;62,000;0,000;0,000;13,529;38,000;-33,000;5,000;rrrrGGGgrrrrGGgg;4,000
J13;62,000;0,000;0,000;13,529;38,000;-33,000;5,000;rrrrGGGgrrrrGGgg;4,000
J13;62,000;0,000;0,000;13,529;38,000;-33,000;5,000;rrrrGGGgrrrrGGgg;4,000
J13;62,000;0,000;0,000;13,529;38,000;-33,000;5,000;rrrrGGGgrrrrGGgg;4,000
J13;62,000;0,000;0,000;13,529;38,000;0,000;38,000;rrrrGGGgrrrrGGgg;38,000
J13;62,000;0,000;0,000;13,788;38,000;0,000;38,000;rrrrGGGgrrrrGGgg;38,000
J13;63,000;0,000;0,000;13,788;38,000;0,000;38,000;rrrrGGGgrrrrGGgg;37,000
J13;63,000;0,000;0,000;13,788;38,000;0,000;38,000;rrrrGGGgrrrrGGgg;37,000
J13;63,000;0,000;0,000;13,788;38,000;-33,000;5,000;rrrrGGGgrrrrGGgg;4,000
J13;63,000;0,000;0,000;13,788;38,000;-33,000;5,000;rrrrGGGgrrrrGGgg;4,000
J13;63,000;0,000;0,000;13,788;38,000;-33,000;5,000;rrrrGGGgrrrrGGgg;4,000
J13;63,000;0,000;0,000;13,788;38,000;-33,000;5,000;rrrrGGGgrrrrGGgg;4,000
J13;63,000;0,000;0,000;13,788;38,000;-33,000;5,000;rrrrGGGgrrrrGGgg;4,000
J13;63,000;0,000;0,000;13,788;38,000;-33,000;5,000;rrrrGGGgrrrrGGgg;4,000
J13;63,000;0,000;0,000;13,788;38,000;-33,000;5,000;rrrrGGGgrrrrGGgg;4,000
J13;63,000;0,000;0,000;13,788;38,000;-33,000;5,000;rrrrGGGgrrrrGGgg;4,000
J13;63,000;0,000;0,000;13,788;38,000;-33,000;5,000;rrrrGGGgrrrrGGgg;4,000
J13;63,000;0,000;0,000;13,788;38,000;-33,000;5,000;rrrrGGGgrrrrGGgg;4,000
J13;63,000;0,000;0,000;13,788;38,000;-33,000;5,000;rrrrGGGgrrrrGGgg;4,000
J13;63,000;0,000;0,000;13,788;38,000;0,000;38,000;rrrrGGGgrrrrGGgg;38,000
J13;63,000;0,000;0,000;13,788;38,000;0,000;38,000;rrrrGGGgrrrrGGgg;38,000
J13;63,000;0,000;0,000;13,788;38,000;0,000;38,000;rrrrGGGgrrrrGGgg;38,000
J13;64,000;0,000;0,000;13,501;38,000;0,000;38,000;rrrrGGGgrrrrGGgg;37,000
J13;64,000;0,000;0,000;13,501;38,000;0,000;38,000;rrrrGGGgrrrrGGgg;37,000
J13;64,000;0,000;0,000;13,501;38,000;0,000;38,000;rrrrGGGgrrrrGGgg;37,000
J13;64,000;0,000;0,000;13,501;38,000;-33,000;5,000;rrrrGGGgrrrrGGgg;4,000
J13;64,000;0,000;0,000;13,501;38,000;-33,000;5,000;rrrrGGGgrrrrGGgg;4,000
J13;64,000;0,000;0,000;13,501;38,000;-33,000;5,000;rrrrGGGgrrrrGGgg;4,000
J13;64,000;0,000;0,000;13,501;38,000;-33,000;5,000;rrrrGGGgrrrrGGgg;4,000
J13;64,000;0,000;0,000;13,501;38,000;-33,000;5,000;rrrrGGGgrrrrGGgg;4,000
J13;64,000;0,000;0,000;13,501;38,000;-33,000;5,000;rrrrGGGgrrrrGGgg;4,000
J13;64,000;0,000;0,000;13,501;38,000;-33,000;5,000;rrrrGGGgrrrrGGgg;4,000
J13;64,000;0,000;0,000;13,501;38,000;-33,000;5,000;rrrrGGGgrrrrGGgg;4,000
J13;64,000;0,000;0,000;13,501;38,000;-33,000;5,000;rrrrGGGgrrrrGGgg;4,000
J13;64,000;0,000;0,000;13,501;38,000;-33,000;5,000;rrrrGGGgrrrrGGgg;4,000
J13;64,000;0,000;0,000;13,501;38,000;0,000;38,000;rrrrGGGgrrrrGGgg;38,000
J13;65,000;0,000;0,000;13,377;38,000;0,000;38,000;rrrrGGGgrrrrGGgg;37,000
J13;65,000;0,000;0,000;13,377;38,000;0,000;38,000;rrrrGGGgrrrrGGgg;37,000
J13;65,000;0,000;0,000;13,377;38,000;0,000;38,000;rrrrGGGgrrrrGGgg;37,000
J13;65,000;0,000;0,000;13,377;38,000;-33,000;5,000;rrrrGGGgrrrrGGgg;4,000
J13;65,000;0,000;0,000;13,377;38,000;-33,000;5,000;rrrrGGGgrrrrGGgg;4,000
J13;65,000;0,000;0,000;13,377;38,000;-33,000;5,000;rrrrGGGgrrrrGGgg;4,000
J13;65,000;0,000;0,000;13,377;38,000;-33,000;5,000;rrrrGGGgrrrrGGgg;4,000
J13;65,000;0,000;0,000;13,377;38,000;-33,000;5,000;rrrrGGGgrrrrGGgg;4,000
J13;65,000;0,000;0,000;13,377;38,000;-33,000;5,000;rrrrGGGgrrrrGGgg;4,000
J13;65,000;0,000;0,000;13,377;38,000;-33,000;5,000;rrrrGGGgrrrrGGgg;4,000
J13;65,000;0,000;0,000;13,377;38,000;-33,000;5,000;rrrrGGGgrrrrGGgg;4,000
J13;65,000;0,000;0,000;13,377;38,000;-33,000;5,000;rrrrGGGgrrrrGGgg;4,000
J13;65,000;0,000;0,000;13,377;38,000;-33,000;5,000;rrrrGGGgrrrrGGgg;4,000
J13;65,000;0,000;0,000;13,377;38,000;0,000;38,000;rrrrGGGgrrrrGGgg;38,000
J13;66,000;0,000;0,000;13,172;38,000;0,000;38,000;rrrrGGGgrrrrGGgg;37,000
J13;66,000;0,000;0,000;13,172;38,000;0,000;38,000;rrrrGGGgrrrrGGgg;37,000
J13;66,000;0,000;0,000;13,172;38,000;0,000;38,000;rrrrGGGgrrrrGGgg;37,000
J13;66,000;0,000;0,000;13,172;38,000;-33,000;5,000;rrrrGGGgrrrrGGgg;4,000
J13;66,000;0,000;0,000;13,172;38,000;-33,000;5,000;rrrrGGGgrrrrGGgg;4,000
J13;66,000;0,000;0,000;13,172;38,000;-33,000;5,000;rrrrGGGgrrrrGGgg;4,000
J13;66,000;0,000;0,000;13,172;38,000;-33,000;5,000;rrrrGGGgrrrrGGgg;4,000
J13;66,000;0,000;0,000;13,172;38,000;-33,000;5,000;rrrrGGGgrrrrGGgg;4,000
J13;66,000;0,000;0,000;13,172;38,000;-33,000;5,000;rrrrGGGgrrrrGGgg;4,000
J13;66,000;0,000;0,000;13,172;38,000;-33,000;5,000;rrrrGGGgrrrrGGgg;4,000
J13;66,000;0,000;0,000;13,172;38,000;-33,000;5,000;rrrrGGGgrrrrGGgg;4,000
J13;66,000;0,000;0,000;13,172;38,000;-33,000;5,000;rrrrGGGgrrrrGGgg;4,000
J13;66,000;0,000;0,000;13,172;38,000;-33,000;5,000;rrrrGGGgrrrrGGgg;4,000
J13;66,000;0,000;0,000;13,172;38,000;0,000;38,000;rrrrGGGgrrrrGGgg;38,000
J13;66,000;0,000;0,000;13,172;38,000;0,000;38,000;rrrrGGGgrrrrGGgg;38,000
J13;67,000;0,000;0,000;12,731;38,000;0,000;38,000;rrrrGGGgrrrrGGgg;37,000
J13;67,000;0,000;0,000;12,731;38,000;0,000;38,000;rrrrGGGgrrrrGGgg;37,000
J13;67,000;0,000;0,000;12,731;38,000;0,000;38,000;rrrrGGGgrrrrGGgg;37,000
J13;67,000;0,000;0,000;12,731;38,000;-33,000;5,000;rrrrGGGgrrrrGGgg;4,000
J13;67,000;0,000;0,000;12,731;38,000;-33,000;5,000;rrrrGGGgrrrrGGgg;4,000
J13;67,000;0,000;0,000;12,731;38,000;-33,000;5,000;rrrrGGGgrrrrGGgg;4,000
J13;67,000;0,000;0,000;12,731;38,000;-33,000;5,000;rrrrGGGgrrrrGGgg;4,000
J13;67,000;0,000;0,000;12,731;38,000;-33,000;5,000;rrrrGGGgrrrrGGgg;4,000
J13;67,000;0,000;0,000;12,731;38,000;-33,000;5,000;rrrrGGGgrrrrGGgg;4,000
J13;67,000;0,000;0,000;12,731;38,000;-33,000;5,000;rrrrGGGgrrrrGGgg;4,000
J13;67,000;0,000;0,000;12,731;38,000;-33,000;5,000;rrrrGGGgrrrrGGgg;4,000
J13;67,000;0,000;0,000;12,731;38,000;-33,000;5,000;rrrrGGGgrrrrGGgg;4,000
J13;67,000;0,000;0,000;12,731;38,000;-33,000;5,000;rrrrGGGgrrrrGGgg;4,000
J13;67,000;0,000;0,000;12,731;38,000;-33,000;5,000;rrrrGGGgrrrrGGgg;4,000
J13;67,000;0,000;0,000;12,731;38,000;0,000;38,000;rrrrGGGgrrrrGGgg;38,000
J13;67,000;0,000;0,000;12,731;38,000;0,000;38,000;rrrrGGGgrrrrGGgg;38,000
J13;68,000;0,000;0,000;12,673;38,000;0,000;38,000;rrrrGGGgrrrrGGgg;37,000
J13;68,000;0,000;0,000;12,673;38,000;0,000;38,000;rrrrGGGgrrrrGGgg;37,000
J13;68,000;0,000;0,000;12,673;38,000;-33,000;5,000;rrrrGGGgrrrrGGgg;4,000
J13;68,000;0,000;0,000;12,673;38,000;-33,000;5,000;rrrrGGGgrrrrGGgg;4,000
J13;68,000;0,000;0,000;12,673;38,000;-33,000;5,000;rrrrGGGgrrrrGGgg;4,000
J13;68,000;0,000;0,000;12,673;38,000;-33,000;5,000;rrrrGGGgrrrrGGgg;4,000
J13;68,000;0,000;0,000;12,673;38,000;-33,000;5,000;rrrrGGGgrrrrGGgg;4,000
J13;68,000;0,000;0,000;12,673;38,000;-33,000;5,000;rrrrGGGgrrrrGGgg;4,000
J13;68,000;0,000;0,000;12,673;38,000;-33,000;5,000;rrrrGGGgrrrrGGgg;4,000
J13;68,000;0,000;0,000;12,673;38,000;-33,000;5,000;rrrrGGGgrrrrGGgg;4,000
J13;68,000;0,000;0,000;12,673;38,000;-33,000;5,000;rrrrGGGgrrrrGGgg;4,000
J13;68,000;0,000;0,000;12,673;38,000;-33,000;5,000;rrrrGGGgrrrrGGgg;4,000
J13;68,000;0,000;0,000;12,673;38,000;-33,000;5,000;rrrrGGGgrrrrGGgg;4,000
J13;68,000;0,000;0,000;12,673;38,000;0,000;38,000;rrrrGGGgrrrrGGgg;38,000
J13;68,000;0,000;0,000;12,673;38,000;0,000;38,000;rrrrGGGgrrrrGGgg;38,000
J13;69,000;0,125;0,125;12,481;38,000;0,000;38,000;rrrrGGGgrrrrGGgg;37,000
J13;69,000;0,125;0,125;12,481;38,000;0,000;38,000;rrrrGGGgrrrrGGgg;37,000
J13;69,000;0,125;0,125;12,481;38,000;0,000;38,000;rrrrGGGgrrrrGGgg;37,000
J13;69,000;0,125;0,125;12,481;38,000;0,000;38,000;rrrrGGGgrrrrGGgg;37,000
J13;69,000;0,125;0,125;12,481;38,000;0,000;38,000;rrrrGGGgrrrrGGgg;37,000
J13;69,000;0,125;0,125;12,481;38,000;0,000;38,000;rrrrGGGgrrrrGGgg;37,000
J13;69,000;0,125;0,125;12,481;38,000;0,000;38,000;rrrrGGGgrrrrGGgg;37,000
J13;69,000;0,125;0,125;12,481;38,000;0,000;38,000;rrrrGGGgrrrrGGgg;37,000
J13;69,000;0,125;0,125;12,481;38,000;0,000;38,000;rrrrGGGgrrrrGGgg;37,000
J13;69,000;0,125;0,125;12,481;38,000;0,000;38,000;rrrrGGGgrrrrGGgg;37,000
J13;69,000;0,125;0,125;12,481;38,000;0,000;38,000;rrrrGGGgrrrrGGgg;37,000
J13;69,000;0,125;0,125;12,481;4,000;1,000;5,000;rrrryyyyrrrryyyy;4,000
J13;69,000;0,125;0,125;12,481;4,000;1,000;5,000;rrrryyyyrrrryyyy;4,000
J13;70,000;0,125;0,250;12,471;4,000;1,000;5,000;rrrryyyyrrrryyyy;3,000
J13;70,000;0,125;0,250;12,471;4,000;1,000;5,000;rrrryyyyrrrryyyy;3,000
J13;70,000;0,125;0,250;12,471;4,000;1,000;5,000;rrrryyyyrrrryyyy;3,000
J13;70,000;0,125;0,250;12,471;4,000;1,000;5,000;rrrryyyyrrrryyyy;3,000
J13;70,000;0,125;0,250;12,471;4,000;1,000;5,000;rrrryyyyrrrryyyy;3,000
J13;70,000;0,125;0,250;12,471;4,000;1,000;5,000;rrrryyyyrrrryyyy;3,000
J13;70,000;0,125;0,250;12,471;4,000;1,000;5,000;rrrryyyyrrrryyyy;3,000
J13;70,000;0,125;0,250;12,471;4,000;1,000;5,000;rrrryyyyrrrryyyy;3,000
J13;70,000;0,125;0,250;12,471;4,000;1,000;5,000;rrrryyyyrrrryyyy;3,000
J13;70,000;0,125;0,250;12,471;4,000;1,000;5,000;rrrryyyyrrrryyyy;3,000
J13;70,000;0,125;0,250;12,471;4,000;1,000;5,000;rrrryyyyrrrryyyy;3,000
J13;70,000;0,125;0,250;12,471;4,000;1,000;5,000;rrrryyyyrrrryyyy;3,000
J13;70,000;0,125;0,250;12,471;4,000;1,000;5,000;rrrryyyyrrrryyyy;3,000
J13;70,000;0,125;0,250;12,471;4,000;1,000;5,000;rrrryyyyrrrryyyy;3,000
J13;71,000;0,125;0,375;12,345;4,000;1,000;5,000;rrrryyyyrrrryyyy;2,000
J13;71,000;0,125;0,375;12,345;4,000;1,000;5,000;rrrryyyyrrrryyyy;2,000
J13;71,000;0,125;0,375;12,345;4,000;1,000;5,000;rrrryyyyrrrryyyy;2,000
J13;71,000;0,125;0,375;12,345;4,000;1,000;5,000;rrrryyyyrrrryyyy;2,000
J13;71,000;0,125;0,375;12,345;4,000;1,000;5,000;rrrryyyyrrrryyyy;2,000
J13;71,000;0,125;0,375;12,345;4,000;1,000;5,000;rrrryyyyrrrryyyy;2,000
J13;71,000;0,125;0,375;12,345;4,000;1,000;5,000;rrrryyyyrrrryyyy;2,000
J13;71,000;0,125;0,375;12,345;4,000;1,000;5,000;rrrryyyyrrrryyyy;2,000
J13;71,000;0,125;0,375;12,345;4,000;1,000;5,000;rrrryyyyrrrryyyy;2,000
J13;71,000;0,125;0,375;12,345;4,000;1,000;5,000;rrrryyyyrrrryyyy;2,000
J13;71,000;0,125;0,375;12,345;4,000;1,000;5,000;rrrryyyyrrrryyyy;2,000
J13;72,000;0,250;0,625;12,223;4,000;1,000;5,000;rrrryyyyrrrryyyy;1,000
J13;72,000;0,250;0,625;12,223;4,000;1,000;5,000;rrrryyyyrrrryyyy;1,000
J13;72,000;0,250;0,625;12,223;4,000;1,000;5,000;rrrryyyyrrrryyyy;1,000
J13;72,000;0,250;0,625;12,223;4,000;1,000;5,000;rrrryyyyrrrryyyy;1,000
J13;72,000;0,250;0,625;12,223;4,000;1,000;5,000;rrrryyyyrrrryyyy;1,000
J13;72,000;0,250;0,625;12,223;4,000;1,000;5,000;rrrryyyyrrrryyyy;1,000
J13;72,000;0,250;0,625;12,223;4,000;1,000;5,000;rrrryyyyrrrryyyy;1,000
J13;72,000;0,250;0,625;12,223;4,000;1,000;5,000;rrrryyyyrrrryyyy;1,000
J13;72,000;0,250;0,625;12,223;4,000;1,000;5,000;rrrryyyyrrrryyyy;1,000
J13;72,000;0,250;0,625;12,223;4,000;1,000;5,000;rrrryyyyrrrryyyy;1,000
J13;72,000;0,250;0,625;12,223;4,000;1,000;5,000;rrrryyyyrrrryyyy;1,000
J13;72,000;0,250;0,625;12,223;4,000;1,000;5,000;rrrryyyyrrrryyyy;1,000
J13;72,000;0,250;0,625;12,223;4,000;1,000;5,000;rrrryyyyrrrryyyy;1,000
J13;73,000;0,250;0,875;12,271;2,000;5,000;7,000;rrrrrrrrrrrrrrrr;2,000
J13;73,000;0,250;0,875;12,271;2,000;5,000;7,000;rrrrrrrrrrrrrrrr;2,000
J13;73,000;0,250;0,875;12,271;2,000;5,000;7,000;rrrrrrrrrrrrrrrr;2,000
J13;73,000;0,250;0,875;12,271;2,000;5,000;7,000;rrrrrrrrrrrrrrrr;2,000
J13;73,000;0,250;0,875;12,271;2,000;5,000;7,000;rrrrrrrrrrrrrrrr;2,000
J13;73,000;0,250;0,875;12,271;2,000;5,000;7,000;rrrrrrrrrrrrrrrr;2,000
J13;73,000;0,250;0,875;12,271;2,000;5,000;7,000;rrrrrrrrrrrrrrrr;2,000
J13;73,000;0,250;0,875;12,271;2,000;5,000;7,000;rrrrrrrrrrrrrrrr;2,000
J13;73,000;0,250;0,875;12,271;2,000;5,000;7,000;rrrrrrrrrrrrrrrr;2,000
J13;73,000;0,250;0,875;12,271;2,000;5,000;7,000;rrrrrrrrrrrrrrrr;2,000
J13;73,000;0,250;0,875;12,271;37,000;0,000;37,000;GGGgrrrrGGGgrrrr;37,000
J13;73,000;0,250;0,875;12,271;37,000;0,000;37,000;GGGgrrrrGGGgrrrr;37,000
J13;74,000;0,250;0,500;12,208;37,000;0,000;37,000;GGGgrrrrGGGgrrrr;36,000
J13;74,000;0,250;0,500;12,208;37,000;0,000;37,000;GGGgrrrrGGGgrrrr;36,000
J13;74,000;0,250;0,500;12,208;37,000;0,000;37,000;GGGgrrrrGGGgrrrr;36,000
J13;74,000;0,250;0,500;12,208;37,000;14,986;51,986;GGGgrrrrGGGgrrrr;50,986
J13;74,000;0,250;0,500;12,208;37,000;14,986;51,986;GGGgrrrrGGGgrrrr;50,986
J13;74,000;0,250;0,500;12,208;37,000;14,986;51,986;GGGgrrrrGGGgrrrr;50,986
J13;74,000;0,250;0,500;12,208;37,000;14,986;51,986;GGGgrrrrGGGgrrrr;50,986
J13;74,000;0,250;0,500;12,208;37,000;14,986;51,986;GGGgrrrrGGGgrrrr;50,986
J13;74,000;0,250;0,500;12,208;37,000;14,986;51,986;GGGgrrrrGGGgrrrr;50,986
J13;74,000;0,250;0,500;12,208;37,000;14,986;51,986;GGGgrrrrGGGgrrrr;50,986
J13;74,000;0,250;0,500;12,208;37,000;14,986;51,986;GGGgrrrrGGGgrrrr;50,986
J13;74,000;0,250;0,500;12,208;37,000;14,986;51,986;GGGgrrrrGGGgrrrr;50,986
J13;74,000;0,250;0,500;12,208;37,000;14,986;51,986;GGGgrrrrGGGgrrrr;50,986
J13;74,000;0,250;0,500;12,208;37,000;-33,000;4,000;GGGgrrrrGGGgrrrr;3,000
J13;75,000;0,250;0,375;12,230;37,000;-33,000;4,000;GGGgrrrrGGGgrrrr;2,000
J13;75,000;0,250;0,375;12,230;37,000;-32,000;5,000;GGGgrrrrGGGgrrrr;3,000
J13;75,000;0,250;0,375;12,230;37,000;-32,000;5,000;GGGgrrrrGGGgrrrr;3,000
J13;75,000;0,250;0,375;12,230;37,000;-32,000;5,000;GGGgrrrrGGGgrrrr;3,000
J13;75,000;0,250;0,375;12,230;37,000;-32,000;5,000;GGGgrrrrGGGgrrrr;3,000
J13;75,000;0,250;0,375;12,230;37,000;-32,000;5,000;GGGgrrrrGGGgrrrr;3,000
J13;75,000;0,250;0,375;12,230;37,000;-32,000;5,000;GGGgrrrrGGGgrrrr;3,000
J13;75,000;0,250;0,375;12,230;37,000;-32,000;5,000;GGGgrrrrGGGgrrrr;3,000
J13;75,000;0,250;0,375;12,230;37,000;-32,000;5,000;GGGgrrrrGGGgrrrr;3,000
J13;75,000;0,250;0,375;12,230;37,000;-32,000;5,000;GGGgrrrrGGGgrrrr;3,000
J13;75,000;0,250;0,375;12,230;37,000;-32,000;5,000;GGGgrrrrGGGgrrrr;3,000
J13;75,000;0,250;0,375;12,230;37,000;-32,000;5,000;GGGgrrrrGGGgrrrr;3,000
J13;75,000;0,250;0,375;12,230;37,000;-32,000;5,000;GGGgrrrrGGGgrrrr;3,000
J13;76,000;0,125;0,250;12,306;37,000;-32,000;5,000;GGGgrrrrGGGgrrrr;2,000
J13;76,000;0,125;0,250;12,306;37,000;-32,000;5,000;GGGgrrrrGGGgrrrr;2,000
J13;76,000;0,125;0,250;12,306;37,000;-32,000;5,000;GGGgrrrrGGGgrrrr;2,000
J13;76,000;0,125;0,250;12,306;37,000;15,470;52,470;GGGgrrrrGGGgrrrr;49,470
J13;76,000;0,125;0,250;12,306;37,000;15,470;52,470;GGGgrrrrGGGgrrrr;49,470
J13;76,000;0,125;0,250;12,306;37,000;15,470;52,470;GGGgrrrrGGGgrrrr;49,470
J13;76,000;0,125;0,250;12,306;37,000;15,470;52,470;GGGgrrrrGGGgrrrr;49,470
J13;76,000;0,125;0,250;12,306;37,000;15,470;52,470;GGGgrrrrGGGgrrrr;49,470
J13;76,000;0,125;0,250;12,306;37,000;-31,000;6,000;GGGgrrrrGGGgrrrr;3,000
J13;76,000;0,125;0,250;12,306;37,000;-31,000;6,000;GGGgrrrrGGGgrrrr;3,000
J13;77,000;0,125;0,125;12,319;37,000;-31,000;6,000;GGGgrrrrGGGgrrrr;2,000
J13;77,000;0,125;0,125;12,319;37,000;-31,000;6,000;GGGgrrrrGGGgrrrr;2,000
J13;77,000;0,125;0,125;12,319;37,000;15,962;52,962;GGGgrrrrGGGgrrrr;48,962
J13;77,000;0,125;0,125;12,319;37,000;15,962;52,962;GGGgrrrrGGGgrrrr;48,962
J13;77,000;0,125;0,125;12,319;37,000;15,962;52,962;GGGgrrrrGGGgrrrr;48,962
J13;77,000;0,125;0,125;12,319;37,000;15,962;52,962;GGGgrrrrGGGgrrrr;48,962
J13;77,000;0,125;0,125;12,319;37,000;15,962;52,962;GGGgrrrrGGGgrrrr;48,962
J13;77,000;0,125;0,125;12,319;37,000;15,962;52,962;GGGgrrrrGGGgrrrr;48,962
J13;77,000;0,125;0,125;12,319;37,000;15,962;52,962;GGGgrrrrGGGgrrrr;48,962
J13;77,000;0,125;0,125;12,319;37,000;15,962;52,962;GGGgrrrrGGGgrrrr;48,962
J13;77,000;0,125;0,125;12,319;37,000;15,962;52,962;GGGgrrrrGGGgrrrr;48,962
J13;77,000;0,125;0,125;12,319;37,000;15,962;52,962;GGGgrrrrGGGgrrrr;48,962
J13;77,000;0,125;0,125;12,319;37,000;15,962;52,962;GGGgrrrrGGGgrrrr;48,962
J13;77,000;0,125;0,125;12,319;37,000;-30,000;7,000;GGGgrrrrGGGgrrrr;3,000
J13;77,000;0,125;0,125;12,319;37,000;-30,000;7,000;GGGgrrrrGGGgrrrr;3,000
J13;78,000;0,000;0,000;12,425;37,000;-30,000;7,000;GGGgrrrrGGGgrrrr;2,000
J13;78,000;0,000;0,000;12,425;37,000;-30,000;7,000;GGGgrrrrGGGgrrrr;2,000
J13;78,000;0,000;0,000;12,425;37,000;-30,000;7,000;GGGgrrrrGGGgrrrr;2,000
J13;78,000;0,000;0,000;12,425;37,000;-28,000;9,000;GGGgrrrrGGGgrrrr;4,000
J13;78,000;0,000;0,000;12,425;37,000;-28,000;9,000;GGGgrrrrGGGgrrrr;4,000
J13;78,000;0,000;0,000;12,425;37,000;-28,000;9,000;GGGgrrrrGGGgrrrr;4,000
J13;78,000;0,000;0,000;12,425;37,000;-28,000;9,000;GGGgrrrrGGGgrrrr;4,000
J13;78,000;0,000;0,000;12,425;37,000;-28,000;9,000;GGGgrrrrGGGgrrrr;4,000
J13;78,000;0,000;0,000;12,425;37,000;-28,000;9,000;GGGgrrrrGGGgrrrr;4,000
J13;78,000;0,000;0,000;12,425;37,000;-28,000;9,000;GGGgrrrrGGGgrrrr;4,000
J13;78,000;0,000;0,000;12,425;37,000;-28,000;9,000;GGGgrrrrGGGgrrrr;4,000
J13;78,000;0,000;0,000;12,425;37,000;-28,000;9,000;GGGgrrrrGGGgrrrr;4,000
J13;78,000;0,000;0,000;12,425;37,000;-28,000;9,000;GGGgrrrrGGGgrrrr;4,000
J13;78,000;0,000;0,000;12,425;37,000;-29,000;8,000;GGGgrrrrGGGgrrrr;3,000
J13;78,000;0,000;0,000;12,425;37,000;-29,000;8,000;GGGgrrrrGGGgrrrr;3,000
J13;79,000;0,000;0,000;12,458;37,000;-29,000;8,000;GGGgrrrrGGGgrrrr;2,000
J13;79,000;0,000;0,000;12,458;37,000;-29,000;8,000;GGGgrrrrGGGgrrrr;2,000
J13;79,000;0,000;0,000;12,458;37,000;-27,000;10,000;GGGgrrrrGGGgrrrr;4,000
J13;79,000;0,000;0,000;12,458;37,000;-27,000;10,000;GGGgrrrrGGGgrrrr;4,000
J13;79,000;0,000;0,000;12,458;37,000;-27,000;10,000;GGGgrrrrGGGgrrrr;4,000
J13;79,000;0,000;0,000;12,458;37,000;-27,000;10,000;GGGgrrrrGGGgrrrr;4,000
J13;79,000;0,000;0,000;12,458;37,000;-27,000;10,000;GGGgrrrrGGGgrrrr;4,000
J13;79,000;0,000;0,000;12,458;37,000;-27,000;10,000;GGGgrrrrGGGgrrrr;4,000
J13;79,000;0,000;0,000;12,458;37,000;-27,000;10,000;GGGgrrrrGGGgrrrr;4,000
J13;79,000;0,000;0,000;12,458;37,000;-27,000;10,000;GGGgrrrrGGGgrrrr;4,000
J13;79,000;0,000;0,000;12,458;37,000;-27,000;10,000;GGGgrrrrGGGgrrrr;4,000
J13;79,000;0,000;0,000;12,458;37,000;-27,000;10,000;GGGgrrrrGGGgrrrr;4,000
J13;79,000;0,000;0,000;12,458;3,000;8,000;11,000;yyyyrrrryyyyrrrr;5,000
J13;79,000;0,000;0,000;12,458;3,000;8,000;11,000;yyyyrrrryyyyrrrr;5,000
J13;79,000;0,000;0,000;12,618;3,000;8,000;11,000;yyyyrrrryyyyrrrr;5,000
J13;80,000;0,000;0,000;12,618;2,000;7,000;9,000;rrrrrrrrrrrrrrrr;2,000
J13;80,000;0,000;0,000;12,618;2,000;7,000;9,000;rrrrrrrrrrrrrrrr;2,000
J13;80,000;0,000;0,000;12,618;2,000;7,000;9,000;rrrrrrrrrrrrrrrr;2,000
J13;80,000;0,000;0,000;12,618;2,000;7,000;9,000;rrrrrrrrrrrrrrrr;2,000
J13;80,000;0,000;0,000;12,618;2,000;7,000;9,000;rrrrrrrrrrrrrrrr;2,000
J13;80,000;0,000;0,000;12,618;2,000;7,000;9,000;rrrrrrrrrrrrrrrr;2,000
J13;80,000;0,000;0,000;12,618;2,000;7,000;9,000;rrrrrrrrrrrrrrrr;2,000
J13;80,000;0,000;0,000;12,618;2,000;7,000;9,000;rrrrrrrrrrrrrrrr;2,000
J13;80,000;0,000;0,000;12,618;2,000;7,000;9,000;rrrrrrrrrrrrrrrr;2,000
J13;80,000;0,000;0,000;12,618;2,000;7,000;9,000;rrrrrrrrrrrrrrrr;2,000
J13;80,000;0,000;0,000;12,618;2,000;7,000;9,000;rrrrrrrrrrrrrrrr;2,000
J13;80,000;0,000;0,000;12,618;38,000;0,000;38,000;rrrrGGGgrrrrGGgg;38,000
J13;80,000;0,000;0,000;12,618;38,000;0,000;38,000;rrrrGGGgrrrrGGgg;38,000
J13;81,000;0,000;0,000;12,764;38,000;0,000;38,000;rrrrGGGgrrrrGGgg;37,000
J13;81,000;0,000;0,000;12,764;38,000;0,000;38,000;rrrrGGGgrrrrGGgg;37,000
J13;81,000;0,000;0,000;12,764;38,000;-33,000;5,000;rrrrGGGgrrrrGGgg;4,000
J13;81,000;0,000;0,000;12,764;38,000;-33,000;5,000;rrrrGGGgrrrrGGgg;4,000
J13;81,000;0,000;0,000;12,764;38,000;-33,000;5,000;rrrrGGGgrrrrGGgg;4,000
J13;81,000;0,000;0,000;12,764;38,000;-33,000;5,000;rrrrGGGgrrrrGGgg;4,000
J13;81,000;0,000;0,000;12,764;38,000;-33,000;5,000;rrrrGGGgrrrrGGgg;4,000
J13;81,000;0,000;0,000;12,764;38,000;-33,000;5,000;rrrrGGGgrrrrGGgg;4,000
J13;81,000;0,000;0,000;12,764;38,000;-33,000;5,000;rrrrGGGgrrrrGGgg;4,000
J13;81,000;0,000;0,000;12,764;38,000;-33,000;5,000;rrrrGGGgrrrrGGgg;4,000
J13;81,000;0,000;0,000;12,764;38,000;-33,000;5,000;rrrrGGGgrrrrGGgg;4,000
J13;81,000;0,000;0,000;12,764;38,000;-33,000;5,000;rrrrGGGgrrrrGGgg;4,000
J13;81,000;0,000;0,000;12,764;38,000;0,000;38,000;rrrrGGGgrrrrGGgg;38,000
J13;81,000;0,000;0,000;12,764;38,000;0,000;38,000;rrrrGGGgrrrrGGgg;38,000
J13;82,000;0,000;0,000;12,679;38,000;0,000;38,000;rrrrGGGgrrrrGGgg;37,000
J13;82,000;0,000;0,000;12,679;38,000;0,000;38,000;rrrrGGGgrrrrGGgg;37,000
J13;82,000;0,000;0,000;12,679;38,000;0,000;38,000;rrrrGGGgrrrrGGgg;37,000
J13;82,000;0,000;0,000;12,679;38,000;-33,000;5,000;rrrrGGGgrrrrGGgg;4,000
J13;82,000;0,000;0,000;12,679;38,000;-33,000;5,000;rrrrGGGgrrrrGGgg;4,000
J13;82,000;0,000;0,000;12,679;38,000;-33,000;5,000;rrrrGGGgrrrrGGgg;4,000
J13;82,000;0,000;0,000;12,679;38,000;-33,000;5,000;rrrrGGGgrrrrGGgg;4,000
J13;82,000;0,000;0,000;12,679;38,000;-33,000;5,000;rrrrGGGgrrrrGGgg;4,000
J13;82,000;0,000;0,000;12,679;38,000;-33,000;5,000;rrrrGGGgrrrrGGgg;4,000
J13;82,000;0,000;0,000;12,679;38,000;-33,000;5,000;rrrrGGGgrrrrGGgg;4,000
J13;82,000;0,000;0,000;12,679;38,000;-33,000;5,000;rrrrGGGgrrrrGGgg;4,000
J13;82,000;0,000;0,000;12,679;38,000;-33,000;5,000;rrrrGGGgrrrrGGgg;4,000
J13;82,000;0,000;0,000;12,679;38,000;-33,000;5,000;rrrrGGGgrrrrGGgg;4,000
J13;82,000;0,000;0,000;12,679;38,000;-33,000;5,000;rrrrGGGgrrrrGGgg;4,000
J13;82,000;0,000;0,000;12,679;38,000;0,000;38,000;rrrrGGGgrrrrGGgg;38,000
J13;83,000;0,000;0,000;12,539;38,000;0,000;38,000;rrrrGGGgrrrrGGgg;37,000
J13;83,000;0,000;0,000;12,539;38,000;0,000;38,000;rrrrGGGgrrrrGGgg;37,000
J13;83,000;0,000;0,000;12,539;38,000;0,000;38,000;rrrrGGGgrrrrGGgg;37,000
J13;83,000;0,000;0,000;12,539;38,000;-33,000;5,000;rrrrGGGgrrrrGGgg;4,000
J13;83,000;0,000;0,000;12,539;38,000;-33,000;5,000;rrrrGGGgrrrrGGgg;4,000
J13;83,000;0,000;0,000;12,539;38,000;-33,000;5,000;rrrrGGGgrrrrGGgg;4,000
J13;83,000;0,000;0,000;12,539;38,000;0,000;38,000;rrrrGGGgrrrrGGgg;38,000
J13;83,000;0,000;0,000;12,598;38,000;0,000;38,000;rrrrGGGgrrrrGGgg;38,000
J13;84,000;0,000;0,000;12,598;38,000;0,000;38,000;rrrrGGGgrrrrGGgg;37,000
J13;84,000;0,000;0,000;12,598;38,000;0,000;38,000;rrrrGGGgrrrrGGgg;37,000
J13;84,000;0,000;0,000;12,598;38,000;0,000;38,000;rrrrGGGgrrrrGGgg;37,000
J13;84,000;0,000;0,000;12,598;38,000;-33,000;5,000;rrrrGGGgrrrrGGgg;4,000
J13;84,000;0,000;0,000;12,598;38,000;-33,000;5,000;rrrrGGGgrrrrGGgg;4,000
J13;84,000;0,000;0,000;12,598;38,000;-33,000;5,000;rrrrGGGgrrrrGGgg;4,000
J13;84,000;0,000;0,000;12,598;38,000;-33,000;5,000;rrrrGGGgrrrrGGgg;4,000
J13;84,000;0,000;0,000;12,598;38,000;-33,000;5,000;rrrrGGGgrrrrGGgg;4,000
J13;84,000;0,000;0,000;12,598;38,000;-33,000;5,000;rrrrGGGgrrrrGGgg;4,000
J13;84,000;0,000;0,000;12,598;38,000;-33,000;5,000;rrrrGGGgrrrrGGgg;4,000
J13;84,000;0,000;0,000;12,598;38,000;-33,000;5,000;rrrrGGGgrrrrGGgg;4,000
J13;84,000;0,000;0,000;12,598;38,000;-33,000;5,000;rrrrGGGgrrrrGGgg;4,000
J13;84,000;0,000;0,000;12,598;38,000;-33,000;5,000;rrrrGGGgrrrrGGgg;4,000
J13;84,000;0,000;0,000;12,598;38,000;-33,000;5,000;rrrrGGGgrrrrGGgg;4,000
J13;84,000;0,000;0,000;12,598;38,000;0,000;38,000;rrrrGGGgrrrrGGgg;38,000
J13;85,000;0,125;0,125;12,422;38,000;0,000;38,000;rrrrGGGgrrrrGGgg;37,000
J13;85,000;0,125;0,125;12,422;38,000;0,000;38,000;rrrrGGGgrrrrGGgg;37,000
J13;85,000;0,125;0,125;12,422;38,000;0,000;38,000;rrrrGGGgrrrrGGgg;37,000
J13;85,000;0,125;0,125;12,422;38,000;0,000;38,000;rrrrGGGgrrrrGGgg;37,000
J13;85,000;0,125;0,125;12,422;38,000;0,000;38,000;rrrrGGGgrrrrGGgg;37,000
J13;85,000;0,125;0,125;12,422;38,000;0,000;38,000;rrrrGGGgrrrrGGgg;37,000
J13;85,000;0,125;0,125;12,422;38,000;0,000;38,000;rrrrGGGgrrrrGGgg;37,000
J13;85,000;0,125;0,125;12,422;38,000;0,000;38,000;rrrrGGGgrrrrGGgg;37,000
J13;85,000;0,125;0,125;12,422;38,000;0,000;38,000;rrrrGGGgrrrrGGgg;37,000
J13;85,000;0,125;0,125;12,422;38,000;0,000;38,000;rrrrGGGgrrrrGGgg;37,000
J13;85,000;0,125;0,125;12,422;38,000;0,000;38,000;rrrrGGGgrrrrGGgg;37,000
J13;85,000;0,125;0,125;12,422;38,000;0,000;38,000;rrrrGGGgrrrrGGgg;37,000
J13;85,000;0,125;0,125;12,422;38,000;0,000;38,000;rrrrGGGgrrrrGGgg;37,000
J13;85,000;0,125;0,125;12,422;38,000;0,000;38,000;rrrrGGGgrrrrGGgg;37,000
J13;85,000;0,125;0,125;12,422;38,000;0,000;38,000;rrrrGGGgrrrrGGgg;37,000
J13;85,000;0,125;0,125;12,422;3,000;7,000;10,000;rrrryyygrrrryygg;10,000
J13;86,000;0,125;0,250;12,426;3,000;7,000;10,000;rrrryyygrrrryygg;9,000
J13;86,000;0,125;0,250;12,426;3,000;7,000;10,000;rrrryyygrrrryygg;9,000
J13;86,000;0,125;0,250;12,426;3,000;7,000;10,000;rrrryyygrrrryygg;9,000
J13;86,000;0,125;0,250;12,426;3,000;7,000;10,000;rrrryyygrrrryygg;9,000
J13;86,000;0,125;0,250;12,426;3,000;7,000;10,000;rrrryyygrrrryygg;9,000
J13;86,000;0,125;0,250;12,426;3,000;7,000;10,000;rrrryyygrrrryygg;9,000
J13;86,000;0,125;0,250;12,426;3,000;7,000;10,000;rrrryyygrrrryygg;9,000
J13;86,000;0,125;0,250;12,426;3,000;7,000;10,000;rrrryyygrrrryygg;9,000
J13;86,000;0,125;0,250;12,426;3,000;7,000;10,000;rrrryyygrrrryygg;9,000
J13;86,000;0,125;0,250;12,426;3,000;7,000;10,000;rrrryyygrrrryygg;9,000
J13;86,000;0,125;0,250;12,426;3,000;7,000;10,000;rrrryyygrrrryygg;9,000
J13;86,000;0,125;0,250;12,426;3,000;7,000;10,000;rrrryyygrrrryygg;9,000
J13;86,000;0,125;0,250;12,426;3,000;7,000;10,000;rrrryyygrrrryygg;9,000
J13;86,000;0,125;0,250;12,426;3,000;7,000;10,000;rrrryyygrrrryygg;9,000
J13;86,000;0,125;0,250;12,426;38,000;0,000;38,000;rrrrGGGgrrrrGGgg;38,000
J13;86,000;0,125;0,250;12,426;38,000;0,000;38,000;rrrrGGGgrrrrGGgg;38,000
J13;87,000;0,250;0,500;12,286;38,000;0,000;38,000;rrrrGGGgrrrrGGgg;37,000
J13;87,000;0,250;0,500;12,286;38,000;0,000;38,000;rrrrGGGgrrrrGGgg;37,000
J13;87,000;0,250;0,500;12,286;38,000;0,000;38,000;rrrrGGGgrrrrGGgg;37,000
J13;87,000;0,250;0,500;12,286;38,000;0,000;38,000;rrrrGGGgrrrrGGgg;37,000
J13;87,000;0,250;0,500;12,286;38,000;0,000;38,000;rrrrGGGgrrrrGGgg;37,000
J13;87,000;0,250;0,500;12,286;38,000;0,000;38,000;rrrrGGGgrrrrGGgg;37,000
J13;87,000;0,250;0,500;12,286;38,000;0,000;38,000;rrrrGGGgrrrrGGgg;37,000
J13;87,000;0,250;0,500;12,286;38,000;0,000;38,000;rrrrGGGgrrrrGGgg;37,000
J13;87,000;0,250;0,500;12,286;38,000;0,000;38,000;rrrrGGGgrrrrGGgg;37,000
J13;87,000;0,250;0,500;12,286;38,000;0,000;38,000;rrrrGGGgrrrrGGgg;37,000
J13;87,000;0,250;0,500;12,286;38,000;0,000;38,000;rrrrGGGgrrrrGGgg;37,000
J13;87,000;0,250;0,500;12,286;38,000;0,000;38,000;rrrrGGGgrrrrGGgg;37,000
J13;87,000;0,250;0,500;12,286;38,000;0,000;38,000;rrrrGGGgrrrrGGgg;37,000
J13;87,000;0,250;0,500;12,286;38,000;0,000;38,000;rrrrGGGgrrrrGGgg;37,000
J13;87,000;0,250;0,500;12,286;38,000;0,000;38,000;rrrrGGGgrrrrGGgg;38,000
J13;88,000;0,375;0,875;12,210;38,000;0,000;38,000;rrrrGGGgrrrrGGgg;37,000
J13;88,000;0,375;0,875;12,210;38,000;0,000;38,000;rrrrGGGgrrrrGGgg;37,000
J13;88,000;0,375;0,875;12,210;38,000;0,000;38,000;rrrrGGGgrrrrGGgg;37,000
J13;88,000;0,375;0,875;12,210;38,000;0,000;38,000;rrrrGGGgrrrrGGgg;37,000
J13;88,000;0,375;0,875;12,210;38,000;0,000;38,000;rrrrGGGgrrrrGGgg;37,000
J13;88,000;0,375;0,875;12,210;38,000;0,000;38,000;rrrrGGGgrrrrGGgg;37,000
J13;88,000;0,375;0,875;12,210;38,000;0,000;38,000;rrrrGGGgrrrrGGgg;37,000
J13;88,000;0,375;0,875;12,210;38,000;0,000;38,000;rrrrGGGgrrrrGGgg;37,000
J13;88,000;0,375;0,875;12,210;38,000;0,000;38,000;rrrrGGGgrrrrGGgg;37,000
J13;88,000;0,375;0,875;12,210;38,000;0,000;38,000;rrrrGGGgrrrrGGgg;37,000
J13;88,000;0,375;0,875;12,210;38,000;0,000;38,000;rrrrGGGgrrrrGGgg;37,000
J13;88,000;0,375;0,875;12,210;38,000;0,000;38,000;rrrrGGGgrrrrGGgg;37,000
J13;88,000;0,375;0,875;12,210;38,000;0,000;38,000;rrrrGGGgrrrrGGgg;37,000
J13;88,000;0,375;0,875;12,210;38,000;0,000;38,000;rrrrGGGgrrrrGGgg;37,000
J13;88,000;0,375;0,875;12,210;38,000;0,000;38,000;rrrrGGGgrrrrGGgg;38,000
J13;88,000;0,375;0,875;12,210;38,000;0,000;38,000;rrrrGGGgrrrrGGgg;38,000
J13;89,000;0,375;1,250;12,224;38,000;0,000;38,000;rrrrGGGgrrrrGGgg;37,000
J13;89,000;0,375;1,250;12,224;38,000;0,000;38,000;rrrrGGGgrrrrGGgg;37,000
J13;89,000;0,375;1,250;12,224;38,000;0,000;38,000;rrrrGGGgrrrrGGgg;37,000
J13;89,000;0,375;1,250;12,224;38,000;0,000;38,000;rrrrGGGgrrrrGGgg;37,000
J13;89,000;0,375;1,250;12,224;38,000;0,000;38,000;rrrrGGGgrrrrGGgg;37,000
J13;89,000;0,375;1,250;12,224;38,000;0,000;38,000;rrrrGGGgrrrrGGgg;37,000
J13;89,000;0,375;1,250;12,224;38,000;0,000;38,000;rrrrGGGgrrrrGGgg;37,000
J13;89,000;0,375;1,250;12,224;38,000;0,000;38,000;rrrrGGGgrrrrGGgg;37,000
J13;89,000;0,375;1,250;12,224;38,000;0,000;38,000;rrrrGGGgrrrrGGgg;37,000
J13;89,000;0,375;1,250;12,224;38,000;0,000;38,000;rrrrGGGgrrrrGGgg;37,000
J13;89,000;0,375;1,250;12,224;38,000;0,000;38,000;rrrrGGGgrrrrGGgg;37,000
J13;89,000;0,375;1,250;12,224;38,000;0,000;38,000;rrrrGGGgrrrrGGgg;37,000
J13;89,000;0,375;1,250;12,224;38,000;0,000;38,000;rrrrGGGgrrrrGGgg;37,000
J13;89,000;0,375;1,250;12,224;38,000;0,000;38,000;rrrrGGGgrrrrGGgg;38,000
J13;90,000;0,375;1,625;12,174;38,000;0,000;38,000;rrrrGGGgrrrrGGgg;37,000
J13;90,000;0,375;1,625;12,174;38,000;0,000;38,000;rrrrGGGgrrrrGGgg;37,000
J13;90,000;0,375;1,625;12,174;38,000;0,000;38,000;rrrrGGGgrrrrGGgg;37,000
J13;90,000;0,375;1,625;12,174;38,000;0,000;38,000;rrrrGGGgrrrrGGgg;37,000
J13;90,000;0,375;1,625;12,174;38,000;0,000;38,000;rrrrGGGgrrrrGGgg;37,000
J13;90,000;0,375;1,625;12,174;38,000;0,000;38,000;rrrrGGGgrrrrGGgg;37,000
J13;90,000;0,375;1,625;12,174;38,000;0,000;38,000;rrrrGGGgrrrrGGgg;37,000
J13;90,000;0,375;1,625;12,174;38,000;0,000;38,000;rrrrGGGgrrrrGGgg;37,000
J13;90,000;0,375;1,625;12,174;38,000;0,000;38,000;rrrrGGGgrrrrGGgg;37,000
J13;90,000;0,375;1,625;12,174;38,000;0,000;38,000;rrrrGGGgrrrrGGgg;37,000
J13;90,000;0,375;1,625;12,174;38,000;0,000;38,000;rrrrGGGgrrrrGGgg;37,000
J13;90,000;0,375;1,625;12,174;38,000;0,000;38,000;rrrrGGGgrrrrGGgg;37,000
J13;90,000;0,375;1,625;12,174;38,000;0,000;38,000;rrrrGGGgrrrrGGgg;37,000
J13;90,000;0,375;1,625;12,174;38,000;0,000;38,000;rrrrGGGgrrrrGGgg;37,000
J13;90,000;0,375;1,625;12,174;38,000;0,000;38,000;rrrrGGGgrrrrGGgg;37,000
J13;90,000;0,375;1,625;12,174;38,000;0,000;38,000;rrrrGGGgrrrrGGgg;37,000
J13;90,000;0,375;1,625;12,174;38,000;0,000;38,000;rrrrGGGgrrrrGGgg;38,000
J13;91,000;0,500;2,125;12,166;38,000;0,000;38,000;rrrrGGGgrrrrGGgg;37,000
J13;91,000;0,500;2,125;12,166;38,000;0,000;38,000;rrrrGGGgrrrrGGgg;37,000
J13;91,000;0,500;2,125;12,166;38,000;0,000;38,000;rrrrGGGgrrrrGGgg;37,000
J13;91,000;0,500;2,125;12,166;38,000;0,000;38,000;rrrrGGGgrrrrGGgg;37,000
J13;91,000;0,500;2,125;12,166;38,000;0,000;38,000;rrrrGGGgrrrrGGgg;37,000
J13;91,000;0,500;2,125;12,166;38,000;0,000;38,000;rrrrGGGgrrrrGGgg;37,000
J13;91,000;0,500;2,125;12,166;38,000;0,000;38,000;rrrrGGGgrrrrGGgg;37,000
J13;91,000;0,500;2,125;12,166;38,000;0,000;38,000;rrrrGGGgrrrrGGgg;37,000
J13;91,000;0,500;2,125;12,166;38,000;0,000;38,000;rrrrGGGgrrrrGGgg;37,000
J13;91,000;0,500;2,125;12,166;38,000;0,000;38,000;rrrrGGGgrrrrGGgg;37,000
J13;91,000;0,500;2,125;12,166;38,000;0,000;38,000;rrrrGGGgrrrrGGgg;37,000
J13;91,000;0,500;2,125;12,166;38,000;0,000;38,000;rrrrGGGgrrrrGGgg;37,000
J13;91,000;0,500;2,125;12,166;38,000;0,000;38,000;rrrrGGGgrrrrGGgg;37,000
J13;91,000;0,500;2,125;12,166;38,000;0,000;38,000;rrrrGGGgrrrrGGgg;37,000
J13;91,000;0,500;2,125;12,166;38,000;0,000;38,000;rrrrGGGgrrrrGGgg;37,000
J13;91,000;0,500;2,125;12,166;38,000;0,000;38,000;rrrrGGGgrrrrGGgg;38,000
J13;91,000;0,500;2,125;12,166;38,000;0,000;38,000;rrrrGGGgrrrrGGgg;38,000
J13;91,000;0,500;2,125;12,166;38,000;0,000;38,000;rrrrGGGgrrrrGGgg;38,000
J13;92,000;0,625;2,750;12,160;38,000;0,000;38,000;rrrrGGGgrrrrGGgg;37,000
J13;92,000;0,625;2,750;12,160;38,000;0,000;38,000;rrrrGGGgrrrrGGgg;37,000
J13;92,000;0,625;2,750;12,160;38,000;0,000;38,000;rrrrGGGgrrrrGGgg;37,000
J13;92,000;0,625;2,750;12,160;38,000;0,000;38,000;rrrrGGGgrrrrGGgg;37,000
J13;92,000;0,625;2,750;12,160;38,000;0,000;38,000;rrrrGGGgrrrrGGgg;37,000
J13;92,000;0,625;2,750;12,160;38,000;0,000;38,000;rrrrGGGgrrrrGGgg;37,000
J13;92,000;0,625;2,750;12,160;38,000;0,000;38,000;rrrrGGGgrrrrGGgg;37,000
J13;92,000;0,625;2,750;12,160;38,000;0,000;38,000;rrrrGGGgrrrrGGgg;37,000
J13;92,000;0,625;2,750;12,160;38,000;0,000;38,000;rrrrGGGgrrrrGGgg;37,000
J13;92,000;0,625;2,750;12,160;38,000;0,000;38,000;rrrrGGGgrrrrGGgg;37,000
J13;92,000;0,625;2,750;12,160;38,000;0,000;38,000;rrrrGGGgrrrrGGgg;37,000
J13;92,000;0,625;2,750;12,160;38,000;0,000;38,000;rrrrGGGgrrrrGGgg;37,000
J13;92,000;0,625;2,750;12,160;38,000;0,000;38,000;rrrrGGGgrrrrGGgg;37,000
J13;92,000;0,625;2,750;12,160;38,000;0,000;38,000;rrrrGGGgrrrrGGgg;37,000
J13;92,000;0,625;2,750;12,160;38,000;0,000;38,000;rrrrGGGgrrrrGGgg;38,000
J13;93,000;0,750;3,500;12,155;38,000;0,000;38,000;rrrrGGGgrrrrGGgg;37,000
J13;93,000;0,750;3,500;12,155;38,000;0,000;38,000;rrrrGGGgrrrrGGgg;37,000
J13;93,000;0,750;3,500;12,155;38,000;0,000;38,000;rrrrGGGgrrrrGGgg;37,000
J13;93,000;0,750;3,500;12,155;38,000;0,000;38,000;rrrrGGGgrrrrGGgg;37,000
J13;93,000;0,750;3,500;12,155;38,000;0,000;38,000;rrrrGGGgrrrrGGgg;37,000
J13;93,000;0,750;3,500;12,155;38,000;0,000;38,000;rrrrGGGgrrrrGGgg;37,000
J13;93,000;0,750;3,500;12,155;38,000;0,000;38,000;rrrrGGGgrrrrGGgg;37,000
J13;93,000;0,750;3,500;12,155;38,000;0,000;38,000;rrrrGGGgrrrrGGgg;37,000
J13;93,000;0,750;3,500;12,155;38,000;0,000;38,000;rrrrGGGgrrrrGGgg;37,000
J13;93,000;0,750;3,500;12,155;38,000;0,000;38,000;rrrrGGGgrrrrGGgg;37,000
J13;93,000;0,750;3,500;12,155;38,000;0,000;38,000;rrrrGGGgrrrrGGgg;37,000
J13;93,000;0,750;3,500;12,155;38,000;0,000;38,000;rrrrGGGgrrrrGGgg;37,000
J13;93,000;0,750;3,500;12,155;38,000;0,000;38,000;rrrrGGGgrrrrGGgg;37,000
J13;93,000;0,750;3,500;12,155;38,000;0,000;38,000;rrrrGGGgrrrrGGgg;37,000
J13;93,000;0,750;3,500;12,155;2,000;8,000;10,000;rGGGrrrrrrrrrrrr;10,000
J13;93,000;0,750;3,500;12,155;2,000;8,000;10,000;rGGGrrrrrrrrrrrr;10,000
J13;94,000;0,625;3,000;12,154;2,000;8,000;10,000;rGGGrrrrrrrrrrrr;9,000
J13;94,000;0,625;3,000;12,154;2,000;8,000;10,000;rGGGrrrrrrrrrrrr;9,000
J13;94,000;0,625;3,000;12,154;2,000;8,000;10,000;rGGGrrrrrrrrrrrr;9,000
J13;94,000;0,625;3,000;12,154;2,000;15,476;17,476;rGGGrrrrrrrrrrrr;16,476
J13;94,000;0,625;3,000;12,154;2,000;15,476;17,476;rGGGrrrrrrrrrrrr;16,476
J13;94,000;0,625;3,000;12,154;2,000;15,476;17,476;rGGGrrrrrrrrrrrr;16,476
J13;94,000;0,625;3,000;12,154;2,000;15,476;17,476;rGGGrrrrrrrrrrrr;16,476
J13;94,000;0,625;3,000;12,154;2,000;15,476;17,476;rGGGrrrrrrrrrrrr;16,476
J13;94,000;0,625;3,000;12,154;2,000;15,476;17,476;rGGGrrrrrrrrrrrr;16,476
J13;94,000;0,625;3,000;12,154;2,000;15,476;17,476;rGGGrrrrrrrrrrrr;16,476
J13;94,000;0,625;3,000;12,154;2,000;15,476;17,476;rGGGrrrrrrrrrrrr;16,476
J13;94,000;0,625;3,000;12,154;2,000;15,476;17,476;rGGGrrrrrrrrrrrr;16,476
J13;94,000;0,625;3,000;12,154;2,000;15,476;17,476;rGGGrrrrrrrrrrrr;16,476
J13;94,000;0,625;3,000;12,154;2,000;15,476;17,476;rGGGrrrrrrrrrrrr;16,476
J13;94,000;0,625;3,000;12,154;2,000;15,476;17,476;rGGGrrrrrrrrrrrr;16,476
J13;94,000;0,625;3,000;12,154;2,000;15,476;17,476;rGGGrrrrrrrrrrrr;17,476
J13;94,000;0,625;3,000;12,154;2,000;15,476;17,476;rGGGrrrrrrrrrrrr;17,476
J13;95,000;0,500;2,500;12,208;2,000;15,476;17,476;rGGGrrrrrrrrrrrr;16,476
J13;95,000;0,500;2,500;12,208;2,000;15,476;17,476;rGGGrrrrrrrrrrrr;16,476
J13;95,000;0,500;2,500;12,208;2,000;15,476;17,476;rGGGrrrrrrrrrrrr;16,476
J13;95,000;0,500;2,500;12,208;2,000;15,064;17,064;rGGGrrrrrrrrrrrr;16,064
J13;95,000;0,500;2,500;12,208;2,000;15,064;17,064;rGGGrrrrrrrrrrrr;16,064
J13;95,000;0,500;2,500;12,208;2,000;15,064;17,064;rGGGrrrrrrrrrrrr;16,064
J13;95,000;0,500;2,500;12,208;2,000;15,064;17,064;rGGGrrrrrrrrrrrr;16,064
J13;95,000;0,500;2,500;12,208;2,000;15,064;17,064;rGGGrrrrrrrrrrrr;16,064
J13;95,000;0,500;2,500;12,208;2,000;15,064;17,064;rGGGrrrrrrrrrrrr;16,064
J13;95,000;0,500;2,500;12,208;2,000;15,064;17,064;rGGGrrrrrrrrrrrr;16,064
J13;95,000;0,500;2,500;12,208;2,000;15,064;17,064;rGGGrrrrrrrrrrrr;16,064
J13;95,000;0,500;2,500;12,208;2,000;15,064;17,064;rGGGrrrrrrrrrrrr;16,064
J13;95,000;0,500;2,500;12,208;2,000;15,064;17,064;rGGGrrrrrrrrrrrr;16,064
J13;95,000;0,500;2,500;12,208;2,000;15,064;17,064;rGGGrrrrrrrrrrrr;16,064
J13;95,000;0,500;2,500;12,208;2,000;15,064;17,064;rGGGrrrrrrrrrrrr;16,064
J13;95,000;0,500;2,500;12,208;2,000;2,000;4,000;rGGGrrrrrrrrrrrr;3,000
J13;95,000;0,500;2,500;12,208;2,000;2,000;4,000;rGGGrrrrrrrrrrrr;3,000
J13;96,000;0,375;1,875;12,301;2,000;2,000;4,000;rGGGrrrrrrrrrrrr;2,000
J13;96,000;0,375;1,875;12,301;2,000;3,000;5,000;rGGGrrrrrrrrrrrr;3,000
J13;96,000;0,375;1,875;12,301;2,000;3,000;5,000;rGGGrrrrrrrrrrrr;3,000
J13;96,000;0,375;1,875;12,301;2,000;3,000;5,000;rGGGrrrrrrrrrrrr;3,000
J13;96,000;0,375;1,875;12,301;2,000;3,000;5,000;rGGGrrrrrrrrrrrr;3,000
J13;96,000;0,375;1,875;12,301;2,000;3,000;5,000;rGGGrrrrrrrrrrrr;3,000
J13;96,000;0,375;1,875;12,301;2,000;3,000;5,000;rGGGrrrrrrrrrrrr;3,000
J13;96,000;0,375;1,875;12,301;2,000;3,000;5,000;rGGGrrrrrrrrrrrr;3,000
J13;96,000;0,375;1,875;12,301;2,000;3,000;5,000;rGGGrrrrrrrrrrrr;3,000
J13;96,000;0,375;1,875;12,301;2,000;3,000;5,000;rGGGrrrrrrrrrrrr;3,000
J13;96,000;0,375;1,875;12,301;2,000;3,000;5,000;rGGGrrrrrrrrrrrr;3,000
J13;96,000;0,375;1,875;12,301;2,000;3,000;5,000;rGGGrrrrrrrrrrrr;3,000
J13;96,000;0,375;1,875;12,301;2,000;3,000;5,000;rGGGrrrrrrrrrrrr;3,000
J13;96,000;0,375;1,875;12,301;2,000;3,000;5,000;rGGGrrrrrrrrrrrr;3,000
J13;97,000;0,250;1,375;12,298;2,000;3,000;5,000;rGGGrrrrrrrrrrrr;2,000
J13;97,000;0,250;1,375;12,298;2,000;3,000;5,000;rGGGrrrrrrrrrrrr;2,000
J13;97,000;0,250;1,375;12,298;2,000;3,000;5,000;rGGGrrrrrrrrrrrr;2,000
J13;97,000;0,250;1,375;12,298;2,000;15,679;17,679;rGGGrrrrrrrrrrrr;14,679
J13;97,000;0,250;1,375;12,298;2,000;15,679;17,679;rGGGrrrrrrrrrrrr;14,679
J13;97,000;0,250;1,375;12,298;2,000;15,679;17,679;rGGGrrrrrrrrrrrr;14,679
J13;97,000;0,250;1,375;12,298;2,000;15,679;17,679;rGGGrrrrrrrrrrrr;14,679
J13;97,000;0,250;1,375;12,298;2,000;15,679;17,679;rGGGrrrrrrrrrrrr;14,679
J13;97,000;0,250;1,375;12,298;2,000;15,679;17,679;rGGGrrrrrrrrrrrr;14,679
J13;97,000;0,250;1,375;12,298;2,000;15,679;17,679;rGGGrrrrrrrrrrrr;14,679
J13;97,000;0,250;1,375;12,298;2,000;15,679;17,679;rGGGrrrrrrrrrrrr;14,679
J13;97,000;0,250;1,375;12,298;2,000;15,679;17,679;rGGGrrrrrrrrrrrr;14,679
J13;97,000;0,250;1,375;12,298;2,000;15,679;17,679;rGGGrrrrrrrrrrrr;14,679
J13;97,000;0,250;0,750;12,433;2,000;4,000;6,000;rGGGrrrrrrrrrrrr;3,000
J13;98,000;0,125;0,750;12,433;2,000;4,000;6,000;rGGGrrrrrrrrrrrr;2,000
J13;98,000;0,125;0,750;12,433;2,000;4,000;6,000;rGGGrrrrrrrrrrrr;2,000
J13;98,000;0,125;0,750;12,433;2,000;16,001;18,001;rGGGrrrrrrrrrrrr;14,001
J13;98,000;0,125;0,750;12,433;2,000;16,001;18,001;rGGGrrrrrrrrrrrr;14,001
J13;98,000;0,125;0,750;12,433;2,000;16,001;18,001;rGGGrrrrrrrrrrrr;14,001
J13;98,000;0,125;0,750;12,433;2,000;16,001;18,001;rGGGrrrrrrrrrrrr;14,001
J13;98,000;0,125;0,750;12,433;2,000;16,001;18,001;rGGGrrrrrrrrrrrr;14,001
J13;98,000;0,125;0,750;12,433;2,000;16,001;18,001;rGGGrrrrrrrrrrrr;14,001
J13;98,000;0,125;0,750;12,433;2,000;16,001;18,001;rGGGrrrrrrrrrrrr;14,001
J13;98,000;0,125;0,750;12,433;2,000;16,001;18,001;rGGGrrrrrrrrrrrr;14,001
J13;98,000;0,125;0,750;12,433;2,000;16,001;18,001;rGGGrrrrrrrrrrrr;14,001
J13;98,000;0,125;0,750;12,433;2,000;16,001;18,001;rGGGrrrrrrrrrrrr;14,001
J13;98,000;0,000;0,000;12,459;2,000;5,000;7,000;rGGGrrrrrrrrrrrr;3,000
J13;99,000;0,000;0,000;12,459;2,000;5,000;7,000;rGGGrrrrrrrrrrrr;2,000
J13;99,000;0,000;0,000;12,459;2,000;5,000;7,000;rGGGrrrrrrrrrrrr;2,000
J13;99,000;0,000;0,000;12,459;2,000;5,000;7,000;rGGGrrrrrrrrrrrr;2,000
J13;99,000;0,000;0,000;12,459;2,000;7,000;9,000;rGGGrrrrrrrrrrrr;4,000
J13;99,000;0,000;0,000;12,459;2,000;7,000;9,000;rGGGrrrrrrrrrrrr;4,000
J13;99,000;0,000;0,000;12,459;2,000;7,000;9,000;rGGGrrrrrrrrrrrr;4,000
J13;99,000;0,000;0,000;12,459;2,000;7,000;9,000;rGGGrrrrrrrrrrrr;4,000
J13;99,000;0,000;0,000;12,459;2,000;7,000;9,000;rGGGrrrrrrrrrrrr;4,000
J13;99,000;0,000;0,000;12,459;2,000;7,000;9,000;rGGGrrrrrrrrrrrr;4,000
J13;99,000;0,000;0,000;12,459;2,000;7,000;9,000;rGGGrrrrrrrrrrrr;4,000
J13;99,000;0,000;0,000;12,459;2,000;7,000;9,000;rGGGrrrrrrrrrrrr;4,000
J13;99,000;0,000;0,000;12,459;2,000;7,000;9,000;rGGGrrrrrrrrrrrr;4,000
J13;99,000;0,000;0,000;12,459;2,000;7,000;9,000;rGGGrrrrrrrrrrrr;4,000
J13;99,000;0,000;0,000;12,459;2,000;6,000;8,000;rGGGrrrrrrrrrrrr;3,000
J13;100,000;0,000;0,000;12,638;2,000;6,000;8,000;rGGGrrrrrrrrrrrr;2,000
J13;100,000;0,000;0,000;12,638;2,000;6,000;8,000;rGGGrrrrrrrrrrrr;2,000
J13;100,000;0,000;0,000;12,638;2,000;6,000;8,000;rGGGrrrrrrrrrrrr;2,000
J13;100,000;0,000;0,000;12,638;2,000;6,000;8,000;rGGGrrrrrrrrrrrr;2,000
J13;100,000;0,000;0,000;12,638;2,000;6,000;8,000;rGGGrrrrrrrrrrrr;2,000
J13;100,000;0,000;0,000;12,638;2,000;6,000;8,000;rGGGrrrrrrrrrrrr;2,000
J13;100,000;0,000;0,000;12,638;2,000;8,000;10,000;rGGGrrrrrrrrrrrr;4,000
J13;100,000;0,000;0,000;12,638;2,000;8,000;10,000;rGGGrrrrrrrrrrrr;4,000
J13;100,000;0,000;0,000;12,638;2,000;8,000;10,000;rGGGrrrrrrrrrrrr;4,000
J13;100,000;0,000;0,000;12,638;2,000;8,000;10,000;rGGGrrrrrrrrrrrr;4,000
J13;100,000;0,000;0,000;12,638;2,000;8,000;10,000;rGGGrrrrrrrrrrrr;4,000
J13;100,000;0,000;0,000;12,638;2,000;8,000;10,000;rGGGrrrrrrrrrrrr;4,000
J13;100,000;0,000;0,000;12,638;2,000;8,000;10,000;rGGGrrrrrrrrrrrr;4,000
J13;100,000;0,000;0,000;12,638;2,000;8,000;10,000;rGGGrrrrrrrrrrrr;4,000
J13;100,000;0,000;0,000;12,638;2,000;8,000;10,000;rGGGrrrrrrrrrrrr;4,000
J13;100,000;0,000;0,000;12,638;2,000;8,000;10,000;rGGGrrrrrrrrrrrr;4,000
J13;100,000;0,000;0,000;12,638;2,000;8,000;10,000;rGGGrrrrrrrrrrrr;4,000
J13;100,000;0,000;0,000;12,638;2,000;8,000;10,000;rGGGrrrrrrrrrrrr;4,000
J13;100,000;0,000;0,000;12,638;2,000;7,000;9,000;rGGGrrrrrrrrrrrr;3,000
J13;101,000;0,000;0,000;12,698;2,000;7,000;9,000;rGGGrrrrrrrrrrrr;2,000
J13;101,000;0,000;0,000;12,698;2,000;7,000;9,000;rGGGrrrrrrrrrrrr;2,000
J13;101,000;0,000;0,000;12,698;2,000;7,000;9,000;rGGGrrrrrrrrrrrr;2,000
J13;101,000;0,000;0,000;12,698;2,000;9,000;11,000;rGGGrrrrrrrrrrrr;4,000
J13;101,000;0,000;0,000;12,698;2,000;9,000;11,000;rGGGrrrrrrrrrrrr;4,000
J13;101,000;0,000;0,000;12,698;2,000;9,000;11,000;rGGGrrrrrrrrrrrr;4,000
J13;101,000;0,000;0,000;12,698;2,000;9,000;11,000;rGGGrrrrrrrrrrrr;4,000
J13;101,000;0,000;0,000;12,698;2,000;9,000;11,000;rGGGrrrrrrrrrrrr;4,000
J13;101,000;0,000;0,000;12,698;2,000;9,000;11,000;rGGGrrrrrrrrrrrr;4,000
J13;101,000;0,000;0,000;12,698;2,000;9,000;11,000;rGGGrrrrrrrrrrrr;4,000
J13;101,000;0,000;0,000;12,698;2,000;9,000;11,000;rGGGrrrrrrrrrrrr;4,000
J13;101,000;0,000;0,000;12,698;2,000;9,000;11,000;rGGGrrrrrrrrrrrr;4,000
J13;101,000;0,000;0,000;12,698;2,000;9,000;11,000;rGGGrrrrrrrrrrrr;4,000
J13;101,000;0,000;0,000;12,698;2,000;9,000;11,000;rGGGrrrrrrrrrrrr;4,000
J13;101,000;0,000;0,000;12,698;2,000;9,000;11,000;rGGGrrrrrrrrrrrr;4,000
J13;101,000;0,000;0,000;12,698;2,000;9,000;11,000;rGGGrrrrrrrrrrrr;4,000
J13;101,000;0,000;0,000;12,698;2,000;8,000;10,000;rGGGrrrrrrrrrrrr;3,000
J13;101,000;0,000;0,000;12,698;2,000;8,000;10,000;rGGGrrrrrrrrrrrr;3,000
J13;102,000;0,000;0,000;12,953;2,000;8,000;10,000;rGGGrrrrrrrrrrrr;2,000
J13;102,000;0,000;0,000;12,953;2,000;8,000;10,000;rGGGrrrrrrrrrrrr;2,000
J13;102,000;0,000;0,000;12,953;2,000;8,000;10,000;rGGGrrrrrrrrrrrr;2,000
J13;102,000;0,000;0,000;12,953;2,000;10,000;12,000;rGGGrrrrrrrrrrrr;4,000
J13;102,000;0,000;0,000;12,953;2,000;10,000;12,000;rGGGrrrrrrrrrrrr;4,000
J13;102,000;0,000;0,000;12,953;2,000;10,000;12,000;rGGGrrrrrrrrrrrr;4,000
J13;102,000;0,000;0,000;12,953;2,000;10,000;12,000;rGGGrrrrrrrrrrrr;4,000
J13;102,000;0,000;0,000;12,953;2,000;10,000;12,000;rGGGrrrrrrrrrrrr;4,000
J13;102,000;0,000;0,000;12,953;2,000;10,000;12,000;rGGGrrrrrrrrrrrr;4,000
J13;102,000;0,000;0,000;12,953;2,000;10,000;12,000;rGGGrrrrrrrrrrrr;4,000
J13;102,000;0,000;0,000;12,953;2,000;10,000;12,000;rGGGrrrrrrrrrrrr;4,000
J13;102,000;0,000;0,000;12,953;2,000;10,000;12,000;rGGGrrrrrrrrrrrr;4,000
J13;102,000;0,000;0,000;12,953;2,000;9,000;11,000;rGGGrrrrrrrrrrrr;3,000
J13;102,000;0,000;0,000;12,953;2,000;9,000;11,000;rGGGrrrrrrrrrrrr;3,000
J13;103,000;0,000;0,000;13,124;2,000;9,000;11,000;rGGGrrrrrrrrrrrr;2,000
J13;103,000;0,000;0,000;13,124;2,000;9,000;11,000;rGGGrrrrrrrrrrrr;2,000
J13;103,000;0,000;0,000;13,124;2,000;11,000;13,000;rGGGrrrrrrrrrrrr;4,000
J13;103,000;0,000;0,000;13,124;2,000;11,000;13,000;rGGGrrrrrrrrrrrr;4,000
J13;103,000;0,000;0,000;13,124;2,000;11,000;13,000;rGGGrrrrrrrrrrrr;4,000
J13;103,000;0,000;0,000;13,124;2,000;11,000;13,000;rGGGrrrrrrrrrrrr;4,000
J13;103,000;0,000;0,000;13,124;2,000;11,000;13,000;rGGGrrrrrrrrrrrr;4,000
J13;103,000;0,000;0,000;13,124;2,000;11,000;13,000;rGGGrrrrrrrrrrrr;4,000
J13;103,000;0,000;0,000;13,124;2,000;11,000;13,000;rGGGrrrrrrrrrrrr;4,000
J13;103,000;0,000;0,000;13,124;2,000;11,000;13,000;rGGGrrrrrrrrrrrr;4,000
J13;103,000;0,000;0,000;13,124;2,000;10,000;12,000;rGGGrrrrrrrrrrrr;3,000
J13;104,000;0,000;0,000;13,151;2,000;10,000;12,000;rGGGrrrrrrrrrrrr;2,000
J13;104,000;0,000;0,000;13,151;2,000;10,000;12,000;rGGGrrrrrrrrrrrr;2,000
J13;104,000;0,000;0,000;13,151;2,000;10,000;12,000;rGGGrrrrrrrrrrrr;2,000
J13;104,000;0,000;0,000;13,151;2,000;10,000;12,000;rGGGrrrrrrrrrrrr;2,000
J13;104,000;0,000;0,000;13,151;2,000;12,000;14,000;rGGGrrrrrrrrrrrr;4,000
J13;104,000;0,000;0,000;13,151;2,000;12,000;14,000;rGGGrrrrrrrrrrrr;4,000
J13;104,000;0,000;0,000;13,151;2,000;12,000;14,000;rGGGrrrrrrrrrrrr;4,000
J13;104,000;0,000;0,000;13,151;2,000;12,000;14,000;rGGGrrrrrrrrrrrr;4,000
J13;104,000;0,000;0,000;13,151;2,000;12,000;14,000;rGGGrrrrrrrrrrrr;4,000
J13;104,000;0,000;0,000;13,151;2,000;12,000;14,000;rGGGrrrrrrrrrrrr;4,000
J13;104,000;0,000;0,000;13,151;2,000;12,000;14,000;rGGGrrrrrrrrrrrr;4,000
J13;104,000;0,000;0,000;13,151;2,000;12,000;14,000;rGGGrrrrrrrrrrrr;4,000
J13;104,000;0,000;0,000;13,151;2,000;12,000;14,000;rGGGrrrrrrrrrrrr;4,000
J13;104,000;0,000;0,000;13,151;2,000;11,000;13,000;rGGGrrrrrrrrrrrr;3,000
J13;105,000;0,000;0,000;13,493;2,000;11,000;13,000;rGGGrrrrrrrrrrrr;2,000
J13;105,000;0,000;0,000;13,493;2,000;11,000;13,000;rGGGrrrrrrrrrrrr;2,000
J13;105,000;0,000;0,000;13,493;2,000;11,000;13,000;rGGGrrrrrrrrrrrr;2,000
J13;105,000;0,000;0,000;13,493;2,000;13,000;15,000;rGGGrrrrrrrrrrrr;4,000
J13;105,000;0,000;0,000;13,493;2,000;13,000;15,000;rGGGrrrrrrrrrrrr;4,000
J13;105,000;0,000;0,000;13,493;2,000;13,000;15,000;rGGGrrrrrrrrrrrr;4,000
J13;105,000;0,000;0,000;13,493;2,000;13,000;15,000;rGGGrrrrrrrrrrrr;4,000
J13;105,000;0,000;0,000;13,493;2,000;13,000;15,000;rGGGrrrrrrrrrrrr;4,000
J13;105,000;0,000;0,000;13,493;2,000;13,000;15,000;rGGGrrrrrrrrrrrr;4,000
J13;105,000;0,000;0,000;13,493;2,000;13,000;15,000;rGGGrrrrrrrrrrrr;4,000
J13;105,000;0,000;0,000;13,493;2,000;13,000;15,000;rGGGrrrrrrrrrrrr;4,000
J13;105,000;0,000;0,000;13,493;2,000;12,000;14,000;rGGGrrrrrrrrrrrr;3,000
J13;105,000;0,000;0,000;13,738;2,000;12,000;14,000;rGGGrrrrrrrrrrrr;3,000
J13;106,000;0,000;0,000;13,738;2,000;12,000;14,000;rGGGrrrrrrrrrrrr;2,000
J13;106,000;0,000;0,000;13,738;2,000;12,000;14,000;rGGGrrrrrrrrrrrr;2,000
J13;106,000;0,000;0,000;13,738;2,000;14,000;16,000;rGGGrrrrrrrrrrrr;4,000
J13;106,000;0,000;0,000;13,738;2,000;14,000;16,000;rGGGrrrrrrrrrrrr;4,000
J13;106,000;0,000;0,000;13,738;2,000;14,000;16,000;rGGGrrrrrrrrrrrr;4,000
J13;106,000;0,000;0,000;13,738;2,000;14,000;16,000;rGGGrrrrrrrrrrrr;4,000
J13;107,000;0,000;0,000;13,644;2,000;13,000;15,000;rGGGrrrrrrrrrrrr;2,000
J13;107,000;0,000;0,000;13,644;2,000;15,000;17,000;rGGGrrrrrrrrrrrr;4,000
J13;107,000;0,000;0,000;13,644;2,000;15,000;17,000;rGGGrrrrrrrrrrrr;4,000
J13;107,000;0,000;0,000;13,644;2,000;15,000;17,000;rGGGrrrrrrrrrrrr;4,000
J13;107,000;0,000;0,000;13,644;2,000;15,000;17,000;rGGGrrrrrrrrrrrr;4,000
J13;107,000;0,000;0,000;13,644;2,000;15,000;17,000;rGGGrrrrrrrrrrrr;4,000
J13;107,000;0,000;0,000;13,644;2,000;15,000;17,000;rGGGrrrrrrrrrrrr;4,000
J13;108,000;0,000;0,000;13,473;2,000;14,000;16,000;rGGGrrrrrrrrrrrr;2,000
J13;108,000;0,000;0,000;13,473;2,000;14,000;16,000;rGGGrrrrrrrrrrrr;2,000
J13;108,000;0,000;0,000;13,473;2,000;14,000;16,000;rGGGrrrrrrrrrrrr;2,000
J13;108,000;0,000;0,000;13,473;2,000;16,000;18,000;rGGGrrrrrrrrrrrr;4,000
J13;108,000;0,000;0,000;13,473;2,000;16,000;18,000;rGGGrrrrrrrrrrrr;4,000
J13;108,000;0,000;0,000;13,473;2,000;15,000;17,000;rGGGrrrrrrrrrrrr;3,000
J13;108,000;0,000;0,000;13,473;2,000;15,000;17,000;rGGGrrrrrrrrrrrr;3,000
J13;109,000;0,000;0,000;13,500;2,000;15,000;17,000;rGGGrrrrrrrrrrrr;2,000
J13;109,000;0,000;0,000;13,500;2,000;15,000;17,000;rGGGrrrrrrrrrrrr;2,000
J13;109,000;0,000;0,000;13,500;2,000;17,000;19,000;rGGGrrrrrrrrrrrr;4,000
J13;109,000;0,000;0,000;13,500;2,000;17,000;19,000;rGGGrrrrrrrrrrrr;4,000
J13;109,000;0,000;0,000;13,500;2,000;17,000;19,000;rGGGrrrrrrrrrrrr;4,000
J13;109,000;0,000;0,000;13,500;2,000;17,000;19,000;rGGGrrrrrrrrrrrr;4,000
J13;110,000;0,000;0,000;13,444;2,000;16,000;18,000;rGGGrrrrrrrrrrrr;2,000
J13;110,000;0,000;0,000;13,444;2,000;16,000;18,000;rGGGrrrrrrrrrrrr;2,000
J13;110,000;0,000;0,000;13,444;2,000;16,000;18,000;rGGGrrrrrrrrrrrr;2,000
J13;110,000;0,000;0,000;13,444;2,000;18,000;20,000;rGGGrrrrrrrrrrrr;4,000
J13;110,000;0,000;0,000;13,444;2,000;18,000;20,000;rGGGrrrrrrrrrrrr;4,000
J13;110,000;0,000;0,000;13,444;2,000;18,000;20,000;rGGGrrrrrrrrrrrr;4,000
J13;110,000;0,000;0,000;13,444;2,000;18,000;20,000;rGGGrrrrrrrrrrrr;4,000
J13;110,000;0,000;0,000;13,444;2,000;18,000;20,000;rGGGrrrrrrrrrrrr;4,000
J13;110,000;0,000;0,000;13,444;2,000;18,000;20,000;rGGGrrrrrrrrrrrr;4,000
J13;110,000;0,000;0,000;13,444;2,000;18,000;20,000;rGGGrrrrrrrrrrrr;4,000
J13;110,000;0,000;0,000;13,444;2,000;18,000;20,000;rGGGrrrrrrrrrrrr;4,000
J13;110,000;0,000;0,000;13,444;2,000;18,000;20,000;rGGGrrrrrrrrrrrr;4,000
J13;110,000;0,000;0,000;13,444;2,000;17,000;19,000;rGGGrrrrrrrrrrrr;3,000
J13;111,000;0,000;0,000;13,411;2,000;17,000;19,000;rGGGrrrrrrrrrrrr;2,000
J13;111,000;0,000;0,000;13,411;2,000;17,000;19,000;rGGGrrrrrrrrrrrr;2,000
J13;111,000;0,000;0,000;13,411;2,000;18,172;20,172;rGGGrrrrrrrrrrrr;3,172
J13;111,000;0,000;0,000;13,411;2,000;18,172;20,172;rGGGrrrrrrrrrrrr;3,172
J13;111,000;0,000;0,000;13,411;2,000;18,172;20,172;rGGGrrrrrrrrrrrr;3,172
J13;111,000;0,000;0,000;13,411;2,000;18,172;20,172;rGGGrrrrrrrrrrrr;3,172
J13;111,000;0,000;0,000;13,411;2,000;18,172;20,172;rGGGrrrrrrrrrrrr;3,172
J13;111,000;0,000;0,000;13,411;2,000;18,172;20,172;rGGGrrrrrrrrrrrr;3,172
J13;111,000;0,000;0,000;13,411;2,000;18,172;20,172;rGGGrrrrrrrrrrrr;3,172
J13;111,000;0,000;0,000;13,411;2,000;18,172;20,172;rGGGrrrrrrrrrrrr;3,172
J13;111,000;0,000;0,000;13,411;2,000;18,172;20,172;rGGGrrrrrrrrrrrr;3,172
J13;111,000;0,000;0,000;13,411;2,000;18,172;20,172;rGGGrrrrrrrrrrrr;3,172
J13;111,000;0,000;0,000;13,411;2,000;18,172;20,172;rGGGrrrrrrrrrrrr;3,172
J13;111,000;0,000;0,000;13,411;2,000;18,172;20,172;rGGGrrrrrrrrrrrr;3,172
J13;111,000;0,000;0,000;13,411;2,000;18,172;20,172;rGGGrrrrrrrrrrrr;3,172
J13;111,000;0,000;0,000;13,411;2,000;18,172;20,172;rGGGrrrrrrrrrrrr;3,172
J13;112,000;0,000;0,000;13,495;2,000;18,172;20,172;rGGGrrrrrrrrrrrr;2,172
J13;112,000;0,000;0,000;13,495;2,000;18,172;20,172;rGGGrrrrrrrrrrrr;2,172
J13;112,000;0,000;0,000;13,495;2,000;18,172;20,172;rGGGrrrrrrrrrrrr;2,172
J13;112,000;0,000;0,000;13,495;2,000;18,172;20,172;rGGGrrrrrrrrrrrr;2,172
J13;112,000;0,000;0,000;13,495;2,000;17,677;19,677;rGGGrrrrrrrrrrrr;1,677
J13;112,000;0,000;0,000;13,495;2,000;17,677;19,677;rGGGrrrrrrrrrrrr;1,677
J13;112,000;0,000;0,000;13,495;2,000;17,677;19,677;rGGGrrrrrrrrrrrr;1,677
J13;112,000;0,000;0,000;13,495;2,000;17,677;19,677;rGGGrrrrrrrrrrrr;1,677
J13;112,000;0,000;0,000;13,495;2,000;17,677;19,677;rGGGrrrrrrrrrrrr;1,677
J13;112,000;0,000;0,000;13,495;2,000;17,677;19,677;rGGGrrrrrrrrrrrr;1,677
J13;112,000;0,000;0,000;13,495;2,000;17,677;19,677;rGGGrrrrrrrrrrrr;1,677
J13;112,000;0,000;0,000;13,495;2,000;17,677;19,677;rGGGrrrrrrrrrrrr;1,677
J13;112,000;0,000;0,000;13,495;2,000;17,677;19,677;rGGGrrrrrrrrrrrr;1,677
J13;112,000;0,000;0,000;13,495;2,000;17,677;19,677;rGGGrrrrrrrrrrrr;1,677
J13;112,000;0,000;0,000;13,495;2,000;17,677;19,677;rGGGrrrrrrrrrrrr;1,677
J13;112,000;0,000;0,000;13,495;2,000;19,000;21,000;rGGGrrrrrrrrrrrr;3,000
J13;112,000;0,000;0,000;13,495;2,000;19,000;21,000;rGGGrrrrrrrrrrrr;3,000
J13;112,000;0,000;0,000;13,495;2,000;19,000;21,000;rGGGrrrrrrrrrrrr;3,000
J14;1,000;0,167;0,000;11,575;42,000;0,000;42,000;GGgrrGGG;41,000
J14;1,000;0,167;0,000;11,575;42,000;0,000;42,000;GGgrrGGG;41,000
J14;1,000;0,167;0,000;11,575;42,000;0,000;42,000;GGgrrGGG;41,000
J14;1,000;0,167;0,000;11,575;42,000;0,000;42,000;GGgrrGGG;41,000
J14;1,000;0,167;0,000;11,575;42,000;0,000;42,000;GGgrrGGG;41,000
J14;1,000;0,167;0,000;11,575;42,000;0,000;42,000;GGgrrGGG;41,000
J14;1,000;0,167;0,000;11,575;42,000;0,000;42,000;GGgrrGGG;42,000
J14;1,000;0,167;0,000;11,575;42,000;0,000;42,000;GGgrrGGG;42,000
J14;2,000;0,000;0,000;11,804;42,000;0,000;42,000;GGgrrGGG;41,000
J14;2,000;0,000;0,000;11,804;42,000;0,000;42,000;GGgrrGGG;41,000
J14;2,000;0,000;0,000;11,804;42,000;0,000;42,000;GGgrrGGG;41,000
J14;2,000;0,000;0,000;11,804;42,000;0,000;42,000;GGgrrGGG;41,000
J14;2,000;0,000;0,000;11,804;42,000;-37,000;5,000;GGgrrGGG;4,000
J14;2,000;0,000;0,000;11,804;42,000;-37,000;5,000;GGgrrGGG;4,000
J14;2,000;0,000;0,000;11,804;42,000;-37,000;5,000;GGgrrGGG;4,000
J14;2,000;0,000;0,000;11,804;42,000;-37,000;5,000;GGgrrGGG;4,000
J14;2,000;0,000;0,000;11,804;42,000;-37,000;5,000;GGgrrGGG;4,000
J14;2,000;0,000;0,000;11,804;42,000;-37,000;5,000;GGgrrGGG;4,000
J14;2,000;0,000;0,000;11,804;42,000;-37,000;5,000;GGgrrGGG;4,000
J14;2,000;0,000;0,000;11,804;42,000;-37,000;5,000;GGgrrGGG;4,000
J14;2,000;0,000;0,000;11,804;42,000;-37,000;5,000;GGgrrGGG;4,000
J14;2,000;0,000;0,000;11,804;42,000;-37,000;5,000;GGgrrGGG;4,000
J14;2,000;0,000;0,000;11,804;42,000;0,000;42,000;GGgrrGGG;42,000
J14;2,000;0,000;0,000;11,804;42,000;0,000;42,000;GGgrrGGG;42,000
J14;3,000;0,000;0,000;12,026;42,000;0,000;42,000;GGgrrGGG;41,000
J14;3,000;0,000;0,000;12,026;42,000;0,000;42,000;GGgrrGGG;41,000
J14;3,000;0,000;0,000;12,026;42,000;0,000;42,000;GGgrrGGG;41,000
J14;3,000;0,000;0,000;12,026;42,000;0,000;42,000;GGgrrGGG;41,000
J14;3,000;0,000;0,000;12,026;42,000;-37,000;5,000;GGgrrGGG;4,000
J14;3,000;0,000;0,000;12,026;42,000;-37,000;5,000;GGgrrGGG;4,000
J14;3,000;0,000;0,000;12,026;42,000;-37,000;5,000;GGgrrGGG;4,000
J14;3,000;0,000;0,000;12,026;42,000;-37,000;5,000;GGgrrGGG;4,000
J14;3,000;0,000;0,000;12,026;42,000;-37,000;5,000;GGgrrGGG;4,000
J14;3,000;0,000;0,000;12,026;42,000;-37,000;5,000;GGgrrGGG;4,000
J14;3,000;0,000;0,000;12,026;42,000;-37,000;5,000;GGgrrGGG;4,000
J14;3,000;0,000;0,000;12,026;42,000;-37,000;5,000;GGgrrGGG;4,000
J14;3,000;0,000;0,000;12,026;42,000;-37,000;5,000;GGgrrGGG;4,000
J14;3,000;0,000;0,000;12,026;42,000;-37,000;5,000;GGgrrGGG;4,000
J14;3,000;0,000;0,000;12,026;42,000;0,000;42,000;GGgrrGGG;42,000
J14;3,000;0,000;0,000;12,026;42,000;0,000;42,000;GGgrrGGG;42,000
J14;4,000;0,000;0,000;12,266;42,000;0,000;42,000;GGgrrGGG;41,000
J14;4,000;0,000;0,000;12,266;42,000;0,000;42,000;GGgrrGGG;41,000
J14;4,000;0,000;0,000;12,266;42,000;0,000;42,000;GGgrrGGG;41,000
J14;4,000;0,000;0,000;12,266;42,000;0,000;42,000;GGgrrGGG;41,000
J14;4,000;0,000;0,000;12,266;42,000;-37,000;5,000;GGgrrGGG;4,000
J14;4,000;0,000;0,000;12,266;42,000;-37,000;5,000;GGgrrGGG;4,000
J14;4,000;0,000;0,000;12,266;42,000;-37,000;5,000;GGgrrGGG;4,000
J14;4,000;0,000;0,000;12,266;42,000;-37,000;5,000;GGgrrGGG;4,000
J14;4,000;0,000;0,000;12,266;42,000;-37,000;5,000;GGgrrGGG;4,000
J14;4,000;0,000;0,000;12,266;42,000;-37,000;5,000;GGgrrGGG;4,000
J14;4,000;0,000;0,000;12,266;42,000;-37,000;5,000;GGgrrGGG;4,000
J14;4,000;0,000;0,000;12,266;42,000;-37,000;5,000;GGgrrGGG;4,000
J14;4,000;0,000;0,000;12,266;42,000;-37,000;5,000;GGgrrGGG;4,000
J14;4,000;0,000;0,000;12,266;42,000;-37,000;5,000;GGgrrGGG;4,000
J14;4,000;0,000;0,000;12,266;42,000;0,000;42,000;GGgrrGGG;42,000
J14;4,000;0,000;0,000;12,266;42,000;0,000;42,000;GGgrrGGG;42,000
J14;5,000;0,000;0,000;12,690;42,000;0,000;42,000;GGgrrGGG;41,000
J14;5,000;0,000;0,000;12,690;42,000;0,000;42,000;GGgrrGGG;41,000
J14;5,000;0,000;0,000;12,690;42,000;0,000;42,000;GGgrrGGG;41,000
J14;5,000;0,000;0,000;12,690;42,000;0,000;42,000;GGgrrGGG;41,000
J14;5,000;0,000;0,000;12,690;42,000;0,000;42,000;GGgrrGGG;41,000
J14;5,000;0,000;0,000;12,690;42,000;-37,000;5,000;GGgrrGGG;4,000
J14;5,000;0,000;0,000;12,690;42,000;-37,000;5,000;GGgrrGGG;4,000
J14;5,000;0,000;0,000;12,690;42,000;-37,000;5,000;GGgrrGGG;4,000
J14;5,000;0,000;0,000;12,690;42,000;-37,000;5,000;GGgrrGGG;4,000
J14;5,000;0,000;0,000;12,690;42,000;-37,000;5,000;GGgrrGGG;4,000
J14;5,000;0,000;0,000;12,690;3,000;7,000;10,000;rrryyGrr;10,000
J14;5,000;0,000;0,000;12,690;3,000;7,000;10,000;rrryyGrr;10,000
J14;5,000;0,000;0,000;13,115;3,000;7,000;10,000;rrryyGrr;10,000
J14;6,000;0,000;0,000;13,115;3,000;7,000;10,000;rrryyGrr;9,000
J14;6,000;0,000;0,000;13,115;3,000;7,000;10,000;rrryyGrr;9,000
J14;6,000;0,000;0,000;13,115;3,000;7,000;10,000;rrryyGrr;9,000
J14;6,000;0,000;0,000;13,115;3,000;7,000;10,000;rrryyGrr;9,000
J14;6,000;0,000;0,000;13,115;3,000;2,000;5,000;rrryyGrr;4,000
J14;6,000;0,000;0,000;13,115;3,000;2,000;5,000;rrryyGrr;4,000
J14;6,000;0,000;0,000;13,115;3,000;2,000;5,000;rrryyGrr;4,000
J14;6,000;0,000;0,000;13,115;3,000;2,000;5,000;rrryyGrr;4,000
J14;6,000;0,000;0,000;13,115;3,000;2,000;5,000;rrryyGrr;4,000
J14;6,000;0,000;0,000;13,115;3,000;2,000;5,000;rrryyGrr;4,000
J14;6,000;0,000;0,000;13,115;3,000;2,000;5,000;rrryyGrr;4,000
J14;6,000;0,000;0,000;13,115;3,000;2,000;5,000;rrryyGrr;4,000
J14;6,000;0,000;0,000;13,115;3,000;2,000;5,000;rrryyGrr;4,000
J14;6,000;0,000;0,000;13,115;3,000;2,000;5,000;rrryyGrr;4,000
J14;6,000;0,000;0,000;13,115;3,000;2,000;5,000;rrryyGrr;4,000
J14;6,000;0,000;0,000;13,115;41,000;0,000;41,000;rrrGGGrr;41,000
J14;6,000;0,000;0,000;13,115;41,000;0,000;41,000;rrrGGGrr;41,000
J14;7,000;0,000;0,000;13,536;41,000;0,000;41,000;rrrGGGrr;40,000
J14;7,000;0,000;0,000;13,536;41,000;0,000;41,000;rrrGGGrr;40,000
J14;7,000;0,000;0,000;13,536;41,000;0,000;41,000;rrrGGGrr;40,000
J14;7,000;0,000;0,000;13,536;41,000;0,000;41,000;rrrGGGrr;40,000
J14;7,000;0,000;0,000;13,536;41,000;-36,000;5,000;rrrGGGrr;4,000
J14;7,000;0,000;0,000;13,536;41,000;-36,000;5,000;rrrGGGrr;4,000
J14;7,000;0,000;0,000;13,536;41,000;-36,000;5,000;rrrGGGrr;4,000
J14;7,000;0,000;0,000;13,536;41,000;-36,000;5,000;rrrGGGrr;4,000
J14;7,000;0,000;0,000;13,536;41,000;-36,000;5,000;rrrGGGrr;4,000
J14;7,000;0,000;0,000;13,536;41,000;-36,000;5,000;rrrGGGrr;4,000
J14;7,000;0,000;0,000;13,536;41,000;-36,000;5,000;rrrGGGrr;4,000
J14;7,000;0,000;0,000;13,536;41,000;-36,000;5,000;rrrGGGrr;4,000
J14;7,000;0,000;0,000;13,536;41,000;-36,000;5,000;rrrGGGrr;4,000
J14;7,000;0,000;0,000;13,536;41,000;-36,000;5,000;rrrGGGrr;4,000
J14;7,000;0,000;0,000;13,536;41,000;-36,000;5,000;rrrGGGrr;4,000
J14;7,000;0,000;0,000;13,536;41,000;-36,000;5,000;rrrGGGrr;4,000
J14;7,000;0,000;0,000;13,536;3,000;3,000;6,000;rrryyGrr;5,000
J14;7,000;0,000;0,000;13,536;3,000;3,000;6,000;rrryyGrr;5,000
J14;7,000;0,000;0,000;13,859;3,000;3,000;6,000;rrryyGrr;5,000
J14;8,000;0,000;0,000;13,859;3,000;3,000;6,000;rrryyGrr;4,000
J14;8,000;0,000;0,000;13,859;3,000;3,000;6,000;rrryyGrr;4,000
J14;8,000;0,000;0,000;13,859;3,000;3,000;6,000;rrryyGrr;4,000
J14;8,000;0,000;0,000;13,859;3,000;3,000;6,000;rrryyGrr;4,000
J14;8,000;0,000;0,000;13,859;3,000;3,000;6,000;rrryyGrr;4,000
J14;8,000;0,000;0,000;13,859;3,000;3,000;6,000;rrryyGrr;4,000
J14;8,000;0,000;0,000;13,859;3,000;3,000;6,000;rrryyGrr;4,000
J14;8,000;0,000;0,000;13,859;3,000;3,000;6,000;rrryyGrr;4,000
J14;8,000;0,000;0,000;13,859;3,000;3,000;6,000;rrryyGrr;4,000
J14;8,000;0,000;0,000;13,859;3,000;3,000;6,000;rrryyGrr;4,000
J14;8,000;0,000;0,000;13,859;3,000;3,000;6,000;rrryyGrr;4,000
J14;8,000;0,000;0,000;13,859;3,000;3,000;6,000;rrryyGrr;4,000
J14;8,000;0,000;0,000;13,859;3,000;3,000;6,000;rrryyGrr;4,000
J14;8,000;0,000;0,000;13,859;3,000;3,000;6,000;rrryyGrr;4,000
J14;8,000;0,000;0,000;13,859;3,000;3,000;6,000;rrryyGrr;4,000
J14;8,000;0,000;0,000;13,859;41,000;0,000;41,000;rrrGGGrr;41,000
J14;8,000;0,167;0,000;11,575;41,000;0,000;41,000;rrrGGGrr;41,000
J14;9,000;0,167;0,000;11,575;41,000;0,000;41,000;rrrGGGrr;40,000
J14;9,000;0,167;0,000;11,575;41,000;0,000;41,000;rrrGGGrr;40,000
J14;9,000;0,167;0,000;11,575;41,000;0,000;41,000;rrrGGGrr;40,000
J14;9,000;0,167;0,000;11,575;41,000;0,000;41,000;rrrGGGrr;40,000
J14;9,000;0,167;0,000;11,575;41,000;-36,000;5,000;rrrGGGrr;4,000
J14;9,000;0,167;0,000;11,575;41,000;-36,000;5,000;rrrGGGrr;4,000
J14;9,000;0,167;0,000;11,575;41,000;-36,000;5,000;rrrGGGrr;4,000
J14;9,000;0,167;0,000;11,575;41,000;-36,000;5,000;rrrGGGrr;4,000
J14;9,000;0,167;0,000;11,575;41,000;-36,000;5,000;rrrGGGrr;4,000
J14;9,000;0,167;0,000;11,575;41,000;-36,000;5,000;rrrGGGrr;4,000
J14;9,000;0,167;0,000;11,575;41,000;-36,000;5,000;rrrGGGrr;4,000
J14;9,000;0,167;0,000;11,575;41,000;-37,000;4,000;rrrGGGrr;3,000
J14;9,000;0,167;0,000;11,575;41,000;-37,000;4,000;rrrGGGrr;3,000
J14;10,000;0,000;0,000;12,017;41,000;-37,000;4,000;rrrGGGrr;2,000
J14;10,000;0,000;0,000;12,017;41,000;-37,000;4,000;rrrGGGrr;2,000
J14;10,000;0,000;0,000;12,017;41,000;-37,000;4,000;rrrGGGrr;2,000
J14;10,000;0,000;0,000;12,017;41,000;-37,000;4,000;rrrGGGrr;2,000
J14;10,000;0,000;0,000;12,017;41,000;-35,000;6,000;rrrGGGrr;4,000
J14;10,000;0,000;0,000;12,017;41,000;-35,000;6,000;rrrGGGrr;4,000
J14;10,000;0,000;0,000;12,017;41,000;-35,000;6,000;rrrGGGrr;4,000
J14;10,000;0,000;0,000;12,017;41,000;-35,000;6,000;rrrGGGrr;4,000
J14;10,000;0,000;0,000;12,017;41,000;-35,000;6,000;rrrGGGrr;4,000
J14;10,000;0,000;0,000;12,017;41,000;-35,000;6,000;rrrGGGrr;4,000
J14;10,000;0,000;0,000;12,017;41,000;-35,000;6,000;rrrGGGrr;4,000
J14;10,000;0,000;0,000;12,017;41,000;-35,000;6,000;rrrGGGrr;4,000
J14;10,000;0,000;0,000;12,017;41,000;-35,000;6,000;rrrGGGrr;4,000
J14;10,000;0,000;0,000;12,017;41,000;-35,000;6,000;rrrGGGrr;4,000
J14;10,000;0,000;0,000;12,017;41,000;-36,000;5,000;rrrGGGrr;3,000
J14;10,000;0,000;0,000;12,017;41,000;-36,000;5,000;rrrGGGrr;3,000
J14;11,000;0,000;0,000;13,061;41,000;-36,000;5,000;rrrGGGrr;2,000
J14;11,000;0,000;0,000;13,061;41,000;-36,000;5,000;rrrGGGrr;2,000
J14;11,000;0,000;0,000;13,061;41,000;-36,000;5,000;rrrGGGrr;2,000
J14;11,000;0,000;0,000;13,061;41,000;-36,000;5,000;rrrGGGrr;2,000
J14;11,000;0,000;0,000;13,061;41,000;-34,000;7,000;rrrGGGrr;4,000
J14;11,000;0,000;0,000;13,061;41,000;-34,000;7,000;rrrGGGrr;4,000
J14;11,000;0,000;0,000;13,061;41,000;-34,000;7,000;rrrGGGrr;4,000
J14;11,000;0,000;0,000;13,061;41,000;-34,000;7,000;rrrGGGrr;4,000
J14;11,000;0,000;0,000;13,061;41,000;-34,000;7,000;rrrGGGrr;4,000
J14;11,000;0,000;0,000;13,061;41,000;-34,000;7,000;rrrGGGrr;4,000
J14;11,000;0,000;0,000;13,061;41,000;-34,000;7,000;rrrGGGrr;4,000
J14;11,000;0,000;0,000;13,061;41,000;-34,000;7,000;rrrGGGrr;4,000
J14;11,000;0,000;0,000;13,061;41,000;-35,000;6,000;rrrGGGrr;3,000
J14;11,000;0,000;0,000;13,061;41,000;-35,000;6,000;rrrGGGrr;3,000
J14;11,000;0,000;0,000;13,061;41,000;-35,000;6,000;rrrGGGrr;3,000
J14;12,000;0,000;0,000;13,287;41,000;-35,000;6,000;rrrGGGrr;2,000
J14;12,000;0,000;0,000;13,287;41,000;-35,000;6,000;rrrGGGrr;2,000
J14;12,000;0,000;0,000;13,287;41,000;-35,000;6,000;rrrGGGrr;2,000
J14;12,000;0,000;0,000;13,287;41,000;-35,000;6,000;rrrGGGrr;2,000
J14;12,000;0,000;0,000;13,287;41,000;-33,000;8,000;rrrGGGrr;4,000
J14;12,000;0,000;0,000;13,287;41,000;-33,000;8,000;rrrGGGrr;4,000
J14;12,000;0,000;0,000;13,287;41,000;-33,000;8,000;rrrGGGrr;4,000
J14;12,000;0,000;0,000;13,287;41,000;-33,000;8,000;rrrGGGrr;4,000
J14;12,000;0,000;0,000;13,287;41,000;-33,000;8,000;rrrGGGrr;4,000
J14;12,000;0,000;0,000;13,287;41,000;-33,000;8,000;rrrGGGrr;4,000
J14;12,000;0,000;0,000;13,287;41,000;-33,000;8,000;rrrGGGrr;4,000
J14;12,000;0,000;0,000;13,287;41,000;-33,000;8,000;rrrGGGrr;4,000
J14;12,000;0,000;0,000;13,287;41,000;-33,000;8,000;rrrGGGrr;4,000
J14;12,000;0,000;0,000;13,287;41,000;-33,000;8,000;rrrGGGrr;4,000
J14;12,000;0,000;0,000;13,287;41,000;-34,000;7,000;rrrGGGrr;3,000
J14;12,000;0,000;0,000;13,287;41,000;-34,000;7,000;rrrGGGrr;3,000
J14;12,000;0,000;0,000;13,287;41,000;-34,000;7,000;rrrGGGrr;3,000
J14;13,000;0,000;0,000;13,027;41,000;-34,000;7,000;rrrGGGrr;2,000
J14;13,000;0,000;0,000;13,027;41,000;-34,000;7,000;rrrGGGrr;2,000
J14;13,000;0,000;0,000;13,027;41,000;-34,000;7,000;rrrGGGrr;2,000
J14;13,000;0,000;0,000;13,027;41,000;-34,000;7,000;rrrGGGrr;2,000
J14;13,000;0,000;0,000;13,027;1,000;6,000;7,000;rrrrrrrr;2,000
J14;13,000;0,000;0,000;13,027;1,000;6,000;7,000;rrrrrrrr;2,000
J14;13,000;0,000;0,000;13,027;1,000;6,000;7,000;rrrrrrrr;2,000
J14;13,000;0,000;0,000;13,027;1,000;6,000;7,000;rrrrrrrr;2,000
J14;13,000;0,000;0,000;13,027;1,000;6,000;7,000;rrrrrrrr;2,000
J14;13,000;0,000;0,000;13,027;1,000;6,000;7,000;rrrrrrrr;2,000
J14;13,000;0,000;0,000;13,027;1,000;6,000;7,000;rrrrrrrr;2,000
J14;13,000;0,000;0,000;13,027;1,000;6,000;7,000;rrrrrrrr;2,000
J14;13,000;0,000;0,000;13,027;1,000;6,000;7,000;rrrrrrrr;2,000
J14;13,000;0,000;0,000;13,027;1,000;6,000;7,000;rrrrrrrr;2,000
J14;13,000;0,000;0,000;13,027;42,000;0,000;42,000;GGgrrGGG;42,000
J14;13,000;0,000;0,000;13,027;42,000;0,000;42,000;GGgrrGGG;42,000
J14;14,000;0,000;0,000;13,394;42,000;0,000;42,000;GGgrrGGG;41,000
J14;14,000;0,000;0,000;13,394;42,000;0,000;42,000;GGgrrGGG;41,000
J14;14,000;0,000;0,000;13,394;42,000;0,000;42,000;GGgrrGGG;41,000
J14;14,000;0,000;0,000;13,394;42,000;0,000;42,000;GGgrrGGG;41,000
J14;14,000;0,000;0,000;13,394;42,000;-37,000;5,000;GGgrrGGG;4,000
J14;14,000;0,000;0,000;13,394;42,000;-37,000;5,000;GGgrrGGG;4,000
J14;14,000;0,000;0,000;13,394;42,000;-37,000;5,000;GGgrrGGG;4,000
J14;14,000;0,000;0,000;13,394;42,000;-37,000;5,000;GGgrrGGG;4,000
J14;14,000;0,000;0,000;13,394;42,000;-37,000;5,000;GGgrrGGG;4,000
J14;14,000;0,000;0,000;13,394;42,000;-37,000;5,000;GGgrrGGG;4,000
J14;14,000;0,000;0,000;13,394;42,000;-37,000;5,000;GGgrrGGG;4,000
J14;14,000;0,000;0,000;13,394;42,000;-37,000;5,000;GGgrrGGG;4,000
J14;14,000;0,000;0,000;13,394;42,000;-37,000;5,000;GGgrrGGG;4,000
J14;14,000;0,000;0,000;13,394;42,000;0,000;42,000;GGgrrGGG;42,000
J14;14,000;0,000;0,000;13,394;42,000;0,000;42,000;GGgrrGGG;42,000
J14;15,000;0,000;0,000;13,765;42,000;0,000;42,000;GGgrrGGG;41,000
J14;15,000;0,000;0,000;13,765;42,000;0,000;42,000;GGgrrGGG;41,000
J14;15,000;0,000;0,000;13,765;42,000;0,000;42,000;GGgrrGGG;41,000
J14;15,000;0,000;0,000;13,765;42,000;0,000;42,000;GGgrrGGG;41,000
J14;15,000;0,000;0,000;13,765;42,000;-37,000;5,000;GGgrrGGG;4,000
J14;15,000;0,000;0,000;13,765;42,000;-37,000;5,000;GGgrrGGG;4,000
J14;15,000;0,000;0,000;13,765;42,000;-37,000;5,000;GGgrrGGG;4,000
J14;15,000;0,000;0,000;13,765;42,000;-37,000;5,000;GGgrrGGG;4,000
J14;15,000;0,000;0,000;13,765;42,000;-37,000;5,000;GGgrrGGG;4,000
J14;15,000;0,000;0,000;13,765;42,000;-37,000;5,000;GGgrrGGG;4,000
J14;15,000;0,000;0,000;13,765;42,000;-37,000;5,000;GGgrrGGG;4,000
J14;15,000;0,000;0,000;13,765;42,000;-37,000;5,000;GGgrrGGG;4,000
J14;15,000;0,000;0,000;13,765;42,000;-37,000;5,000;GGgrrGGG;4,000
J14;15,000;0,000;0,000;13,765;42,000;-37,000;5,000;GGgrrGGG;4,000
J14;15,000;0,000;0,000;13,765;42,000;-37,000;5,000;GGgrrGGG;4,000
J14;15,000;0,000;0,000;13,765;42,000;0,000;42,000;GGgrrGGG;42,000
J14;16,000;0,167;0,000;11,500;42,000;0,000;42,000;GGgrrGGG;41,000
J14;16,000;0,167;0,000;11,500;42,000;0,000;42,000;GGgrrGGG;41,000
J14;16,000;0,167;0,000;11,500;42,000;0,000;42,000;GGgrrGGG;41,000
J14;16,000;0,167;0,000;11,500;42,000;0,000;42,000;GGgrrGGG;41,000
J14;16,000;0,167;0,000;11,500;42,000;0,000;42,000;GGgrrGGG;41,000
J14;16,000;0,167;0,000;11,500;42,000;0,000;42,000;GGgrrGGG;41,000
J14;16,000;0,167;0,000;11,500;42,000;0,000;42,000;GGgrrGGG;41,000
J14;16,000;0,167;0,000;11,500;42,000;0,000;42,000;GGgrrGGG;41,000
J14;16,000;0,167;0,000;11,500;42,000;0,000;42,000;GGgrrGGG;41,000
J14;16,000;0,167;0,000;11,500;42,000;0,000;42,000;GGgrrGGG;41,000
J14;16,000;0,167;0,000;11,500;42,000;0,000;42,000;GGgrrGGG;41,000
J14;16,000;0,167;0,000;11,500;42,000;0,000;42,000;GGgrrGGG;42,000
J14;16,000;0,167;0,000;11,500;42,000;0,000;42,000;GGgrrGGG;42,000
J14;16,000;0,167;0,000;11,500;42,000;0,000;42,000;GGgrrGGG;42,000
J14;17,000;0,000;0,000;11,855;42,000;0,000;42,000;GGgrrGGG;41,000
J14;17,000;0,000;0,000;11,855;42,000;0,000;42,000;GGgrrGGG;41,000
J14;17,000;0,000;0,000;11,855;42,000;0,000;42,000;GGgrrGGG;41,000
J14;17,000;0,000;0,000;11,855;42,000;0,000;42,000;GGgrrGGG;41,000
J14;17,000;0,000;0,000;11,855;42,000;-37,000;5,000;GGgrrGGG;4,000
J14;17,000;0,000;0,000;11,855;42,000;-37,000;5,000;GGgrrGGG;4,000
J14;17,000;0,000;0,000;11,855;42,000;-37,000;5,000;GGgrrGGG;4,000
J14;17,000;0,000;0,000;11,855;42,000;-37,000;5,000;GGgrrGGG;4,000
J14;17,000;0,000;0,000;11,855;42,000;-37,000;5,000;GGgrrGGG;4,000
J14;17,000;0,000;0,000;11,855;42,000;-37,000;5,000;GGgrrGGG;4,000
J14;17,000;0,000;0,000;11,855;42,000;-37,000;5,000;GGgrrGGG;4,000
J14;17,000;0,000;0,000;11,855;42,000;-37,000;5,000;GGgrrGGG;4,000
J14;17,000;0,000;0,000;11,855;42,000;-37,000;5,000;GGgrrGGG;4,000
J14;17,000;0,000;0,000;11,855;42,000;-37,000;5,000;GGgrrGGG;4,000
J14;17,000;0,000;0,000;11,855;42,000;-37,000;5,000;GGgrrGGG;4,000
J14;17,000;0,000;0,000;11,855;42,000;0,000;42,000;GGgrrGGG;42,000
J14;17,000;0,000;0,000;11,855;42,000;0,000;42,000;GGgrrGGG;42,000
J14;18,000;0,000;0,000;12,067;42,000;0,000;42,000;GGgrrGGG;41,000
J14;18,000;0,000;0,000;12,067;42,000;0,000;42,000;GGgrrGGG;41,000
J14;18,000;0,000;0,000;12,067;42,000;0,000;42,000;GGgrrGGG;41,000
J14;18,000;0,000;0,000;12,067;42,000;0,000;42,000;GGgrrGGG;41,000
J14;18,000;0,000;0,000;12,067;42,000;-37,000;5,000;GGgrrGGG;4,000
J14;18,000;0,000;0,000;12,067;42,000;-37,000;5,000;GGgrrGGG;4,000
J14;18,000;0,000;0,000;12,067;42,000;-37,000;5,000;GGgrrGGG;4,000
J14;18,000;0,000;0,000;12,067;42,000;-37,000;5,000;GGgrrGGG;4,000
J14;18,000;0,000;0,000;12,067;42,000;-37,000;5,000;GGgrrGGG;4,000
J14;18,000;0,000;0,000;12,067;42,000;-37,000;5,000;GGgrrGGG;4,000
J14;18,000;0,000;0,000;12,067;42,000;-37,000;5,000;GGgrrGGG;4,000
J14;18,000;0,000;0,000;12,067;42,000;-37,000;5,000;GGgrrGGG;4,000
J14;18,000;0,000;0,000;12,067;42,000;-37,000;5,000;GGgrrGGG;4,000
J14;18,000;0,000;0,000;12,067;42,000;-37,000;5,000;GGgrrGGG;4,000
J14;18,000;0,000;0,000;12,067;42,000;0,000;42,000;GGgrrGGG;42,000
J14;18,000;0,000;0,000;12,067;42,000;0,000;42,000;GGgrrGGG;42,000
J14;18,000;0,000;0,000;12,931;42,000;0,000;42,000;GGgrrGGG;42,000
J14;19,000;0,000;0,000;12,931;42,000;0,000;42,000;GGgrrGGG;41,000
J14;19,000;0,000;0,000;12,931;42,000;0,000;42,000;GGgrrGGG;41,000
J14;19,000;0,000;0,000;12,931;42,000;0,000;42,000;GGgrrGGG;41,000
J14;19,000;0,000;0,000;12,931;42,000;-37,000;5,000;GGgrrGGG;4,000
J14;19,000;0,000;0,000;12,931;42,000;-37,000;5,000;GGgrrGGG;4,000
J14;19,000;0,000;0,000;12,931;42,000;-37,000;5,000;GGgrrGGG;4,000
J14;19,000;0,000;0,000;12,931;42,000;-37,000;5,000;GGgrrGGG;4,000
J14;19,000;0,000;0,000;12,931;42,000;-37,000;5,000;GGgrrGGG;4,000
J14;19,000;0,000;0,000;12,931;42,000;-37,000;5,000;GGgrrGGG;4,000
J14;19,000;0,000;0,000;12,931;42,000;-37,000;5,000;GGgrrGGG;4,000
J14;19,000;0,000;0,000;12,931;42,000;-37,000;5,000;GGgrrGGG;4,000
J14;19,000;0,000;0,000;12,931;42,000;-37,000;5,000;GGgrrGGG;4,000
J14;19,000;0,000;0,000;12,931;42,000;-37,000;5,000;GGgrrGGG;4,000
J14;19,000;0,000;0,000;12,931;42,000;0,000;42,000;GGgrrGGG;42,000
J14;19,000;0,000;0,000;12,931;42,000;0,000;42,000;GGgrrGGG;42,000
J14;20,000;0,000;0,000;12,776;42,000;0,000;42,000;GGgrrGGG;41,000
J14;20,000;0,000;0,000;12,776;42,000;0,000;42,000;GGgrrGGG;41,000
J14;20,000;0,000;0,000;12,776;42,000;0,000;42,000;GGgrrGGG;41,000
J14;20,000;0,000;0,000;12,776;42,000;0,000;42,000;GGgrrGGG;41,000
J14;20,000;0,000;0,000;12,776;42,000;-37,000;5,000;GGgrrGGG;4,000
J14;20,000;0,000;0,000;12,776;42,000;-37,000;5,000;GGgrrGGG;4,000
J14;20,000;0,000;0,000;12,776;42,000;-37,000;5,000;GGgrrGGG;4,000
J14;20,000;0,000;0,000;12,776;42,000;-37,000;5,000;GGgrrGGG;4,000
J14;20,000;0,000;0,000;12,776;42,000;-37,000;5,000;GGgrrGGG;4,000
J14;20,000;0,000;0,000;12,776;42,000;-37,000;5,000;GGgrrGGG;4,000
J14;20,000;0,000;0,000;12,776;42,000;-37,000;5,000;GGgrrGGG;4,000
J14;20,000;0,000;0,000;12,776;42,000;-37,000;5,000;GGgrrGGG;4,000
J14;20,000;0,000;0,000;12,776;42,000;-37,000;5,000;GGgrrGGG;4,000
J14;20,000;0,000;0,000;12,776;42,000;-37,000;5,000;GGgrrGGG;4,000
J14;20,000;0,000;0,000;12,776;42,000;0,000;42,000;GGgrrGGG;42,000
J14;20,000;0,000;0,000;12,776;42,000;0,000;42,000;GGgrrGGG;42,000
J14;21,000;0,000;0,000;12,691;42,000;0,000;42,000;GGgrrGGG;41,000
J14;21,000;0,000;0,000;12,691;42,000;0,000;42,000;GGgrrGGG;41,000
J14;21,000;0,000;0,000;12,691;42,000;0,000;42,000;GGgrrGGG;41,000
J14;21,000;0,000;0,000;12,691;42,000;0,000;42,000;GGgrrGGG;41,000
J14;21,000;0,000;0,000;12,691;42,000;0,000;42,000;GGgrrGGG;41,000
J14;21,000;0,000;0,000;12,691;42,000;-37,000;5,000;GGgrrGGG;4,000
J14;21,000;0,000;0,000;12,691;42,000;-37,000;5,000;GGgrrGGG;4,000
J14;21,000;0,000;0,000;12,691;42,000;-37,000;5,000;GGgrrGGG;4,000
J14;21,000;0,000;0,000;12,691;42,000;-37,000;5,000;GGgrrGGG;4,000
J14;21,000;0,000;0,000;12,691;42,000;-37,000;5,000;GGgrrGGG;4,000
J14;21,000;0,000;0,000;12,691;42,000;-37,000;5,000;GGgrrGGG;4,000
J14;21,000;0,000;0,000;12,691;42,000;-37,000;5,000;GGgrrGGG;4,000
J14;21,000;0,000;0,000;12,691;42,000;-37,000;5,000;GGgrrGGG;4,000
J14;21,000;0,000;0,000;12,691;42,000;-37,000;5,000;GGgrrGGG;4,000
J14;21,000;0,000;0,000;12,691;42,000;0,000;42,000;GGgrrGGG;42,000
J14;21,000;0,000;0,000;12,691;42,000;0,000;42,000;GGgrrGGG;42,000
J14;21,000;0,167;0,167;12,505;42,000;0,000;42,000;GGgrrGGG;42,000
J14;22,000;0,167;0,167;12,505;42,000;0,000;42,000;GGgrrGGG;41,000
J14;22,000;0,167;0,167;12,505;42,000;0,000;42,000;GGgrrGGG;41,000
J14;22,000;0,167;0,167;12,505;42,000;0,000;42,000;GGgrrGGG;41,000
J14;22,000;0,167;0,167;12,505;42,000;0,000;42,000;GGgrrGGG;41,000
J14;22,000;0,167;0,167;12,505;42,000;0,000;42,000;GGgrrGGG;41,000
J14;22,000;0,167;0,167;12,505;42,000;0,000;42,000;GGgrrGGG;41,000
J14;22,000;0,167;0,167;12,505;42,000;0,000;42,000;GGgrrGGG;41,000
J14;22,000;0,167;0,167;12,505;42,000;0,000;42,000;GGgrrGGG;41,000
J14;22,000;0,167;0,167;12,505;42,000;0,000;42,000;GGgrrGGG;41,000
J14;22,000;0,167;0,167;12,505;42,000;0,000;42,000;GGgrrGGG;41,000
J14;22,000;0,167;0,167;12,505;42,000;0,000;42,000;GGgrrGGG;41,000
J14;22,000;0,167;0,167;12,505;42,000;0,000;42,000;GGgrrGGG;41,000
J14;22,000;0,167;0,167;12,505;42,000;0,000;42,000;GGgrrGGG;42,000
J14;22,000;0,167;0,167;12,505;42,000;0,000;42,000;GGgrrGGG;42,000
J14;23,000;0,333;0,333;10,405;42,000;0,000;42,000;GGgrrGGG;41,000
J14;23,000;0,333;0,333;10,405;42,000;0,000;42,000;GGgrrGGG;41,000
J14;23,000;0,333;0,333;10,405;42,000;0,000;42,000;GGgrrGGG;41,000
J14;23,000;0,333;0,333;10,405;42,000;0,000;42,000;GGgrrGGG;41,000
J14;23,000;0,333;0,333;10,405;42,000;0,000;42,000;GGgrrGGG;41,000
J14;23,000;0,333;0,333;10,405;42,000;0,000;42,000;GGgrrGGG;41,000
J14;23,000;0,333;0,333;10,405;42,000;0,000;42,000;GGgrrGGG;41,000
J14;23,000;0,333;0,333;10,405;42,000;0,000;42,000;GGgrrGGG;41,000
J14;23,000;0,333;0,333;10,405;42,000;0,000;42,000;GGgrrGGG;41,000
J14;23,000;0,333;0,333;10,405;42,000;0,000;42,000;GGgrrGGG;41,000
J14;23,000;0,333;0,333;10,405;42,000;0,000;42,000;GGgrrGGG;41,000
J14;23,000;0,333;0,333;10,405;42,000;0,000;42,000;GGgrrGGG;41,000
J14;23,000;0,333;0,333;10,405;42,000;0,000;42,000;GGgrrGGG;42,000
J14;23,000;0,333;0,333;10,405;42,000;0,000;42,000;GGgrrGGG;42,000
J14;24,000;0,167;0,500;10,688;42,000;0,000;42,000;GGgrrGGG;41,000
J14;24,000;0,167;0,500;10,688;42,000;0,000;42,000;GGgrrGGG;41,000
J14;24,000;0,167;0,500;10,688;42,000;0,000;42,000;GGgrrGGG;41,000
J14;24,000;0,167;0,500;10,688;42,000;0,000;42,000;GGgrrGGG;41,000
J14;24,000;0,167;0,500;10,688;42,000;0,000;42,000;GGgrrGGG;41,000
J14;24,000;0,167;0,500;10,688;42,000;0,000;42,000;GGgrrGGG;41,000
J14;24,000;0,167;0,500;10,688;42,000;0,000;42,000;GGgrrGGG;41,000
J14;24,000;0,167;0,500;10,688;42,000;0,000;42,000;GGgrrGGG;41,000
J14;24,000;0,167;0,500;10,688;42,000;0,000;42,000;GGgrrGGG;42,000
J14;24,000;0,167;0,500;10,688;42,000;0,000;42,000;GGgrrGGG;42,000
J14;24,000;0,167;0,500;10,688;42,000;0,000;42,000;GGgrrGGG;42,000
J14;25,000;0,167;0,667;10,905;42,000;0,000;42,000;GGgrrGGG;41,000
J14;25,000;0,167;0,667;10,905;42,000;0,000;42,000;GGgrrGGG;41,000
J14;25,000;0,167;0,667;10,905;42,000;0,000;42,000;GGgrrGGG;41,000
J14;25,000;0,167;0,667;10,905;42,000;0,000;42,000;GGgrrGGG;41,000
J14;25,000;0,167;0,667;10,905;42,000;0,000;42,000;GGgrrGGG;41,000
J14;25,000;0,167;0,667;10,905;42,000;0,000;42,000;GGgrrGGG;41,000
J14;25,000;0,167;0,667;10,905;42,000;0,000;42,000;GGgrrGGG;41,000
J14;25,000;0,167;0,667;10,905;42,000;0,000;42,000;GGgrrGGG;41,000
J14;25,000;0,167;0,667;10,905;42,000;0,000;42,000;GGgrrGGG;41,000
J14;25,000;0,167;0,667;10,905;42,000;0,000;42,000;GGgrrGGG;41,000
J14;25,000;0,167;0,667;10,905;42,000;0,000;42,000;GGgrrGGG;41,000
J14;25,000;0,167;0,667;10,905;42,000;0,000;42,000;GGgrrGGG;41,000
J14;25,000;0,167;0,667;10,905;42,000;0,000;42,000;GGgrrGGG;41,000
J14;25,000;0,167;0,667;10,905;42,000;0,000;42,000;GGgrrGGG;42,000
J14;25,000;0,167;0,667;10,905;42,000;0,000;42,000;GGgrrGGG;42,000
J14;26,000;0,167;0,833;12,488;42,000;0,000;42,000;GGgrrGGG;41,000
J14;26,000;0,167;0,833;12,488;42,000;0,000;42,000;GGgrrGGG;41,000
J14;26,000;0,167;0,833;12,488;42,000;0,000;42,000;GGgrrGGG;41,000
J14;26,000;0,167;0,833;12,488;42,000;0,000;42,000;GGgrrGGG;41,000
J14;26,000;0,167;0,833;12,488;42,000;0,000;42,000;GGgrrGGG;41,000
J14;26,000;0,167;0,833;12,488;42,000;0,000;42,000;GGgrrGGG;41,000
J14;26,000;0,167;0,833;12,488;42,000;0,000;42,000;GGgrrGGG;41,000
J14;26,000;0,167;0,833;12,488;42,000;0,000;42,000;GGgrrGGG;41,000
J14;26,000;0,167;0,833;12,488;42,000;0,000;42,000;GGgrrGGG;41,000
J14;26,000;0,167;0,833;12,488;42,000;0,000;42,000;GGgrrGGG;41,000
J14;26,000;0,167;0,833;12,488;42,000;0,000;42,000;GGgrrGGG;41,000
J14;26,000;0,167;0,833;12,488;42,000;0,000;42,000;GGgrrGGG;41,000
J14;26,000;0,167;0,833;12,488;42,000;0,000;42,000;GGgrrGGG;41,000
J14;26,000;0,167;0,833;12,488;42,000;0,000;42,000;GGgrrGGG;41,000
J14;26,000;0,167;0,833;12,488;42,000;0,000;42,000;GGgrrGGG;42,000
J14;26,000;0,167;0,833;12,488;42,000;0,000;42,000;GGgrrGGG;42,000
J14;27,000;0,167;1,000;12,414;42,000;0,000;42,000;GGgrrGGG;41,000
J14;27,000;0,167;1,000;12,414;42,000;0,000;42,000;GGgrrGGG;41,000
J14;27,000;0,167;1,000;12,414;42,000;0,000;42,000;GGgrrGGG;41,000
J14;27,000;0,167;1,000;12,414;42,000;0,000;42,000;GGgrrGGG;41,000
J14;27,000;0,167;1,000;12,414;42,000;0,000;42,000;GGgrrGGG;41,000
J14;27,000;0,167;1,000;12,414;42,000;0,000;42,000;GGgrrGGG;41,000
J14;27,000;0,167;1,000;12,414;42,000;0,000;42,000;GGgrrGGG;41,000
J14;27,000;0,167;1,000;12,414;42,000;0,000;42,000;GGgrrGGG;41,000
J14;27,000;0,167;1,000;12,414;42,000;0,000;42,000;GGgrrGGG;41,000
J14;27,000;0,167;1,000;12,414;42,000;0,000;42,000;GGgrrGGG;41,000
J14;27,000;0,167;1,000;12,414;42,000;0,000;42,000;GGgrrGGG;41,000
J14;27,000;0,167;1,000;12,414;42,000;0,000;42,000;GGgrrGGG;41,000
J14;27,000;0,167;1,000;12,414;42,000;0,000;42,000;GGgrrGGG;41,000
J14;27,000;0,167;1,000;12,414;42,000;0,000;42,000;GGgrrGGG;41,000
J14;27,000;0,167;1,000;12,414;42,000;0,000;42,000;GGgrrGGG;42,000
J14;27,000;0,167;1,000;12,414;42,000;0,000;42,000;GGgrrGGG;42,000
J14;28,000;0,167;1,167;12,300;42,000;0,000;42,000;GGgrrGGG;41,000
J14;28,000;0,167;1,167;12,300;42,000;0,000;42,000;GGgrrGGG;41,000
J14;28,000;0,167;1,167;12,300;42,000;0,000;42,000;GGgrrGGG;41,000
J14;28,000;0,167;1,167;12,300;42,000;0,000;42,000;GGgrrGGG;41,000
J14;28,000;0,167;1,167;12,300;42,000;0,000;42,000;GGgrrGGG;41,000
J14;28,000;0,167;1,167;12,300;42,000;0,000;42,000;GGgrrGGG;41,000
J14;28,000;0,167;1,167;12,300;42,000;0,000;42,000;GGgrrGGG;41,000
J14;28,000;0,167;1,167;12,300;42,000;0,000;42,000;GGgrrGGG;41,000
J14;28,000;0,167;1,167;12,300;42,000;0,000;42,000;GGgrrGGG;41,000
J14;28,000;0,167;1,167;12,300;42,000;0,000;42,000;GGgrrGGG;41,000
J14;28,000;0,167;1,167;12,300;42,000;0,000;42,000;GGgrrGGG;41,000
J14;28,000;0,167;1,167;12,300;42,000;0,000;42,000;GGgrrGGG;41,000
J14;28,000;0,167;1,167;12,300;42,000;0,000;42,000;GGgrrGGG;42,000
J14;28,000;0,167;1,167;12,300;42,000;0,000;42,000;GGgrrGGG;42,000
J14;28,000;0,167;1,167;12,300;42,000;0,000;42,000;GGgrrGGG;42,000
J14;28,000;0,167;1,333;12,236;42,000;0,000;42,000;GGgrrGGG;42,000
J14;29,000;0,167;1,333;12,236;42,000;0,000;42,000;GGgrrGGG;41,000
J14;29,000;0,167;1,333;12,236;42,000;0,000;42,000;GGgrrGGG;41,000
J14;29,000;0,167;1,333;12,236;42,000;0,000;42,000;GGgrrGGG;41,000
J14;29,000;0,167;1,333;12,236;42,000;0,000;42,000;GGgrrGGG;41,000
J14;29,000;0,167;1,333;12,236;42,000;0,000;42,000;GGgrrGGG;41,000
J14;29,000;0,167;1,333;12,236;42,000;0,000;42,000;GGgrrGGG;41,000
J14;29,000;0,167;1,333;12,236;42,000;0,000;42,000;GGgrrGGG;41,000
J14;29,000;0,167;1,333;12,236;42,000;0,000;42,000;GGgrrGGG;41,000
J14;29,000;0,167;1,333;12,236;42,000;0,000;42,000;GGgrrGGG;41,000
J14;29,000;0,167;1,333;12,236;42,000;0,000;42,000;GGgrrGGG;41,000
J14;29,000;0,167;1,333;12,236;42,000;-32,000;10,000;GGgrrGGG;10,000
J14;29,000;0,167;1,333;12,236;42,000;-32,000;10,000;GGgrrGGG;10,000
J14;29,000;0,333;1,500;10,033;42,000;-32,000;10,000;GGgrrGGG;10,000
J14;30,000;0,333;1,500;10,033;42,000;-32,000;10,000;GGgrrGGG;9,000
J14;30,000;0,333;1,500;10,033;42,000;-32,000;10,000;GGgrrGGG;9,000
J14;30,000;0,333;1,500;10,033;42,000;-32,000;10,000;GGgrrGGG;9,000
J14;30,000;0,333;1,500;10,033;42,000;-32,000;10,000;GGgrrGGG;9,000
J14;30,000;0,333;1,500;10,033;42,000;-32,000;10,000;GGgrrGGG;9,000
J14;30,000;0,333;1,500;10,033;42,000;-32,000;10,000;GGgrrGGG;9,000
J14;30,000;0,333;1,500;10,033;42,000;-32,000;10,000;GGgrrGGG;9,000
J14;30,000;0,333;1,500;10,033;42,000;-32,000;10,000;GGgrrGGG;9,000
J14;30,000;0,333;1,500;10,033;42,000;-32,000;10,000;GGgrrGGG;9,000
J14;30,000;0,333;1,500;10,033;42,000;-32,000;10,000;GGgrrGGG;9,000
J14;30,000;0,333;1,500;10,033;42,000;0,000;42,000;GGgrrGGG;42,000
J14;30,000;0,333;1,500;10,033;42,000;0,000;42,000;GGgrrGGG;42,000
J14;31,000;0,167;1,667;10,426;42,000;0,000;42,000;GGgrrGGG;41,000
J14;31,000;0,167;1,667;10,426;42,000;0,000;42,000;GGgrrGGG;41,000
J14;31,000;0,167;1,667;10,426;42,000;0,000;42,000;GGgrrGGG;41,000
J14;31,000;0,167;1,667;10,426;42,000;0,000;42,000;GGgrrGGG;41,000
J14;31,000;0,167;1,667;10,426;42,000;0,000;42,000;GGgrrGGG;41,000
J14;31,000;0,167;1,667;10,426;42,000;0,000;42,000;GGgrrGGG;41,000
J14;31,000;0,167;1,667;10,426;42,000;0,000;42,000;GGgrrGGG;41,000
J14;31,000;0,167;1,667;10,426;42,000;0,000;42,000;GGgrrGGG;41,000
J14;31,000;0,167;1,667;10,426;42,000;0,000;42,000;GGgrrGGG;41,000
J14;31,000;0,167;1,667;10,426;42,000;0,000;42,000;GGgrrGGG;41,000
J14;31,000;0,167;1,667;10,426;3,000;7,000;10,000;rrryyGrr;10,000
J14;31,000;0,167;1,667;10,426;3,000;7,000;10,000;rrryyGrr;10,000
J14;31,000;0,167;1,667;10,426;3,000;7,000;10,000;rrryyGrr;10,000
J14;32,000;0,333;2,000;11,088;3,000;7,000;10,000;rrryyGrr;9,000
J14;32,000;0,333;2,000;11,088;3,000;7,000;10,000;rrryyGrr;9,000
J14;32,000;0,333;2,000;11,088;3,000;7,000;10,000;rrryyGrr;9,000
J14;32,000;0,333;2,000;11,088;3,000;7,000;10,000;rrryyGrr;9,000
J14;32,000;0,333;2,000;11,088;3,000;7,000;10,000;rrryyGrr;9,000
J14;32,000;0,333;2,000;11,088;3,000;7,000;10,000;rrryyGrr;9,000
J14;32,000;0,333;2,000;11,088;3,000;7,000;10,000;rrryyGrr;9,000
J14;32,000;0,333;2,000;11,088;3,000;7,000;10,000;rrryyGrr;9,000
J14;32,000;0,333;2,000;11,088;3,000;7,000;10,000;rrryyGrr;9,000
J14;32,000;0,333;2,000;11,088;42,000;0,000;42,000;GGgrrGGG;42,000
J14;32,000;0,333;2,000;11,088;42,000;0,000;42,000;GGgrrGGG;42,000
J14;33,000;0,333;2,333;11,259;42,000;0,000;42,000;GGgrrGGG;41,000
J14;33,000;0,333;2,333;11,259;42,000;0,000;42,000;GGgrrGGG;41,000
J14;33,000;0,333;2,333;11,259;42,000;0,000;42,000;GGgrrGGG;41,000
J14;33,000;0,333;2,333;11,259;42,000;-37,000;5,000;GGgrrGGG;4,000
J14;33,000;0,333;2,333;11,259;42,000;-37,000;5,000;GGgrrGGG;4,000
J14;33,000;0,333;2,333;11,259;42,000;-37,000;5,000;GGgrrGGG;4,000
J14;33,000;0,333;2,333;11,259;42,000;-37,000;5,000;GGgrrGGG;4,000
J14;33,000;0,333;2,333;11,259;42,000;-37,000;5,000;GGgrrGGG;4,000
J14;33,000;0,333;2,333;11,259;42,000;-37,000;5,000;GGgrrGGG;4,000
J14;33,000;0,333;2,333;11,259;42,000;0,000;42,000;GGgrrGGG;42,000
J14;33,000;0,333;2,333;11,259;42,000;0,000;42,000;GGgrrGGG;42,000
J14;34,000;0,333;2,667;11,566;42,000;0,000;42,000;GGgrrGGG;41,000
J14;34,000;0,333;2,667;11,566;42,000;0,000;42,000;GGgrrGGG;41,000
J14;34,000;0,333;2,667;11,566;42,000;0,000;42,000;GGgrrGGG;41,000
J14;34,000;0,333;2,667;11,566;42,000;0,000;42,000;GGgrrGGG;41,000
J14;34,000;0,333;2,667;11,566;42,000;-37,000;5,000;GGgrrGGG;4,000
J14;34,000;0,333;2,667;11,566;42,000;-37,000;5,000;GGgrrGGG;4,000
J14;34,000;0,333;2,667;11,566;42,000;-37,000;5,000;GGgrrGGG;4,000
J14;34,000;0,333;2,667;11,566;42,000;-37,000;5,000;GGgrrGGG;4,000
J14;34,000;0,333;2,667;11,566;42,000;-37,000;5,000;GGgrrGGG;4,000
J14;34,000;0,333;2,667;11,566;42,000;-37,000;5,000;GGgrrGGG;4,000
J14;34,000;0,333;2,667;11,566;42,000;-37,000;5,000;GGgrrGGG;4,000
J14;34,000;0,333;2,667;11,566;42,000;-37,000;5,000;GGgrrGGG;4,000
J14;34,000;0,333;2,667;11,566;42,000;-37,000;5,000;GGgrrGGG;4,000
J14;34,000;0,333;2,667;11,566;42,000;0,000;42,000;GGgrrGGG;42,000
J14;34,000;0,333;2,667;11,566;42,000;0,000;42,000;GGgrrGGG;42,000
J14;35,000;0,333;3,000;11,452;42,000;0,000;42,000;GGgrrGGG;41,000
J14;35,000;0,333;3,000;11,452;42,000;0,000;42,000;GGgrrGGG;41,000
J14;35,000;0,333;3,000;11,452;42,000;0,000;42,000;GGgrrGGG;41,000
J14;35,000;0,333;3,000;11,452;42,000;0,000;42,000;GGgrrGGG;41,000
J14;35,000;0,333;3,000;11,452;42,000;-37,000;5,000;GGgrrGGG;4,000
J14;35,000;0,333;3,000;11,452;42,000;-37,000;5,000;GGgrrGGG;4,000
J14;35,000;0,333;3,000;11,452;42,000;-37,000;5,000;GGgrrGGG;4,000
J14;35,000;0,333;3,000;11,452;42,000;-37,000;5,000;GGgrrGGG;4,000
J14;35,000;0,333;3,000;11,452;42,000;-37,000;5,000;GGgrrGGG;4,000
J14;35,000;0,333;3,000;11,452;42,000;-37,000;5,000;GGgrrGGG;4,000
J14;35,000;0,333;3,000;11,452;42,000;-37,000;5,000;GGgrrGGG;4,000
J14;35,000;0,333;3,000;11,452;42,000;-37,000;5,000;GGgrrGGG;4,000
J14;35,000;0,333;3,000;11,452;42,000;-37,000;5,000;GGgrrGGG;4,000
J14;35,000;0,333;3,000;11,452;42,000;0,000;42,000;GGgrrGGG;42,000
J14;35,000;0,333;3,000;11,452;42,000;0,000;42,000;GGgrrGGG;42,000
J14;36,000;0,500;3,500;11,597;42,000;0,000;42,000;GGgrrGGG;41,000
J14;36,000;0,500;3,500;11,597;42,000;0,000;42,000;GGgrrGGG;41,000
J14;36,000;0,500;3,500;11,597;42,000;0,000;42,000;GGgrrGGG;41,000
J14;36,000;0,500;3,500;11,597;42,000;0,000;42,000;GGgrrGGG;41,000
J14;36,000;0,500;3,500;11,597;42,000;-37,000;5,000;GGgrrGGG;4,000
J14;36,000;0,500;3,500;11,597;42,000;-37,000;5,000;GGgrrGGG;4,000
J14;36,000;0,500;3,500;11,597;42,000;-37,000;5,000;GGgrrGGG;4,000
J14;36,000;0,500;3,500;11,597;42,000;-37,000;5,000;GGgrrGGG;4,000
J14;36,000;0,500;3,500;11,597;42,000;-37,000;5,000;GGgrrGGG;4,000
J14;36,000;0,500;3,500;11,597;42,000;-37,000;5,000;GGgrrGGG;4,000
J14;36,000;0,500;3,500;11,597;42,000;-37,000;5,000;GGgrrGGG;4,000
J14;36,000;0,500;3,500;11,597;42,000;-37,000;5,000;GGgrrGGG;4,000
J14;36,000;0,500;3,500;11,597;42,000;0,000;42,000;GGgrrGGG;42,000
J14;36,000;0,500;3,500;11,597;42,000;0,000;42,000;GGgrrGGG;42,000
J14;37,000;0,667;4,000;9,365;42,000;0,000;42,000;GGgrrGGG;41,000
J14;37,000;0,667;4,000;9,365;42,000;0,000;42,000;GGgrrGGG;41,000
J14;37,000;0,667;4,000;9,365;42,000;0,000;42,000;GGgrrGGG;41,000
J14;37,000;0,667;4,000;9,365;42,000;0,000;42,000;GGgrrGGG;41,000
J14;37,000;0,667;4,000;9,365;42,000;0,000;42,000;GGgrrGGG;41,000
J14;37,000;0,667;4,000;9,365;42,000;-37,000;5,000;GGgrrGGG;4,000
J14;37,000;0,667;4,000;9,365;42,000;-37,000;5,000;GGgrrGGG;4,000
J14;37,000;0,667;4,000;9,365;42,000;-37,000;5,000;GGgrrGGG;4,000
J14;37,000;0,667;4,000;9,365;42,000;-37,000;5,000;GGgrrGGG;4,000
J14;37,000;0,667;4,000;9,365;42,000;-37,000;5,000;GGgrrGGG;4,000
J14;37,000;0,667;4,000;9,365;42,000;-37,000;5,000;GGgrrGGG;4,000
J14;37,000;0,667;4,000;9,365;42,000;-37,000;5,000;GGgrrGGG;4,000
J14;37,000;0,667;4,000;9,365;42,000;-37,000;5,000;GGgrrGGG;4,000
J14;37,000;0,667;4,000;9,365;42,000;0,000;42,000;GGgrrGGG;42,000
J14;37,000;0,667;4,000;9,365;42,000;0,000;42,000;GGgrrGGG;42,000
J14;37,000;0,667;4,000;9,365;42,000;0,000;42,000;GGgrrGGG;42,000
J14;38,000;0,500;4,500;9,562;42,000;0,000;42,000;GGgrrGGG;41,000
J14;38,000;0,500;4,500;9,562;42,000;0,000;42,000;GGgrrGGG;41,000
J14;38,000;0,500;4,500;9,562;42,000;0,000;42,000;GGgrrGGG;41,000
J14;38,000;0,500;4,500;9,562;42,000;0,000;42,000;GGgrrGGG;41,000
J14;38,000;0,500;4,500;9,562;42,000;-37,000;5,000;GGgrrGGG;4,000
J14;38,000;0,500;4,500;9,562;42,000;-37,000;5,000;GGgrrGGG;4,000
J14;38,000;0,500;4,500;9,562;42,000;-37,000;5,000;GGgrrGGG;4,000
J14;38,000;0,500;4,500;9,562;42,000;-37,000;5,000;GGgrrGGG;4,000
J14;38,000;0,500;4,500;9,562;42,000;-37,000;5,000;GGgrrGGG;4,000
J14;38,000;0,500;4,500;9,562;42,000;-37,000;5,000;GGgrrGGG;4,000
J14;38,000;0,500;4,500;9,562;42,000;-37,000;5,000;GGgrrGGG;4,000
J14;38,000;0,500;4,500;9,562;42,000;-37,000;5,000;GGgrrGGG;4,000
J14;38,000;0,500;4,500;9,562;42,000;-37,000;5,000;GGgrrGGG;4,000
J14;38,000;0,500;4,500;9,562;42,000;0,000;42,000;GGgrrGGG;42,000
J14;38,000;0,500;4,500;9,562;42,000;0,000;42,000;GGgrrGGG;42,000
J14;39,000;0,500;5,000;11,491;42,000;0,000;42,000;GGgrrGGG;41,000
J14;39,000;0,500;5,000;11,491;42,000;0,000;42,000;GGgrrGGG;41,000
J14;39,000;0,500;5,000;11,491;42,000;0,000;42,000;GGgrrGGG;41,000
J14;39,000;0,500;5,000;11,491;42,000;0,000;42,000;GGgrrGGG;41,000
J14;39,000;0,500;5,000;11,491;42,000;-37,000;5,000;GGgrrGGG;4,000
J14;39,000;0,500;5,000;11,491;42,000;-37,000;5,000;GGgrrGGG;4,000
J14;39,000;0,500;5,000;11,491;42,000;-37,000;5,000;GGgrrGGG;4,000
J14;39,000;0,500;5,000;11,491;42,000;-37,000;5,000;GGgrrGGG;4,000
J14;39,000;0,500;5,000;11,491;42,000;-37,000;5,000;GGgrrGGG;4,000
J14;39,000;0,500;5,000;11,491;42,000;-37,000;5,000;GGgrrGGG;4,000
J14;39,000;0,500;5,000;11,491;42,000;-37,000;5,000;GGgrrGGG;4,000
J14;39,000;0,500;5,000;11,491;42,000;-37,000;5,000;GGgrrGGG;4,000
J14;39,000;0,500;5,000;11,491;42,000;0,000;42,000;GGgrrGGG;42,000
J14;39,000;0,500;5,000;11,491;42,000;0,000;42,000;GGgrrGGG;42,000
J14;40,000;0,500;5,500;11,434;42,000;0,000;42,000;GGgrrGGG;41,000
J14;40,000;0,500;5,500;11,434;42,000;0,000;42,000;GGgrrGGG;41,000
J14;40,000;0,500;5,500;11,434;42,000;0,000;42,000;GGgrrGGG;41,000
J14;40,000;0,500;5,500;11,434;42,000;0,000;42,000;GGgrrGGG;41,000
J14;40,000;0,500;5,500;11,434;42,000;0,000;42,000;GGgrrGGG;41,000
J14;40,000;0,500;5,500;11,434;42,000;-37,000;5,000;GGgrrGGG;4,000
J14;40,000;0,500;5,500;11,434;42,000;-37,000;5,000;GGgrrGGG;4,000
J14;40,000;0,500;5,500;11,434;42,000;-37,000;5,000;GGgrrGGG;4,000
J14;40,000;0,500;5,500;11,434;42,000;-37,000;5,000;GGgrrGGG;4,000
J14;40,000;0,500;5,500;11,434;42,000;-37,000;5,000;GGgrrGGG;4,000
J14;40,000;0,500;5,500;11,434;42,000;-37,000;5,000;GGgrrGGG;4,000
J14;40,000;0,500;5,500;11,434;42,000;-37,000;5,000;GGgrrGGG;4,000
J14;40,000;0,500;5,500;11,434;42,000;-37,000;5,000;GGgrrGGG;4,000
J14;40,000;0,500;5,500;11,434;42,000;-37,000;5,000;GGgrrGGG;4,000
J14;40,000;0,500;5,500;11,434;42,000;0,000;42,000;GGgrrGGG;42,000
J14;40,000;0,500;5,500;11,434;42,000;0,000;42,000;GGgrrGGG;42,000
J14;40,000;0,500;5,500;11,434;42,000;0,000;42,000;GGgrrGGG;42,000
J14;41,000;0,500;6,000;11,281;42,000;0,000;42,000;GGgrrGGG;41,000
J14;41,000;0,500;6,000;11,281;42,000;0,000;42,000;GGgrrGGG;41,000
J14;41,000;0,500;6,000;11,281;42,000;0,000;42,000;GGgrrGGG;41,000
J14;41,000;0,500;6,000;11,281;42,000;0,000;42,000;GGgrrGGG;41,000
J14;41,000;0,500;6,000;11,281;42,000;-37,000;5,000;GGgrrGGG;4,000
J14;41,000;0,500;6,000;11,281;42,000;-37,000;5,000;GGgrrGGG;4,000
J14;41,000;0,500;6,000;11,281;42,000;-37,000;5,000;GGgrrGGG;4,000
J14;41,000;0,500;6,000;11,281;42,000;-37,000;5,000;GGgrrGGG;4,000
J14;41,000;0,500;6,000;11,281;42,000;-37,000;5,000;GGgrrGGG;4,000
J14;41,000;0,500;6,000;11,281;42,000;-37,000;5,000;GGgrrGGG;4,000
J14;41,000;0,500;6,000;11,281;42,000;-37,000;5,000;GGgrrGGG;4,000
J14;41,000;0,500;6,000;11,281;42,000;-37,000;5,000;GGgrrGGG;4,000
J14;41,000;0,500;6,000;11,281;42,000;-37,000;5,000;GGgrrGGG;4,000
J14;41,000;0,500;6,000;11,281;4,000;1,000;5,000;yyyrrGyy;4,000
J14;42,000;0,667;6,667;11,288;4,000;1,000;5,000;yyyrrGyy;3,000
J14;42,000;0,667;6,667;11,288;4,000;1,000;5,000;yyyrrGyy;3,000
J14;42,000;0,667;6,667;11,288;4,000;1,000;5,000;yyyrrGyy;3,000
J14;42,000;0,667;6,667;11,288;4,000;1,000;5,000;yyyrrGyy;3,000
J14;42,000;0,667;6,667;11,288;42,000;0,000;42,000;GGgrrGGG;42,000
J14;42,000;0,667;6,667;11,288;42,000;0,000;42,000;GGgrrGGG;42,000
J14;42,000;0,667;6,667;11,288;42,000;0,000;42,000;GGgrrGGG;42,000
J14;42,000;0,667;6,667;11,288;42,000;0,000;42,000;GGgrrGGG;42,000
J14;42,000;0,667;6,667;11,288;42,000;0,000;42,000;GGgrrGGG;42,000
J14;43,000;0,667;7,333;11,520;42,000;0,000;42,000;GGgrrGGG;41,000
J14;43,000;0,667;7,333;11,520;42,000;0,000;42,000;GGgrrGGG;41,000
J14;43,000;0,667;7,333;11,520;42,000;0,000;42,000;GGgrrGGG;41,000
J14;43,000;0,667;7,333;11,520;42,000;0,000;42,000;GGgrrGGG;41,000
J14;43,000;0,667;7,333;11,520;42,000;0,000;42,000;GGgrrGGG;41,000
J14;43,000;0,667;7,333;11,520;42,000;-37,000;5,000;GGgrrGGG;4,000
J14;43,000;0,667;7,333;11,520;42,000;-37,000;5,000;GGgrrGGG;4,000
J14;43,000;0,667;7,333;11,520;42,000;-37,000;5,000;GGgrrGGG;4,000
J14;43,000;0,667;7,333;11,520;42,000;-37,000;5,000;GGgrrGGG;4,000
J14;43,000;0,667;7,333;11,520;42,000;-37,000;5,000;GGgrrGGG;4,000
J14;43,000;0,667;7,333;11,520;42,000;-37,000;5,000;GGgrrGGG;4,000
J14;44,000;0,667;8,000;11,666;42,000;-37,000;5,000;GGgrrGGG;3,000
J14;44,000;0,667;8,000;11,666;42,000;-37,000;5,000;GGgrrGGG;3,000
J14;44,000;0,667;8,000;11,666;42,000;-37,000;5,000;GGgrrGGG;3,000
J14;44,000;0,667;8,000;11,666;42,000;-36,000;6,000;GGgrrGGG;4,000
J14;44,000;0,667;8,000;11,666;42,000;-36,000;6,000;GGgrrGGG;4,000
J14;44,000;0,667;8,000;11,666;42,000;-36,000;6,000;GGgrrGGG;4,000
J14;44,000;0,667;8,000;11,666;42,000;-36,000;6,000;GGgrrGGG;4,000
J14;44,000;0,667;8,000;11,666;42,000;-36,000;6,000;GGgrrGGG;4,000
J14;44,000;0,667;8,000;11,666;42,000;-36,000;6,000;GGgrrGGG;4,000
J14;45,000;0,833;8,667;9,192;42,000;-36,000;6,000;GGgrrGGG;3,000
J14;45,000;0,833;8,667;9,192;42,000;-36,000;6,000;GGgrrGGG;3,000
J14;45,000;0,833;8,667;9,192;42,000;-36,000;6,000;GGgrrGGG;3,000
J14;45,000;0,833;8,667;9,192;42,000;-36,000;6,000;GGgrrGGG;3,000
J14;45,000;0,833;8,667;9,192;42,000;-35,000;7,000;GGgrrGGG;4,000
J14;45,000;0,833;8,667;9,192;42,000;-35,000;7,000;GGgrrGGG;4,000
J14;45,000;0,833;8,667;9,192;42,000;-35,000;7,000;GGgrrGGG;4,000
J14;45,000;0,833;8,667;9,192;42,000;-35,000;7,000;GGgrrGGG;4,000
J14;46,000;0,667;9,333;9,562;42,000;-35,000;7,000;GGgrrGGG;3,000
J14;46,000;0,667;9,333;9,562;42,000;-35,000;7,000;GGgrrGGG;3,000
J14;46,000;0,667;9,333;9,562;42,000;-35,000;7,000;GGgrrGGG;3,000
J14;46,000;0,667;9,333;9,562;42,000;-35,000;7,000;GGgrrGGG;3,000
J14;46,000;0,667;9,333;9,562;42,000;-34,000;8,000;GGgrrGGG;4,000
J14;46,000;0,667;9,333;9,562;42,000;-34,000;8,000;GGgrrGGG;4,000
J14;46,000;0,667;9,333;9,562;42,000;-34,000;8,000;GGgrrGGG;4,000
J14;46,000;0,667;9,333;9,562;42,000;-34,000;8,000;GGgrrGGG;4,000
J14;46,000;0,667;9,333;9,562;42,000;-34,000;8,000;GGgrrGGG;4,000
J14;46,000;0,667;9,333;9,562;42,000;-34,000;8,000;GGgrrGGG;4,000
J14;46,000;0,667;9,333;9,562;42,000;-34,000;8,000;GGgrrGGG;4,000
J14;46,000;0,667;9,333;9,562;42,000;-34,000;8,000;GGgrrGGG;4,000
J14;46,000;0,667;9,333;9,562;42,000;-34,000;8,000;GGgrrGGG;4,000
J14;46,000;0,667;9,333;9,562;42,000;-34,000;8,000;GGgrrGGG;4,000
J14;47,000;0,667;10,000;11,528;42,000;-34,000;8,000;GGgrrGGG;3,000
J14;47,000;0,667;10,000;11,528;42,000;-34,000;8,000;GGgrrGGG;3,000
J14;47,000;0,667;10,000;11,528;42,000;-34,000;8,000;GGgrrGGG;3,000
J14;47,000;0,667;10,000;11,528;42,000;-34,000;8,000;GGgrrGGG;3,000
J14;47,000;0,667;10,000;11,528;42,000;-34,000;8,000;GGgrrGGG;3,000
J14;47,000;0,667;10,000;11,528;42,000;-33,000;9,000;GGgrrGGG;4,000
J14;47,000;0,667;10,000;11,528;42,000;-33,000;9,000;GGgrrGGG;4,000
J14;47,000;0,667;10,000;11,528;42,000;-33,000;9,000;GGgrrGGG;4,000
J14;47,000;0,667;10,667;11,650;42,000;-33,000;9,000;GGgrrGGG;4,000
J14;48,000;0,667;10,667;11,650;42,000;-33,000;9,000;GGgrrGGG;3,000
J14;48,000;0,667;10,667;11,650;42,000;-33,000;9,000;GGgrrGGG;3,000
J14;48,000;0,667;10,667;11,650;42,000;-33,000;9,000;GGgrrGGG;3,000
J14;48,000;0,667;10,667;11,650;42,000;-33,000;9,000;GGgrrGGG;3,000
J14;48,000;0,667;10,667;11,650;42,000;-32,000;10,000;GGgrrGGG;4,000
J14;48,000;0,667;10,667;11,650;42,000;-32,000;10,000;GGgrrGGG;4,000
J14;48,000;0,667;10,667;11,650;42,000;-32,000;10,000;GGgrrGGG;4,000
J14;48,000;0,667;10,667;11,650;42,000;-32,000;10,000;GGgrrGGG;4,000
J14;48,000;0,667;10,667;11,650;42,000;-32,000;10,000;GGgrrGGG;4,000
J14;48,000;0,667;10,667;11,650;42,000;-32,000;10,000;GGgrrGGG;4,000
J14;49,000;0,833;11,500;11,676;42,000;-32,000;10,000;GGgrrGGG;3,000
J14;49,000;0,833;11,500;11,676;42,000;-32,000;10,000;GGgrrGGG;3,000
J14;49,000;0,833;11,500;11,676;42,000;-32,000;10,000;GGgrrGGG;3,000
J14;49,000;0,833;11,500;11,676;42,000;-32,000;10,000;GGgrrGGG;3,000
J14;49,000;0,833;11,500;11,676;42,000;-31,000;11,000;GGgrrGGG;4,000
J14;49,000;0,833;11,500;11,676;42,000;-31,000;11,000;GGgrrGGG;4,000
J14;49,000;0,833;11,500;11,676;42,000;-31,000;11,000;GGgrrGGG;4,000
J14;49,000;0,833;11,500;11,676;42,000;-31,000;11,000;GGgrrGGG;4,000
J14;49,000;0,833;11,500;11,676;42,000;-31,000;11,000;GGgrrGGG;4,000
J14;49,000;0,833;11,500;11,676;42,000;-31,000;11,000;GGgrrGGG;4,000
J14;50,000;0,833;12,333;11,703;42,000;-31,000;11,000;GGgrrGGG;3,000
J14;50,000;0,833;12,333;11,703;42,000;-31,000;11,000;GGgrrGGG;3,000
J14;50,000;0,833;12,333;11,703;42,000;-31,000;11,000;GGgrrGGG;3,000
J14;50,000;0,833;12,333;11,703;42,000;-31,000;11,000;GGgrrGGG;3,000
J14;50,000;0,833;12,333;11,703;42,000;-31,000;11,000;GGgrrGGG;3,000
J14;50,000;0,833;12,333;11,703;42,000;-30,000;12,000;GGgrrGGG;4,000
J14;50,000;0,833;12,333;11,703;42,000;-30,000;12,000;GGgrrGGG;4,000
J14;50,000;0,833;12,333;11,703;42,000;-30,000;12,000;GGgrrGGG;4,000
J14;50,000;0,833;12,333;11,703;42,000;-30,000;12,000;GGgrrGGG;4,000
J14;50,000;0,833;12,333;11,703;42,000;-30,000;12,000;GGgrrGGG;4,000
J14;50,000;0,833;12,333;11,703;42,000;-30,000;12,000;GGgrrGGG;4,000
J14;51,000;0,833;13,167;11,788;42,000;-30,000;12,000;GGgrrGGG;3,000
J14;51,000;0,833;13,167;11,788;42,000;-30,000;12,000;GGgrrGGG;3,000
J14;51,000;0,833;13,167;11,788;42,000;-30,000;12,000;GGgrrGGG;3,000
J14;51,000;0,833;13,167;11,788;42,000;-30,000;12,000;GGgrrGGG;3,000
J14;51,000;0,833;13,167;11,788;42,000;-30,000;12,000;GGgrrGGG;3,000
J14;51,000;0,833;13,167;11,788;42,000;-29,000;13,000;GGgrrGGG;4,000
J14;51,000;0,833;13,167;11,788;42,000;-29,000;13,000;GGgrrGGG;4,000
J14;51,000;0,833;13,167;11,788;42,000;-29,000;13,000;GGgrrGGG;4,000
J14;51,000;0,833;13,167;11,788;42,000;-29,000;13,000;GGgrrGGG;4,000
J14;51,000;0,833;13,167;11,788;42,000;-29,000;13,000;GGgrrGGG;4,000
J14;51,000;0,833;13,167;11,788;42,000;-29,000;13,000;GGgrrGGG;4,000
J14;51,000;0,833;13,167;11,788;42,000;-29,000;13,000;GGgrrGGG;4,000
J14;52,000;1,000;14,000;9,477;42,000;-29,000;13,000;GGgrrGGG;3,000
J14;52,000;1,000;14,000;9,477;42,000;-29,000;13,000;GGgrrGGG;3,000
J14;52,000;1,000;14,000;9,477;42,000;-29,000;13,000;GGgrrGGG;3,000
J14;52,000;1,000;14,000;9,477;42,000;-29,000;13,000;GGgrrGGG;3,000
J14;52,000;1,000;14,000;9,477;42,000;-28,000;14,000;GGgrrGGG;4,000
J14;52,000;1,000;14,000;9,477;42,000;-28,000;14,000;GGgrrGGG;4,000
J14;52,000;1,000;14,000;9,477;42,000;-28,000;14,000;GGgrrGGG;4,000
J14;52,000;1,000;14,000;9,477;42,000;-28,000;14,000;GGgrrGGG;4,000
J14;52,000;1,000;14,000;9,477;42,000;-28,000;14,000;GGgrrGGG;4,000
J14;52,000;1,000;14,000;9,477;42,000;-28,000;14,000;GGgrrGGG;4,000
J14;52,000;1,000;14,000;9,477;42,000;-28,000;14,000;GGgrrGGG;4,000
J14;52,000;1,000;14,000;9,477;42,000;-28,000;14,000;GGgrrGGG;4,000
J14;52,000;0,833;14,833;9,626;42,000;-28,000;14,000;GGgrrGGG;4,000
J14;53,000;0,833;14,833;9,626;42,000;-28,000;14,000;GGgrrGGG;3,000
J14;53,000;0,833;14,833;9,626;42,000;-28,000;14,000;GGgrrGGG;3,000
J14;53,000;0,833;14,833;9,626;42,000;-28,000;14,000;GGgrrGGG;3,000
J14;53,000;0,833;14,833;9,626;42,000;-27,000;15,000;GGgrrGGG;4,000
J14;53,000;0,833;14,833;9,626;42,000;-27,000;15,000;GGgrrGGG;4,000
J14;53,000;0,833;14,833;9,626;42,000;-27,000;15,000;GGgrrGGG;4,000
J14;53,000;0,833;14,833;9,626;42,000;-27,000;15,000;GGgrrGGG;4,000
J14;53,000;0,833;14,833;9,626;42,000;-27,000;15,000;GGgrrGGG;4,000
J14;53,000;0,833;14,833;9,626;42,000;-27,000;15,000;GGgrrGGG;4,000
J14;54,000;0,833;15,667;11,560;42,000;-27,000;15,000;GGgrrGGG;3,000
J14;54,000;0,833;15,667;11,560;42,000;-27,000;15,000;GGgrrGGG;3,000
J14;54,000;0,833;15,667;11,560;42,000;-27,000;15,000;GGgrrGGG;3,000
J14;54,000;0,833;15,667;11,560;42,000;-27,000;15,000;GGgrrGGG;3,000
J14;54,000;0,833;15,667;11,560;42,000;-26,000;16,000;GGgrrGGG;4,000
J14;54,000;0,833;15,667;11,560;42,000;-26,000;16,000;GGgrrGGG;4,000
J14;54,000;0,833;15,667;11,560;42,000;-26,000;16,000;GGgrrGGG;4,000
J14;54,000;0,833;15,667;11,560;42,000;-26,000;16,000;GGgrrGGG;4,000
J14;54,000;0,833;15,667;11,560;42,000;-26,000;16,000;GGgrrGGG;4,000
J14;54,000;0,833;15,667;11,560;42,000;-26,000;16,000;GGgrrGGG;4,000
J14;55,000;0,833;16,500;11,547;42,000;-26,000;16,000;GGgrrGGG;3,000
J14;55,000;0,833;16,500;11,547;42,000;-26,000;16,000;GGgrrGGG;3,000
J14;55,000;0,833;16,500;11,547;42,000;-26,000;16,000;GGgrrGGG;3,000
J14;55,000;0,833;16,500;11,547;42,000;-26,000;16,000;GGgrrGGG;3,000
J14;55,000;0,833;16,500;11,547;42,000;-25,000;17,000;GGgrrGGG;4,000
J14;55,000;0,833;16,500;11,547;42,000;-25,000;17,000;GGgrrGGG;4,000
J14;55,000;0,833;16,500;11,547;42,000;-25,000;17,000;GGgrrGGG;4,000
J14;55,000;0,833;16,500;11,547;42,000;-25,000;17,000;GGgrrGGG;4,000
J14;55,000;0,833;16,500;11,547;42,000;-25,000;17,000;GGgrrGGG;4,000
J14;55,000;0,833;16,500;11,547;42,000;-25,000;17,000;GGgrrGGG;4,000
J14;55,000;0,833;16,500;11,547;42,000;-25,000;17,000;GGgrrGGG;4,000
J14;56,000;1,000;17,500;11,627;42,000;-25,000;17,000;GGgrrGGG;3,000
J14;56,000;1,000;17,500;11,627;42,000;-25,000;17,000;GGgrrGGG;3,000
J14;56,000;1,000;17,500;11,627;42,000;-25,000;17,000;GGgrrGGG;3,000
J14;56,000;1,000;17,500;11,627;42,000;-25,000;17,000;GGgrrGGG;3,000
J14;56,000;1,000;17,500;11,627;42,000;-24,000;18,000;GGgrrGGG;4,000
J14;56,000;1,000;17,500;11,627;42,000;-24,000;18,000;GGgrrGGG;4,000
J14;56,000;1,000;17,500;11,627;42,000;-24,000;18,000;GGgrrGGG;4,000
J14;56,000;1,000;17,500;11,627;42,000;-24,000;18,000;GGgrrGGG;4,000
J14;56,000;1,000;17,500;11,627;42,000;-24,000;18,000;GGgrrGGG;4,000
J14;56,000;1,000;17,500;11,627;42,000;-24,000;18,000;GGgrrGGG;4,000
J14;56,000;1,000;17,500;11,627;42,000;-24,000;18,000;GGgrrGGG;4,000
J14;57,000;0,833;12,500;11,669;41,000;-11,000;30,000;rrrGGGrr;29,000
J14;57,000;0,833;12,500;11,669;41,000;-11,000;30,000;rrrGGGrr;29,000
J14;57,000;0,833;12,500;11,669;41,000;-11,000;30,000;rrrGGGrr;29,000
J14;57,000;0,833;12,500;11,669;41,000;-11,000;30,000;rrrGGGrr;29,000
J14;57,000;0,833;12,500;11,669;41,000;13,060;54,060;rrrGGGrr;53,060
J14;57,000;0,833;12,500;11,669;41,000;13,060;54,060;rrrGGGrr;53,060
J14;57,000;0,833;12,500;11,669;41,000;13,060;54,060;rrrGGGrr;53,060
J14;57,000;0,833;12,500;11,669;41,000;13,060;54,060;rrrGGGrr;53,060
J14;57,000;0,833;12,500;11,669;41,000;13,060;54,060;rrrGGGrr;53,060
J14;57,000;0,833;12,500;11,669;41,000;13,060;54,060;rrrGGGrr;53,060
J14;57,000;0,833;12,500;11,669;41,000;13,060;54,060;rrrGGGrr;53,060
J14;57,000;0,833;12,500;11,669;41,000;13,060;54,060;rrrGGGrr;53,060
J14;57,000;0,833;12,500;11,669;41,000;13,060;54,060;rrrGGGrr;53,060
J14;57,000;0,833;12,500;11,669;41,000;13,060;54,060;rrrGGGrr;53,060
J14;58,000;0,667;8,833;11,728;41,000;13,060;54,060;rrrGGGrr;52,060
J14;58,000;0,667;8,833;11,728;41,000;13,060;54,060;rrrGGGrr;52,060
J14;58,000;0,667;8,833;11,728;41,000;13,060;54,060;rrrGGGrr;52,060
J14;58,000;0,667;8,833;11,728;41,000;13,448;54,448;rrrGGGrr;52,448
J14;58,000;0,667;8,833;11,728;41,000;13,448;54,448;rrrGGGrr;52,448
J14;58,000;0,667;8,833;11,728;41,000;13,448;54,448;rrrGGGrr;52,448
J14;58,000;0,667;8,833;11,728;41,000;13,448;54,448;rrrGGGrr;52,448
J14;58,000;0,667;8,833;11,728;41,000;13,448;54,448;rrrGGGrr;52,448
J14;58,000;0,667;8,833;11,728;41,000;13,448;54,448;rrrGGGrr;52,448
J14;58,000;0,667;8,833;11,728;41,000;13,448;54,448;rrrGGGrr;52,448
J14;58,000;0,667;8,833;11,728;41,000;13,448;54,448;rrrGGGrr;52,448
J14;58,000;0,667;8,833;11,728;41,000;13,448;54,448;rrrGGGrr;52,448
J14;58,000;0,667;8,833;11,728;41,000;13,448;54,448;rrrGGGrr;52,448
J14;58,000;0,667;8,833;11,728;41,000;13,448;54,448;rrrGGGrr;52,448
J14;59,000;0,667;5,500;9,600;41,000;13,448;54,448;rrrGGGrr;51,448
J14;59,000;0,667;5,500;9,600;41,000;13,448;54,448;rrrGGGrr;51,448
J14;59,000;0,667;5,500;9,600;41,000;13,448;54,448;rrrGGGrr;51,448
J14;59,000;0,667;5,500;9,600;41,000;12,179;53,179;rrrGGGrr;50,179
J14;59,000;0,667;5,500;9,600;41,000;12,179;53,179;rrrGGGrr;50,179
J14;59,000;0,667;5,500;9,600;41,000;12,179;53,179;rrrGGGrr;50,179
J14;59,000;0,667;5,500;9,600;41,000;12,179;53,179;rrrGGGrr;50,179
J14;59,000;0,667;5,500;9,600;41,000;12,179;53,179;rrrGGGrr;50,179
J14;59,000;0,667;5,500;9,600;41,000;12,179;53,179;rrrGGGrr;50,179
J14;59,000;0,667;5,500;9,600;41,000;12,179;53,179;rrrGGGrr;50,179
J14;59,000;0,667;5,500;9,600;41,000;12,179;53,179;rrrGGGrr;50,179
J14;59,000;0,667;5,500;9,600;41,000;12,179;53,179;rrrGGGrr;50,179
J14;59,000;0,667;5,500;9,600;41,000;12,179;53,179;rrrGGGrr;50,179
J14;59,000;0,667;5,500;9,600;41,000;12,179;53,179;rrrGGGrr;50,179
J14;60,000;0,333;2,833;9,816;41,000;12,179;53,179;rrrGGGrr;49,179
J14;60,000;0,333;2,833;9,816;41,000;12,179;53,179;rrrGGGrr;49,179
J14;60,000;0,333;2,833;9,816;41,000;12,179;53,179;rrrGGGrr;49,179
J14;60,000;0,333;2,833;9,816;41,000;12,179;53,179;rrrGGGrr;49,179
J14;60,000;0,333;2,833;9,816;41,000;14,924;55,924;rrrGGGrr;51,924
J14;60,000;0,333;2,833;9,816;41,000;14,924;55,924;rrrGGGrr;51,924
J14;60,000;0,333;2,833;9,816;41,000;14,924;55,924;rrrGGGrr;51,924
J14;60,000;0,333;2,833;9,816;41,000;14,924;55,924;rrrGGGrr;51,924
J14;60,000;0,333;2,833;9,816;41,000;14,924;55,924;rrrGGGrr;51,924
J14;60,000;0,333;2,833;9,816;41,000;14,924;55,924;rrrGGGrr;51,924
J14;60,000;0,333;2,833;9,816;41,000;14,924;55,924;rrrGGGrr;51,924
J14;60,000;0,333;2,833;9,816;41,000;14,924;55,924;rrrGGGrr;51,924
J14;60,000;0,333;2,833;9,816;41,000;14,924;55,924;rrrGGGrr;51,924
J14;60,000;0,333;2,833;9,816;41,000;14,924;55,924;rrrGGGrr;51,924
J14;60,000;0,333;2,833;9,816;41,000;14,924;55,924;rrrGGGrr;51,924
J14;60,000;0,333;2,833;9,816;41,000;14,924;55,924;rrrGGGrr;51,924
J14;60,000;0,333;2,833;9,816;41,000;14,924;55,924;rrrGGGrr;51,924
J14;60,000;0,333;2,833;9,816;41,000;14,924;55,924;rrrGGGrr;51,924
J14;61,000;0,167;1,000;11,820;41,000;14,924;55,924;rrrGGGrr;50,924
J14;61,000;0,167;1,000;11,820;41,000;14,924;55,924;rrrGGGrr;50,924
J14;61,000;0,167;1,000;11,820;41,000;14,924;55,924;rrrGGGrr;50,924
J14;61,000;0,167;1,000;11,820;41,000;14,924;55,924;rrrGGGrr;50,924
J14;61,000;0,167;1,000;11,820;41,000;-32,000;9,000;rrrGGGrr;4,000
J14;61,000;0,167;1,000;11,820;41,000;-32,000;9,000;rrrGGGrr;4,000
J14;61,000;0,167;1,000;11,820;41,000;-32,000;9,000;rrrGGGrr;4,000
J14;61,000;0,167;1,000;11,820;41,000;-32,000;9,000;rrrGGGrr;4,000
J14;61,000;0,167;1,000;11,820;41,000;-32,000;9,000;rrrGGGrr;4,000
J14;61,000;0,167;1,000;11,820;41,000;-32,000;9,000;rrrGGGrr;4,000
J14;61,000;0,167;1,000;11,820;41,000;-32,000;9,000;rrrGGGrr;4,000
J14;61,000;0,167;1,000;11,820;41,000;-32,000;9,000;rrrGGGrr;4,000
J14;61,000;0,167;1,000;11,820;41,000;-32,000;9,000;rrrGGGrr;4,000
J14;61,000;0,167;1,000;11,820;41,000;-32,000;9,000;rrrGGGrr;4,000
J14;61,000;0,167;1,000;11,820;41,000;-32,000;9,000;rrrGGGrr;4,000
J14;62,000;0,000;0,000;11,668;41,000;-32,000;9,000;rrrGGGrr;3,000
J14;62,000;0,000;0,000;11,668;41,000;-32,000;9,000;rrrGGGrr;3,000
J14;62,000;0,000;0,000;11,668;41,000;-32,000;9,000;rrrGGGrr;3,000
J14;62,000;0,000;0,000;11,668;41,000;-31,000;10,000;rrrGGGrr;4,000
J14;62,000;0,000;0,000;11,668;41,000;-31,000;10,000;rrrGGGrr;4,000
J14;62,000;0,000;0,000;11,668;41,000;-31,000;10,000;rrrGGGrr;4,000
J14;62,000;0,000;0,000;11,668;41,000;-31,000;10,000;rrrGGGrr;4,000
J14;62,000;0,000;0,000;11,668;41,000;-31,000;10,000;rrrGGGrr;4,000
J14;62,000;0,000;0,000;11,668;41,000;-31,000;10,000;rrrGGGrr;4,000
J14;62,000;0,000;0,000;11,668;41,000;-31,000;10,000;rrrGGGrr;4,000
J14;62,000;0,000;0,000;11,668;41,000;-31,000;10,000;rrrGGGrr;4,000
J14;62,000;0,000;0,000;11,668;41,000;-31,000;10,000;rrrGGGrr;4,000
J14;62,000;0,000;0,000;11,668;41,000;-31,000;10,000;rrrGGGrr;4,000
J14;62,000;0,000;0,000;11,668;41,000;-31,000;10,000;rrrGGGrr;4,000
J14;62,000;0,000;0,000;11,668;41,000;-31,000;10,000;rrrGGGrr;4,000
J14;62,000;0,000;0,000;12,055;41,000;-31,000;10,000;rrrGGGrr;4,000
J14;63,000;0,000;0,000;12,055;41,000;-31,000;10,000;rrrGGGrr;3,000
J14;63,000;0,000;0,000;12,055;41,000;-31,000;10,000;rrrGGGrr;3,000
J14;63,000;0,000;0,000;12,055;41,000;-31,000;10,000;rrrGGGrr;3,000
J14;63,000;0,000;0,000;12,055;41,000;-30,000;11,000;rrrGGGrr;4,000
J14;63,000;0,000;0,000;12,055;41,000;-30,000;11,000;rrrGGGrr;4,000
J14;63,000;0,000;0,000;12,055;41,000;-30,000;11,000;rrrGGGrr;4,000
J14;63,000;0,000;0,000;12,055;41,000;-30,000;11,000;rrrGGGrr;4,000
J14;63,000;0,000;0,000;12,055;41,000;-30,000;11,000;rrrGGGrr;4,000
J14;63,000;0,000;0,000;12,055;41,000;-30,000;11,000;rrrGGGrr;4,000
J14;63,000;0,000;0,000;12,055;41,000;-30,000;11,000;rrrGGGrr;4,000
J14;63,000;0,000;0,000;12,055;41,000;-30,000;11,000;rrrGGGrr;4,000
J14;63,000;0,000;0,000;12,055;41,000;-30,000;11,000;rrrGGGrr;4,000
J14;63,000;0,000;0,000;12,055;41,000;-30,000;11,000;rrrGGGrr;4,000
J14;63,000;0,000;0,000;12,055;41,000;-30,000;11,000;rrrGGGrr;4,000
J14;63,000;0,000;0,000;12,055;41,000;-30,000;11,000;rrrGGGrr;4,000
J14;63,000;0,000;0,000;12,055;41,000;-30,000;11,000;rrrGGGrr;4,000
J14;64,000;0,000;0,000;12,540;41,000;-30,000;11,000;rrrGGGrr;3,000
J14;64,000;0,000;0,000;12,540;41,000;-30,000;11,000;rrrGGGrr;3,000
J14;64,000;0,000;0,000;12,540;41,000;-30,000;11,000;rrrGGGrr;3,000
J14;64,000;0,000;0,000;12,540;41,000;-30,000;11,000;rrrGGGrr;3,000
J14;64,000;0,000;0,000;12,540;41,000;-29,000;12,000;rrrGGGrr;4,000
J14;64,000;0,000;0,000;12,540;41,000;-29,000;12,000;rrrGGGrr;4,000
J14;64,000;0,000;0,000;12,540;41,000;-29,000;12,000;rrrGGGrr;4,000
J14;64,000;0,000;0,000;12,540;41,000;-29,000;12,000;rrrGGGrr;4,000
J14;64,000;0,000;0,000;12,540;41,000;-29,000;12,000;rrrGGGrr;4,000
J14;64,000;0,000;0,000;12,540;41,000;-29,000;12,000;rrrGGGrr;4,000
J14;64,000;0,000;0,000;12,540;41,000;-29,000;12,000;rrrGGGrr;4,000
J14;64,000;0,000;0,000;12,540;41,000;-29,000;12,000;rrrGGGrr;4,000
J14;64,000;0,000;0,000;12,540;41,000;-29,000;12,000;rrrGGGrr;4,000
J14;64,000;0,000;0,000;12,540;41,000;-29,000;12,000;rrrGGGrr;4,000
J14;65,000;0,000;0,000;12,497;41,000;-29,000;12,000;rrrGGGrr;3,000
J14;65,000;0,000;0,000;12,497;41,000;-29,000;12,000;rrrGGGrr;3,000
J14;65,000;0,000;0,000;12,497;41,000;-29,000;12,000;rrrGGGrr;3,000
J14;65,000;0,000;0,000;12,497;41,000;-29,000;12,000;rrrGGGrr;3,000
J14;65,000;0,000;0,000;12,497;41,000;-28,000;13,000;rrrGGGrr;4,000
J14;65,000;0,000;0,000;12,497;41,000;-28,000;13,000;rrrGGGrr;4,000
J14;65,000;0,000;0,000;12,497;41,000;-28,000;13,000;rrrGGGrr;4,000
J14;65,000;0,000;0,000;12,497;41,000;-28,000;13,000;rrrGGGrr;4,000
J14;65,000;0,000;0,000;12,497;41,000;-28,000;13,000;rrrGGGrr;4,000
J14;65,000;0,000;0,000;12,497;41,000;-28,000;13,000;rrrGGGrr;4,000
J14;65,000;0,000;0,000;12,497;41,000;-28,000;13,000;rrrGGGrr;4,000
J14;65,000;0,000;0,000;12,497;41,000;-28,000;13,000;rrrGGGrr;4,000
J14;65,000;0,000;0,000;12,497;41,000;-28,000;13,000;rrrGGGrr;4,000
J14;65,000;0,000;0,000;12,497;41,000;-28,000;13,000;rrrGGGrr;4,000
J14;66,000;0,167;0,000;10,360;41,000;-28,000;13,000;rrrGGGrr;3,000
J14;66,000;0,167;0,000;10,360;41,000;-28,000;13,000;rrrGGGrr;3,000
J14;66,000;0,167;0,000;10,360;41,000;-28,000;13,000;rrrGGGrr;3,000
J14;66,000;0,167;0,000;10,360;41,000;-28,000;13,000;rrrGGGrr;3,000
J14;66,000;0,167;0,000;10,360;41,000;-27,000;14,000;rrrGGGrr;4,000
J14;66,000;0,167;0,000;10,360;41,000;-27,000;14,000;rrrGGGrr;4,000
J14;66,000;0,167;0,000;10,360;41,000;-27,000;14,000;rrrGGGrr;4,000
J14;66,000;0,167;0,000;10,360;41,000;-27,000;14,000;rrrGGGrr;4,000
J14;66,000;0,167;0,000;10,360;41,000;-27,000;14,000;rrrGGGrr;4,000
J14;66,000;0,167;0,000;10,360;41,000;-27,000;14,000;rrrGGGrr;4,000
J14;66,000;0,167;0,000;10,360;41,000;-27,000;14,000;rrrGGGrr;4,000
J14;66,000;0,167;0,000;10,360;41,000;-27,000;14,000;rrrGGGrr;4,000
J14;66,000;0,167;0,000;10,360;41,000;-27,000;14,000;rrrGGGrr;4,000
J14;66,000;0,167;0,000;10,360;41,000;-27,000;14,000;rrrGGGrr;4,000
J14;66,000;0,000;0,000;10,644;41,000;-27,000;14,000;rrrGGGrr;4,000
J14;67,000;0,000;0,000;10,644;41,000;-27,000;14,000;rrrGGGrr;3,000
J14;67,000;0,000;0,000;10,644;41,000;-27,000;14,000;rrrGGGrr;3,000
J14;67,000;0,000;0,000;10,644;41,000;-27,000;14,000;rrrGGGrr;3,000
J14;67,000;0,000;0,000;10,644;41,000;-27,000;14,000;rrrGGGrr;3,000
J14;67,000;0,000;0,000;10,644;41,000;-26,000;15,000;rrrGGGrr;4,000
J14;67,000;0,000;0,000;10,644;41,000;-26,000;15,000;rrrGGGrr;4,000
J14;67,000;0,000;0,000;10,644;41,000;-26,000;15,000;rrrGGGrr;4,000
J14;67,000;0,000;0,000;10,644;41,000;-26,000;15,000;rrrGGGrr;4,000
J14;67,000;0,000;0,000;10,644;41,000;-26,000;15,000;rrrGGGrr;4,000
J14;67,000;0,000;0,000;10,644;41,000;-26,000;15,000;rrrGGGrr;4,000
J14;67,000;0,000;0,000;10,644;41,000;-26,000;15,000;rrrGGGrr;4,000
J14;67,000;0,000;0,000;10,644;41,000;-26,000;15,000;rrrGGGrr;4,000
J14;67,000;0,000;0,000;10,644;41,000;-26,000;15,000;rrrGGGrr;4,000
J14;67,000;0,000;0,000;10,644;41,000;-26,000;15,000;rrrGGGrr;4,000
J14;67,000;0,000;0,000;10,644;41,000;-26,000;15,000;rrrGGGrr;4,000
J14;67,000;0,000;0,000;10,644;41,000;-26,000;15,000;rrrGGGrr;4,000
J14;68,000;0,000;0,000;12,770;41,000;-26,000;15,000;rrrGGGrr;3,000
J14;68,000;0,000;0,000;12,770;41,000;-26,000;15,000;rrrGGGrr;3,000
J14;68,000;0,000;0,000;12,770;41,000;-26,000;15,000;rrrGGGrr;3,000
J14;68,000;0,000;0,000;12,770;41,000;-25,000;16,000;rrrGGGrr;4,000
J14;68,000;0,000;0,000;12,770;41,000;-25,000;16,000;rrrGGGrr;4,000
J14;68,000;0,000;0,000;12,770;41,000;-25,000;16,000;rrrGGGrr;4,000
J14;68,000;0,000;0,000;12,770;41,000;-25,000;16,000;rrrGGGrr;4,000
J14;68,000;0,000;0,000;12,770;41,000;-25,000;16,000;rrrGGGrr;4,000
J14;68,000;0,000;0,000;12,770;41,000;-25,000;16,000;rrrGGGrr;4,000
J14;68,000;0,000;0,000;12,770;41,000;-25,000;16,000;rrrGGGrr;4,000
J14;68,000;0,000;0,000;12,770;41,000;-25,000;16,000;rrrGGGrr;4,000
J14;68,000;0,000;0,000;12,770;41,000;-25,000;16,000;rrrGGGrr;4,000
J14;68,000;0,000;0,000;12,770;41,000;-25,000;16,000;rrrGGGrr;4,000
J14;68,000;0,000;0,000;12,770;41,000;-25,000;16,000;rrrGGGrr;4,000
J14;68,000;0,000;0,000;12,770;41,000;-25,000;16,000;rrrGGGrr;4,000
J14;69,000;0,000;0,000;12,871;41,000;-25,000;16,000;rrrGGGrr;3,000
J14;69,000;0,000;0,000;12,871;41,000;-25,000;16,000;rrrGGGrr;3,000
J14;69,000;0,000;0,000;12,871;41,000;-24,000;17,000;rrrGGGrr;4,000
J14;69,000;0,000;0,000;12,871;41,000;-24,000;17,000;rrrGGGrr;4,000
J14;69,000;0,000;0,000;12,871;41,000;-24,000;17,000;rrrGGGrr;4,000
J14;69,000;0,000;0,000;12,871;41,000;-24,000;17,000;rrrGGGrr;4,000
J14;69,000;0,000;0,000;12,871;41,000;-24,000;17,000;rrrGGGrr;4,000
J14;69,000;0,000;0,000;12,871;41,000;-24,000;17,000;rrrGGGrr;4,000
J14;69,000;0,000;0,000;12,871;41,000;-24,000;17,000;rrrGGGrr;4,000
J14;69,000;0,000;0,000;12,871;41,000;-24,000;17,000;rrrGGGrr;4,000
J14;69,000;0,000;0,000;12,871;41,000;-24,000;17,000;rrrGGGrr;4,000
J14;69,000;0,000;0,000;12,871;41,000;-24,000;17,000;rrrGGGrr;4,000
J14;69,000;0,000;0,000;12,871;41,000;-24,000;17,000;rrrGGGrr;4,000
J14;70,000;0,000;0,000;13,077;41,000;-24,000;17,000;rrrGGGrr;3,000
J14;70,000;0,000;0,000;13,077;41,000;-24,000;17,000;rrrGGGrr;3,000
J14;70,000;0,000;0,000;13,077;41,000;-23,000;18,000;rrrGGGrr;4,000
J14;70,000;0,000;0,000;13,077;41,000;-23,000;18,000;rrrGGGrr;4,000
J14;70,000;0,000;0,000;13,077;41,000;-23,000;18,000;rrrGGGrr;4,000
J14;70,000;0,000;0,000;13,077;41,000;-23,000;18,000;rrrGGGrr;4,000
J14;70,000;0,000;0,000;13,077;41,000;-23,000;18,000;rrrGGGrr;4,000
J14;70,000;0,000;0,000;13,077;41,000;-23,000;18,000;rrrGGGrr;4,000
J14;70,000;0,000;0,000;13,077;41,000;-23,000;18,000;rrrGGGrr;4,000
J14;70,000;0,000;0,000;13,077;41,000;-23,000;18,000;rrrGGGrr;4,000
J14;70,000;0,000;0,000;13,077;41,000;-23,000;18,000;rrrGGGrr;4,000
J14;70,000;0,000;0,000;13,077;41,000;-23,000;18,000;rrrGGGrr;4,000
J14;70,000;0,000;0,000;13,077;41,000;-23,000;18,000;rrrGGGrr;4,000
J14;70,000;0,000;0,000;13,077;41,000;-23,000;18,000;rrrGGGrr;4,000
J14;71,000;0,000;0,000;12,973;41,000;-23,000;18,000;rrrGGGrr;3,000
J14;71,000;0,000;0,000;12,973;41,000;-23,000;18,000;rrrGGGrr;3,000
J14;71,000;0,000;0,000;12,973;41,000;-22,000;19,000;rrrGGGrr;4,000
J14;71,000;0,000;0,000;12,973;41,000;-22,000;19,000;rrrGGGrr;4,000
J14;71,000;0,000;0,000;12,973;41,000;-22,000;19,000;rrrGGGrr;4,000
J14;71,000;0,000;0,000;12,973;41,000;-22,000;19,000;rrrGGGrr;4,000
J14;71,000;0,000;0,000;12,973;41,000;-22,000;19,000;rrrGGGrr;4,000
J14;71,000;0,000;0,000;12,973;41,000;-22,000;19,000;rrrGGGrr;4,000
J14;71,000;0,000;0,000;12,973;41,000;-22,000;19,000;rrrGGGrr;4,000
J14;71,000;0,000;0,000;12,973;41,000;-22,000;19,000;rrrGGGrr;4,000
J14;71,000;0,000;0,000;12,973;41,000;-22,000;19,000;rrrGGGrr;4,000
J14;72,000;0,000;0,000;12,630;41,000;-22,000;19,000;rrrGGGrr;3,000
J14;72,000;0,000;0,000;12,630;41,000;-22,000;19,000;rrrGGGrr;3,000
J14;72,000;0,000;0,000;12,630;41,000;-21,000;20,000;rrrGGGrr;4,000
J14;72,000;0,000;0,000;12,630;41,000;-21,000;20,000;rrrGGGrr;4,000
J14;72,000;0,000;0,000;12,630;41,000;-21,000;20,000;rrrGGGrr;4,000
J14;72,000;0,000;0,000;12,630;41,000;-21,000;20,000;rrrGGGrr;4,000
J14;72,000;0,000;0,000;12,630;41,000;-21,000;20,000;rrrGGGrr;4,000
J14;72,000;0,000;0,000;12,630;41,000;-21,000;20,000;rrrGGGrr;4,000
J14;72,000;0,000;0,000;12,630;41,000;-21,000;20,000;rrrGGGrr;4,000
J14;72,000;0,000;0,000;12,630;41,000;-21,000;20,000;rrrGGGrr;4,000
J14;72,000;0,000;0,000;12,630;41,000;-21,000;20,000;rrrGGGrr;4,000
J14;72,000;0,000;0,000;12,630;41,000;-21,000;20,000;rrrGGGrr;4,000
J14;72,000;0,000;0,000;12,630;41,000;-21,000;20,000;rrrGGGrr;4,000
J14;73,000;0,333;0,167;10,146;41,000;-21,000;20,000;rrrGGGrr;3,000
J14;73,000;0,333;0,167;10,146;41,000;19,000;60,000;rrrGGGrr;43,000
J14;73,000;0,333;0,167;10,146;41,000;19,000;60,000;rrrGGGrr;43,000
J14;73,000;0,333;0,167;10,146;41,000;19,000;60,000;rrrGGGrr;43,000
J14;73,000;0,333;0,167;10,146;41,000;19,000;60,000;rrrGGGrr;43,000
J14;73,000;0,333;0,167;10,146;41,000;19,000;60,000;rrrGGGrr;43,000
J14;73,000;0,333;0,167;10,146;41,000;19,000;60,000;rrrGGGrr;43,000
J14;73,000;0,333;0,167;10,146;41,000;19,000;60,000;rrrGGGrr;43,000
J14;73,000;0,333;0,167;10,146;41,000;19,000;60,000;rrrGGGrr;43,000
J14;73,000;0,333;0,167;10,146;41,000;19,000;60,000;rrrGGGrr;43,000
J14;73,000;0,333;0,167;10,146;41,000;19,000;60,000;rrrGGGrr;43,000
J14;73,000;0,333;0,167;10,146;41,000;19,000;60,000;rrrGGGrr;43,000
J14;74,000;0,167;0,333;11,181;41,000;19,000;60,000;rrrGGGrr;42,000
J14;74,000;0,167;0,333;11,181;41,000;19,000;60,000;rrrGGGrr;42,000
J14;74,000;0,167;0,333;11,181;41,000;19,000;60,000;rrrGGGrr;42,000
J14;74,000;0,167;0,333;11,181;41,000;19,000;60,000;rrrGGGrr;42,000
J14;74,000;0,167;0,333;11,181;41,000;-19,000;22,000;rrrGGGrr;4,000
J14;74,000;0,167;0,333;11,181;41,000;-19,000;22,000;rrrGGGrr;4,000
J14;74,000;0,167;0,333;11,181;41,000;-19,000;22,000;rrrGGGrr;4,000
J14;74,000;0,167;0,333;11,181;41,000;-19,000;22,000;rrrGGGrr;4,000
J14;74,000;0,167;0,333;11,181;41,000;-19,000;22,000;rrrGGGrr;4,000
J14;74,000;0,167;0,333;11,181;41,000;-19,000;22,000;rrrGGGrr;4,000
J14;74,000;0,167;0,333;11,181;41,000;-19,000;22,000;rrrGGGrr;4,000
J14;74,000;0,167;0,333;11,181;41,000;-19,000;22,000;rrrGGGrr;4,000
J14;74,000;0,167;0,333;11,181;41,000;-19,000;22,000;rrrGGGrr;4,000
J14;74,000;0,167;0,333;11,181;41,000;-19,000;22,000;rrrGGGrr;4,000
J14;75,000;0,333;0,667;11,418;41,000;-19,000;22,000;rrrGGGrr;3,000
J14;75,000;0,333;0,667;11,418;41,000;-19,000;22,000;rrrGGGrr;3,000
J14;75,000;0,333;0,667;11,418;41,000;19,000;60,000;rrrGGGrr;41,000
J14;75,000;0,333;0,667;11,418;41,000;19,000;60,000;rrrGGGrr;41,000
J14;75,000;0,333;0,667;11,418;41,000;19,000;60,000;rrrGGGrr;41,000
J14;75,000;0,333;0,667;11,418;41,000;19,000;60,000;rrrGGGrr;41,000
J14;75,000;0,333;0,667;11,418;41,000;19,000;60,000;rrrGGGrr;41,000
J14;75,000;0,333;0,667;11,418;41,000;19,000;60,000;rrrGGGrr;41,000
J14;75,000;0,333;0,667;11,418;41,000;19,000;60,000;rrrGGGrr;41,000
J14;75,000;0,333;0,667;11,418;41,000;19,000;60,000;rrrGGGrr;41,000
J14;75,000;0,333;0,667;11,418;41,000;19,000;60,000;rrrGGGrr;41,000
J14;75,000;0,333;0,667;11,418;41,000;19,000;60,000;rrrGGGrr;41,000
J14;75,000;0,333;0,667;11,418;41,000;19,000;60,000;rrrGGGrr;41,000
J14;76,000;0,333;1,000;11,627;41,000;19,000;60,000;rrrGGGrr;40,000
J14;76,000;0,333;1,000;11,627;41,000;19,000;60,000;rrrGGGrr;40,000
J14;76,000;0,333;1,000;11,627;41,000;19,000;60,000;rrrGGGrr;40,000
J14;76,000;0,333;1,000;11,627;41,000;19,000;60,000;rrrGGGrr;40,000
J14;76,000;0,333;1,000;11,627;41,000;19,000;60,000;rrrGGGrr;40,000
J14;76,000;0,333;1,000;11,627;41,000;19,000;60,000;rrrGGGrr;40,000
J14;76,000;0,333;1,000;11,627;41,000;19,000;60,000;rrrGGGrr;40,000
J14;76,000;0,333;1,000;11,627;41,000;19,000;60,000;rrrGGGrr;40,000
J14;76,000;0,333;1,000;11,627;41,000;19,000;60,000;rrrGGGrr;40,000
J14;76,000;0,333;1,000;11,627;41,000;19,000;60,000;rrrGGGrr;40,000
J14;77,000;0,333;1,333;11,838;41,000;19,000;60,000;rrrGGGrr;39,000
J14;77,000;0,333;1,333;11,838;41,000;19,000;60,000;rrrGGGrr;39,000
J14;77,000;0,333;1,333;11,838;41,000;19,000;60,000;rrrGGGrr;39,000
J14;77,000;0,333;1,333;11,838;41,000;19,000;60,000;rrrGGGrr;39,000
J14;77,000;0,333;1,333;11,838;41,000;19,000;60,000;rrrGGGrr;39,000
J14;77,000;0,333;1,333;11,838;41,000;19,000;60,000;rrrGGGrr;39,000
J14;77,000;0,333;1,333;11,838;41,000;19,000;60,000;rrrGGGrr;39,000
J14;77,000;0,333;1,333;11,838;41,000;19,000;60,000;rrrGGGrr;39,000
J14;77,000;0,333;1,333;11,838;41,000;19,000;60,000;rrrGGGrr;39,000
J14;77,000;0,333;1,333;11,838;41,000;19,000;60,000;rrrGGGrr;39,000
J14;77,000;0,333;1,333;11,838;41,000;19,000;60,000;rrrGGGrr;39,000
J14;77,000;0,333;1,333;11,838;41,000;19,000;60,000;rrrGGGrr;39,000
J14;77,000;0,333;1,333;11,838;41,000;19,000;60,000;rrrGGGrr;39,000
J14;77,000;0,333;1,333;11,838;41,000;19,000;60,000;rrrGGGrr;39,000
J14;77,000;0,333;1,333;11,838;41,000;19,000;60,000;rrrGGGrr;39,000
J14;78,000;0,333;1,667;11,831;41,000;19,000;60,000;rrrGGGrr;38,000
J14;78,000;0,333;1,667;11,831;41,000;19,000;60,000;rrrGGGrr;38,000
J14;78,000;0,333;1,667;11,831;41,000;19,000;60,000;rrrGGGrr;38,000
J14;78,000;0,333;1,667;11,831;41,000;19,000;60,000;rrrGGGrr;38,000
J14;78,000;0,333;1,667;11,831;41,000;19,000;60,000;rrrGGGrr;38,000
J14;78,000;0,333;1,667;11,831;41,000;19,000;60,000;rrrGGGrr;38,000
J14;78,000;0,333;1,667;11,831;41,000;19,000;60,000;rrrGGGrr;38,000
J14;78,000;0,333;1,667;11,831;41,000;19,000;60,000;rrrGGGrr;38,000
J14;78,000;0,333;1,667;11,831;41,000;19,000;60,000;rrrGGGrr;38,000
J14;78,000;0,333;1,667;11,831;41,000;19,000;60,000;rrrGGGrr;38,000
J14;78,000;0,333;1,667;11,831;41,000;19,000;60,000;rrrGGGrr;38,000
J14;78,000;0,333;1,667;11,831;41,000;19,000;60,000;rrrGGGrr;38,000
J14;78,000;0,333;1,667;11,831;41,000;19,000;60,000;rrrGGGrr;38,000
J14;78,000;0,333;1,667;11,831;41,000;19,000;60,000;rrrGGGrr;38,000
J14;78,000;0,333;1,667;12,043;41,000;19,000;60,000;rrrGGGrr;38,000
J14;79,000;0,167;0,833;12,092;41,000;19,000;60,000;rrrGGGrr;37,000
J14;79,000;0,167;0,833;12,092;41,000;19,000;60,000;rrrGGGrr;37,000
J14;79,000;0,167;0,833;12,092;41,000;19,000;60,000;rrrGGGrr;37,000
J14;79,000;0,167;0,833;12,092;41,000;-14,000;27,000;rrrGGGrr;4,000
J14;79,000;0,167;0,833;12,092;41,000;-14,000;27,000;rrrGGGrr;4,000
J14;79,000;0,167;0,833;12,092;41,000;-14,000;27,000;rrrGGGrr;4,000
J14;79,000;0,167;0,833;12,092;41,000;-14,000;27,000;rrrGGGrr;4,000
J14;79,000;0,167;0,833;12,092;41,000;-14,000;27,000;rrrGGGrr;4,000
J14;79,000;0,167;0,833;12,092;41,000;-14,000;27,000;rrrGGGrr;4,000
J14;79,000;0,167;0,833;12,092;41,000;-14,000;27,000;rrrGGGrr;4,000
J14;79,000;0,167;0,833;12,092;41,000;-14,000;27,000;rrrGGGrr;4,000
J14;79,000;0,167;0,833;12,092;41,000;-14,000;27,000;rrrGGGrr;4,000
J14;79,000;0,167;0,833;12,092;41,000;-14,000;27,000;rrrGGGrr;4,000
J14;79,000;0,167;0,833;12,092;41,000;-14,000;27,000;rrrGGGrr;4,000
J14;79,000;0,167;0,167;12,313;41,000;-14,000;27,000;rrrGGGrr;4,000
J14;80,000;0,167;0,167;12,313;41,000;-14,000;27,000;rrrGGGrr;3,000
J14;80,000;0,167;0,167;12,313;41,000;-13,000;28,000;rrrGGGrr;4,000
J14;80,000;0,167;0,167;12,313;41,000;-13,000;28,000;rrrGGGrr;4,000
J14;80,000;0,167;0,167;12,313;41,000;-13,000;28,000;rrrGGGrr;4,000
J14;80,000;0,167;0,167;12,313;41,000;-13,000;28,000;rrrGGGrr;4,000
J14;80,000;0,167;0,167;12,313;41,000;-13,000;28,000;rrrGGGrr;4,000
J14;80,000;0,167;0,167;12,313;41,000;-13,000;28,000;rrrGGGrr;4,000
J14;80,000;0,167;0,167;12,313;41,000;-13,000;28,000;rrrGGGrr;4,000
J14;80,000;0,167;0,167;12,313;41,000;-13,000;28,000;rrrGGGrr;4,000
J14;80,000;0,167;0,167;12,313;41,000;-13,000;28,000;rrrGGGrr;4,000
J14;80,000;0,167;0,167;12,313;41,000;-13,000;28,000;rrrGGGrr;4,000
J14;80,000;0,167;0,167;12,313;41,000;-13,000;28,000;rrrGGGrr;4,000
J14;80,000;0,167;0,167;12,313;41,000;-13,000;28,000;rrrGGGrr;4,000
J14;81,000;0,167;0,000;10,101;41,000;-13,000;28,000;rrrGGGrr;3,000
J14;81,000;0,167;0,000;10,101;41,000;-13,000;28,000;rrrGGGrr;3,000
J14;81,000;0,167;0,000;10,101;41,000;-13,000;28,000;rrrGGGrr;3,000
J14;81,000;0,167;0,000;10,101;41,000;-12,000;29,000;rrrGGGrr;4,000
J14;81,000;0,167;0,000;10,101;41,000;-12,000;29,000;rrrGGGrr;4,000
J14;81,000;0,167;0,000;10,101;41,000;-12,000;29,000;rrrGGGrr;4,000
J14;81,000;0,167;0,000;10,101;41,000;-12,000;29,000;rrrGGGrr;4,000
J14;81,000;0,167;0,000;10,101;41,000;-12,000;29,000;rrrGGGrr;4,000
J14;81,000;0,167;0,000;10,101;41,000;-12,000;29,000;rrrGGGrr;4,000
J14;81,000;0,167;0,000;10,101;41,000;-12,000;29,000;rrrGGGrr;4,000
J14;81,000;0,167;0,000;10,101;41,000;-12,000;29,000;rrrGGGrr;4,000
J14;81,000;0,167;0,000;10,101;41,000;-12,000;29,000;rrrGGGrr;4,000
J14;81,000;0,167;0,000;10,101;41,000;-12,000;29,000;rrrGGGrr;4,000
J14;81,000;0,167;0,000;10,101;41,000;-12,000;29,000;rrrGGGrr;4,000
J14;82,000;0,000;0,000;11,969;41,000;-12,000;29,000;rrrGGGrr;3,000
J14;82,000;0,000;0,000;11,969;41,000;-12,000;29,000;rrrGGGrr;3,000
J14;82,000;0,000;0,000;11,969;41,000;-12,000;29,000;rrrGGGrr;3,000
J14;82,000;0,000;0,000;11,969;41,000;-12,000;29,000;rrrGGGrr;3,000
J14;82,000;0,000;0,000;11,969;41,000;-11,000;30,000;rrrGGGrr;4,000
J14;82,000;0,000;0,000;11,969;41,000;-11,000;30,000;rrrGGGrr;4,000
J14;82,000;0,000;0,000;11,969;41,000;-11,000;30,000;rrrGGGrr;4,000
J14;82,000;0,000;0,000;11,969;41,000;-11,000;30,000;rrrGGGrr;4,000
J14;82,000;0,000;0,000;11,969;41,000;-11,000;30,000;rrrGGGrr;4,000
J14;82,000;0,000;0,000;11,969;41,000;-11,000;30,000;rrrGGGrr;4,000
J14;82,000;0,000;0,000;11,969;41,000;-11,000;30,000;rrrGGGrr;4,000
J14;82,000;0,000;0,000;11,969;41,000;-11,000;30,000;rrrGGGrr;4,000
J14;82,000;0,000;0,000;11,969;41,000;-11,000;30,000;rrrGGGrr;4,000
J14;82,000;0,000;0,000;11,969;41,000;-11,000;30,000;rrrGGGrr;4,000
J14;82,000;0,000;0,000;11,969;41,000;0,000;41,000;rrrGGGrr;41,000
J14;83,000;0,000;0,000;11,937;41,000;0,000;41,000;rrrGGGrr;40,000
J14;83,000;0,000;0,000;11,937;41,000;0,000;41,000;rrrGGGrr;40,000
J14;83,000;0,000;0,000;11,937;41,000;0,000;41,000;rrrGGGrr;40,000
J14;83,000;0,000;0,000;11,937;41,000;0,000;41,000;rrrGGGrr;40,000
J14;83,000;0,000;0,000;11,937;41,000;-36,000;5,000;rrrGGGrr;4,000
J14;83,000;0,000;0,000;11,937;41,000;-36,000;5,000;rrrGGGrr;4,000
J14;83,000;0,000;0,000;11,937;41,000;-37,000;4,000;rrrGGGrr;3,000
J14;83,000;0,000;0,000;12,108;41,000;-37,000;4,000;rrrGGGrr;3,000
J14;84,000;0,000;0,000;12,108;41,000;-37,000;4,000;rrrGGGrr;2,000
J14;84,000;0,000;0,000;12,108;41,000;-37,000;4,000;rrrGGGrr;2,000
J14;84,000;0,000;0,000;12,108;41,000;-37,000;4,000;rrrGGGrr;2,000
J14;84,000;0,000;0,000;12,108;41,000;-37,000;4,000;rrrGGGrr;2,000
J14;84,000;0,000;0,000;12,108;41,000;-35,000;6,000;rrrGGGrr;4,000
J14;84,000;0,000;0,000;12,108;41,000;-35,000;6,000;rrrGGGrr;4,000
J14;84,000;0,000;0,000;12,108;41,000;-35,000;6,000;rrrGGGrr;4,000
J14;84,000;0,000;0,000;12,108;41,000;-35,000;6,000;rrrGGGrr;4,000
J14;84,000;0,000;0,000;12,108;41,000;-35,000;6,000;rrrGGGrr;4,000
J14;84,000;0,000;0,000;12,108;41,000;-35,000;6,000;rrrGGGrr;4,000
J14;84,000;0,000;0,000;12,108;41,000;-35,000;6,000;rrrGGGrr;4,000
J14;84,000;0,000;0,000;12,108;41,000;-35,000;6,000;rrrGGGrr;4,000
J14;84,000;0,000;0,000;12,108;41,000;-35,000;6,000;rrrGGGrr;4,000
J14;84,000;0,000;0,000;12,108;41,000;-35,000;6,000;rrrGGGrr;4,000
J14;84,000;0,000;0,000;12,108;41,000;-36,000;5,000;rrrGGGrr;3,000
J14;85,000;0,000;0,000;12,624;41,000;-36,000;5,000;rrrGGGrr;2,000
J14;85,000;0,000;0,000;12,624;41,000;-36,000;5,000;rrrGGGrr;2,000
J14;85,000;0,000;0,000;12,624;41,000;-36,000;5,000;rrrGGGrr;2,000
J14;85,000;0,000;0,000;12,624;41,000;-34,000;7,000;rrrGGGrr;4,000
J14;85,000;0,000;0,000;12,624;41,000;-34,000;7,000;rrrGGGrr;4,000
J14;85,000;0,000;0,000;12,624;41,000;-34,000;7,000;rrrGGGrr;4,000
J14;85,000;0,000;0,000;12,624;41,000;-34,000;7,000;rrrGGGrr;4,000
J14;85,000;0,000;0,000;12,624;41,000;-34,000;7,000;rrrGGGrr;4,000
J14;85,000;0,000;0,000;12,624;41,000;-34,000;7,000;rrrGGGrr;4,000
J14;85,000;0,000;0,000;12,624;41,000;-34,000;7,000;rrrGGGrr;4,000
J14;85,000;0,000;0,000;12,624;41,000;-34,000;7,000;rrrGGGrr;4,000
J14;85,000;0,000;0,000;12,624;41,000;-34,000;7,000;rrrGGGrr;4,000
J14;85,000;0,000;0,000;12,624;41,000;-34,000;7,000;rrrGGGrr;4,000
J14;85,000;0,000;0,000;12,624;41,000;-34,000;7,000;rrrGGGrr;4,000
J14;85,000;0,000;0,000;12,624;41,000;-34,000;7,000;rrrGGGrr;4,000
J14;85,000;0,000;0,000;12,624;41,000;-35,000;6,000;rrrGGGrr;3,000
J14;86,000;0,000;0,000;12,427;41,000;-35,000;6,000;rrrGGGrr;2,000
J14;86,000;0,000;0,000;12,427;41,000;-35,000;6,000;rrrGGGrr;2,000
J14;86,000;0,000;0,000;12,427;41,000;-35,000;6,000;rrrGGGrr;2,000
J14;86,000;0,000;0,000;12,427;41,000;-33,000;8,000;rrrGGGrr;4,000
J14;86,000;0,000;0,000;12,427;41,000;-33,000;8,000;rrrGGGrr;4,000
J14;86,000;0,000;0,000;12,427;41,000;-33,000;8,000;rrrGGGrr;4,000
J14;86,000;0,000;0,000;12,427;41,000;-33,000;8,000;rrrGGGrr;4,000
J14;86,000;0,000;0,000;12,427;41,000;-33,000;8,000;rrrGGGrr;4,000
J14;86,000;0,000;0,000;12,427;41,000;-33,000;8,000;rrrGGGrr;4,000
J14;86,000;0,000;0,000;12,427;41,000;-33,000;8,000;rrrGGGrr;4,000
J14;86,000;0,000;0,000;12,427;41,000;-33,000;8,000;rrrGGGrr;4,000
J14;86,000;0,000;0,000;12,427;41,000;-33,000;8,000;rrrGGGrr;4,000
J14;86,000;0,000;0,000;12,427;41,000;-33,000;8,000;rrrGGGrr;4,000
J14;86,000;0,000;0,000;12,427;41,000;-33,000;8,000;rrrGGGrr;4,000
J14;86,000;0,000;0,000;12,427;41,000;-34,000;7,000;rrrGGGrr;3,000
J14;86,000;0,000;0,000;12,427;41,000;-34,000;7,000;rrrGGGrr;3,000
J14;87,000;0,000;0,000;12,469;41,000;-34,000;7,000;rrrGGGrr;2,000
J14;87,000;0,000;0,000;12,469;41,000;-34,000;7,000;rrrGGGrr;2,000
J14;87,000;0,000;0,000;12,469;41,000;-34,000;7,000;rrrGGGrr;2,000
J14;87,000;0,000;0,000;12,469;41,000;-32,000;9,000;rrrGGGrr;4,000
J14;87,000;0,000;0,000;12,469;41,000;-32,000;9,000;rrrGGGrr;4,000
J14;87,000;0,000;0,000;12,469;41,000;-32,000;9,000;rrrGGGrr;4,000
J14;87,000;0,000;0,000;12,469;41,000;-32,000;9,000;rrrGGGrr;4,000
J14;87,000;0,000;0,000;12,469;41,000;-32,000;9,000;rrrGGGrr;4,000
J14;87,000;0,000;0,000;12,469;41,000;-32,000;9,000;rrrGGGrr;4,000
J14;87,000;0,000;0,000;12,469;41,000;-32,000;9,000;rrrGGGrr;4,000
J14;87,000;0,000;0,000;12,469;41,000;-32,000;9,000;rrrGGGrr;4,000
J14;87,000;0,000;0,000;12,469;41,000;-32,000;9,000;rrrGGGrr;4,000
J14;87,000;0,000;0,000;12,469;41,000;-32,000;9,000;rrrGGGrr;4,000
J14;87,000;0,000;0,000;12,469;41,000;-32,000;9,000;rrrGGGrr;4,000
J14;87,000;0,000;0,000;12,469;41,000;-33,000;8,000;rrrGGGrr;3,000
J14;88,000;0,167;0,000;10,254;41,000;-33,000;8,000;rrrGGGrr;2,000
J14;88,000;0,167;0,000;10,254;41,000;-33,000;8,000;rrrGGGrr;2,000
J14;88,000;0,167;0,000;10,254;41,000;-33,000;8,000;rrrGGGrr;2,000
J14;88,000;0,167;0,000;10,254;41,000;-31,000;10,000;rrrGGGrr;4,000
J14;88,000;0,167;0,000;10,254;41,000;-31,000;10,000;rrrGGGrr;4,000
J14;88,000;0,167;0,000;10,254;41,000;-31,000;10,000;rrrGGGrr;4,000
J14;88,000;0,167;0,000;10,254;41,000;-31,000;10,000;rrrGGGrr;4,000
J14;88,000;0,167;0,000;10,254;41,000;-31,000;10,000;rrrGGGrr;4,000
J14;88,000;0,167;0,000;10,254;41,000;-31,000;10,000;rrrGGGrr;4,000
J14;88,000;0,167;0,000;10,254;41,000;-31,000;10,000;rrrGGGrr;4,000
J14;88,000;0,167;0,000;10,254;41,000;-31,000;10,000;rrrGGGrr;4,000
J14;88,000;0,167;0,000;10,254;41,000;-31,000;10,000;rrrGGGrr;4,000
J14;88,000;0,167;0,000;10,254;41,000;-31,000;10,000;rrrGGGrr;4,000
J14;88,000;0,167;0,000;10,254;41,000;-31,000;10,000;rrrGGGrr;4,000
J14;88,000;0,167;0,000;10,254;41,000;-31,000;10,000;rrrGGGrr;4,000
J14;88,000;0,167;0,167;12,308;41,000;-31,000;10,000;rrrGGGrr;4,000
J14;89,000;0,167;0,167;12,308;41,000;-31,000;10,000;rrrGGGrr;3,000
J14;89,000;0,167;0,167;12,308;41,000;-31,000;10,000;rrrGGGrr;3,000
J14;89,000;0,167;0,167;12,308;41,000;-30,000;11,000;rrrGGGrr;4,000
J14;89,000;0,167;0,167;12,308;41,000;-30,000;11,000;rrrGGGrr;4,000
J14;89,000;0,167;0,167;12,308;41,000;-30,000;11,000;rrrGGGrr;4,000
J14;89,000;0,167;0,167;12,308;41,000;-30,000;11,000;rrrGGGrr;4,000
J14;89,000;0,167;0,167;12,308;41,000;-30,000;11,000;rrrGGGrr;4,000
J14;89,000;0,167;0,167;12,308;41,000;-30,000;11,000;rrrGGGrr;4,000
J14;89,000;0,167;0,167;12,308;41,000;-30,000;11,000;rrrGGGrr;4,000
J14;89,000;0,167;0,167;12,308;41,000;-30,000;11,000;rrrGGGrr;4,000
J14;89,000;0,167;0,167;12,308;41,000;-30,000;11,000;rrrGGGrr;4,000
J14;89,000;0,167;0,167;12,308;41,000;-30,000;11,000;rrrGGGrr;4,000
J14;89,000;0,167;0,167;12,308;41,000;-30,000;11,000;rrrGGGrr;4,000
J14;89,000;0,167;0,167;12,308;41,000;-30,000;11,000;rrrGGGrr;4,000
J14;90,000;0,167;0,333;12,411;41,000;-30,000;11,000;rrrGGGrr;3,000
J14;90,000;0,167;0,333;12,411;41,000;-30,000;11,000;rrrGGGrr;3,000
J14;90,000;0,167;0,333;12,411;41,000;-30,000;11,000;rrrGGGrr;3,000
J14;90,000;0,167;0,333;12,411;41,000;-29,000;12,000;rrrGGGrr;4,000
J14;90,000;0,167;0,333;12,411;41,000;-29,000;12,000;rrrGGGrr;4,000
J14;90,000;0,167;0,333;12,411;41,000;-29,000;12,000;rrrGGGrr;4,000
J14;90,000;0,167;0,333;12,411;41,000;-29,000;12,000;rrrGGGrr;4,000
J14;90,000;0,167;0,333;12,411;41,000;-29,000;12,000;rrrGGGrr;4,000
J14;90,000;0,167;0,333;12,411;41,000;-29,000;12,000;rrrGGGrr;4,000
J14;90,000;0,167;0,333;12,411;41,000;-29,000;12,000;rrrGGGrr;4,000
J14;90,000;0,167;0,333;12,411;41,000;-29,000;12,000;rrrGGGrr;4,000
J14;90,000;0,167;0,333;12,411;41,000;-29,000;12,000;rrrGGGrr;4,000
J14;90,000;0,167;0,333;12,411;41,000;-29,000;12,000;rrrGGGrr;4,000
J14;90,000;0,167;0,333;12,411;41,000;-29,000;12,000;rrrGGGrr;4,000
J14;90,000;0,167;0,333;12,411;41,000;-29,000;12,000;rrrGGGrr;4,000
J14;90,000;0,167;0,333;12,411;41,000;-29,000;12,000;rrrGGGrr;4,000
J14;90,000;0,167;0,333;12,411;41,000;-30,000;11,000;rrrGGGrr;3,000
J14;91,000;0,167;0,500;12,465;41,000;-30,000;11,000;rrrGGGrr;2,000
J14;91,000;0,167;0,500;12,465;41,000;-30,000;11,000;rrrGGGrr;2,000
J14;91,000;0,167;0,500;12,465;41,000;-30,000;11,000;rrrGGGrr;2,000
J14;91,000;0,167;0,500;12,465;41,000;-28,000;13,000;rrrGGGrr;4,000
J14;91,000;0,167;0,500;12,465;41,000;-28,000;13,000;rrrGGGrr;4,000
J14;91,000;0,167;0,500;12,465;41,000;-28,000;13,000;rrrGGGrr;4,000
J14;91,000;0,167;0,500;12,465;41,000;-28,000;13,000;rrrGGGrr;4,000
J14;91,000;0,167;0,500;12,465;41,000;-28,000;13,000;rrrGGGrr;4,000
J14;91,000;0,167;0,500;12,465;41,000;-28,000;13,000;rrrGGGrr;4,000
J14;91,000;0,167;0,500;12,465;41,000;-28,000;13,000;rrrGGGrr;4,000
J14;91,000;0,167;0,500;12,465;41,000;-28,000;13,000;rrrGGGrr;4,000
J14;91,000;0,167;0,500;12,465;41,000;-28,000;13,000;rrrGGGrr;4,000
J14;91,000;0,167;0,500;12,465;41,000;-28,000;13,000;rrrGGGrr;4,000
J14;91,000;0,167;0,500;12,465;41,000;-28,000;13,000;rrrGGGrr;4,000
J14;91,000;0,167;0,500;12,465;41,000;-28,000;13,000;rrrGGGrr;4,000
J14;91,000;0,167;0,500;12,465;41,000;-29,000;12,000;rrrGGGrr;3,000
J14;91,000;0,167;0,500;12,465;41,000;-29,000;12,000;rrrGGGrr;3,000
J14;91,000;0,167;0,500;12,465;41,000;-29,000;12,000;rrrGGGrr;3,000
J14;92,000;0,167;0,667;12,525;41,000;-29,000;12,000;rrrGGGrr;2,000
J14;92,000;0,167;0,667;12,525;41,000;-29,000;12,000;rrrGGGrr;2,000
J14;92,000;0,167;0,667;12,525;41,000;-27,000;14,000;rrrGGGrr;4,000
J14;92,000;0,167;0,667;12,525;41,000;-27,000;14,000;rrrGGGrr;4,000
J14;92,000;0,167;0,667;12,525;41,000;-27,000;14,000;rrrGGGrr;4,000
J14;92,000;0,167;0,667;12,525;41,000;-27,000;14,000;rrrGGGrr;4,000
J14;92,000;0,167;0,667;12,525;41,000;-27,000;14,000;rrrGGGrr;4,000
J14;92,000;0,167;0,667;12,525;41,000;-27,000;14,000;rrrGGGrr;4,000
J14;92,000;0,167;0,667;12,525;41,000;-27,000;14,000;rrrGGGrr;4,000
J14;92,000;0,167;0,667;12,525;41,000;-27,000;14,000;rrrGGGrr;4,000
J14;92,000;0,167;0,667;12,525;41,000;-27,000;14,000;rrrGGGrr;4,000
J14;92,000;0,167;0,667;12,525;41,000;-27,000;14,000;rrrGGGrr;4,000
J14;92,000;0,167;0,667;12,525;41,000;-27,000;14,000;rrrGGGrr;4,000
J14;92,000;0,167;0,667;12,525;41,000;-27,000;14,000;rrrGGGrr;4,000
J14;92,000;0,167;0,667;12,525;41,000;-28,000;13,000;rrrGGGrr;3,000
J14;93,000;0,167;0,833;12,515;41,000;-28,000;13,000;rrrGGGrr;2,000
J14;93,000;0,167;0,833;12,515;41,000;-28,000;13,000;rrrGGGrr;2,000
J14;93,000;0,167;0,833;12,515;41,000;-28,000;13,000;rrrGGGrr;2,000
J14;93,000;0,167;0,833;12,515;41,000;-26,000;15,000;rrrGGGrr;4,000
J14;93,000;0,167;0,833;12,515;41,000;-26,000;15,000;rrrGGGrr;4,000
J14;93,000;0,167;0,833;12,515;41,000;-26,000;15,000;rrrGGGrr;4,000
J14;93,000;0,167;0,833;12,515;41,000;-26,000;15,000;rrrGGGrr;4,000
J14;93,000;0,167;0,833;12,515;41,000;-26,000;15,000;rrrGGGrr;4,000
J14;93,000;0,167;0,833;12,515;41,000;-26,000;15,000;rrrGGGrr;4,000
J14;93,000;0,167;0,833;12,515;41,000;-26,000;15,000;rrrGGGrr;4,000
J14;93,000;0,167;0,833;12,515;41,000;-26,000;15,000;rrrGGGrr;4,000
J14;93,000;0,167;0,833;12,515;41,000;-26,000;15,000;rrrGGGrr;4,000
J14;93,000;0,167;0,833;12,515;41,000;-26,000;15,000;rrrGGGrr;4,000
J14;93,000;0,167;0,833;12,515;41,000;-26,000;15,000;rrrGGGrr;4,000
J14;93,000;0,167;0,833;12,515;41,000;-26,000;15,000;rrrGGGrr;4,000
J14;93,000;0,167;0,833;12,515;41,000;-27,000;14,000;rrrGGGrr;3,000
J14;94,000;0,167;1,000;12,348;41,000;-27,000;14,000;rrrGGGrr;2,000
J14;94,000;0,167;1,000;12,348;41,000;-27,000;14,000;rrrGGGrr;2,000
J14;94,000;0,167;1,000;12,348;41,000;-27,000;14,000;rrrGGGrr;2,000
J14;94,000;0,167;1,000;12,348;41,000;-27,000;14,000;rrrGGGrr;2,000
J14;94,000;0,167;1,000;12,348;41,000;-25,000;16,000;rrrGGGrr;4,000
J14;94,000;0,167;1,000;12,348;41,000;-25,000;16,000;rrrGGGrr;4,000
J14;94,000;0,167;1,000;12,348;41,000;-25,000;16,000;rrrGGGrr;4,000
J14;94,000;0,167;1,000;12,348;41,000;-25,000;16,000;rrrGGGrr;4,000
J14;94,000;0,167;1,000;12,348;41,000;-25,000;16,000;rrrGGGrr;4,000
J14;94,000;0,167;1,000;12,348;41,000;-25,000;16,000;rrrGGGrr;4,000
J14;94,000;0,167;1,000;12,348;41,000;-25,000;16,000;rrrGGGrr;4,000
J14;94,000;0,167;1,000;12,348;41,000;-25,000;16,000;rrrGGGrr;4,000
J14;94,000;0,167;1,000;12,348;41,000;-25,000;16,000;rrrGGGrr;4,000
J14;94,000;0,167;1,000;12,348;41,000;-25,000;16,000;rrrGGGrr;4,000
J14;94,000;0,167;1,000;12,348;41,000;-25,000;16,000;rrrGGGrr;4,000
J14;94,000;0,167;1,000;12,348;41,000;0,000;41,000;rrrGGGrr;41,000
J14;94,000;0,167;1,000;12,348;41,000;0,000;41,000;rrrGGGrr;41,000
J14;95,000;0,500;1,333;10,059;41,000;0,000;41,000;rrrGGGrr;40,000
J14;95,000;0,500;1,333;10,059;41,000;0,000;41,000;rrrGGGrr;40,000
J14;95,000;0,500;1,333;10,059;41,000;0,000;41,000;rrrGGGrr;40,000
J14;95,000;0,500;1,333;10,059;41,000;0,000;41,000;rrrGGGrr;40,000
J14;95,000;0,500;1,333;10,059;41,000;18,982;59,982;rrrGGGrr;58,982
J14;95,000;0,500;1,333;10,059;41,000;18,982;59,982;rrrGGGrr;58,982
J14;95,000;0,500;1,333;10,059;41,000;18,982;59,982;rrrGGGrr;58,982
J14;95,000;0,500;1,333;10,059;41,000;18,982;59,982;rrrGGGrr;58,982
J14;95,000;0,500;1,333;10,059;41,000;18,982;59,982;rrrGGGrr;58,982
J14;95,000;0,500;1,333;10,059;41,000;18,982;59,982;rrrGGGrr;58,982
J14;95,000;0,500;1,333;10,059;41,000;18,982;59,982;rrrGGGrr;58,982
J14;95,000;0,500;1,333;10,059;41,000;18,982;59,982;rrrGGGrr;58,982
J14;95,000;0,500;1,333;10,059;41,000;18,982;59,982;rrrGGGrr;58,982
J14;95,000;0,500;1,333;10,059;41,000;18,982;59,982;rrrGGGrr;58,982
J14;95,000;0,500;1,333;10,059;41,000;18,982;59,982;rrrGGGrr;58,982
J14;95,000;0,500;1,333;10,059;41,000;-37,000;4,000;rrrGGGrr;3,000
J14;95,000;0,500;1,333;10,059;41,000;-37,000;4,000;rrrGGGrr;3,000
J14;96,000;0,333;1,667;12,206;41,000;-37,000;4,000;rrrGGGrr;2,000
J14;96,000;0,333;1,667;12,206;41,000;-37,000;4,000;rrrGGGrr;2,000
J14;96,000;0,333;1,667;12,206;41,000;19,000;60,000;rrrGGGrr;58,000
J14;96,000;0,333;1,667;12,206;41,000;19,000;60,000;rrrGGGrr;58,000
J14;96,000;0,333;1,667;12,206;41,000;19,000;60,000;rrrGGGrr;58,000
J14;96,000;0,333;1,667;12,206;41,000;19,000;60,000;rrrGGGrr;58,000
J14;96,000;0,333;1,667;12,206;41,000;19,000;60,000;rrrGGGrr;58,000
J14;96,000;0,333;1,667;12,206;41,000;19,000;60,000;rrrGGGrr;58,000
J14;96,000;0,333;1,667;12,206;41,000;19,000;60,000;rrrGGGrr;58,000
J14;96,000;0,333;1,667;12,206;41,000;19,000;60,000;rrrGGGrr;58,000
J14;96,000;0,333;1,667;12,206;41,000;19,000;60,000;rrrGGGrr;58,000
J14;96,000;0,333;1,667;12,206;41,000;19,000;60,000;rrrGGGrr;58,000
J14;96,000;0,333;1,667;12,206;41,000;19,000;60,000;rrrGGGrr;58,000
J14;96,000;0,333;1,667;12,206;41,000;-36,000;5,000;rrrGGGrr;3,000
J14;97,000;0,333;2,000;12,371;41,000;-36,000;5,000;rrrGGGrr;2,000
J14;97,000;0,333;2,000;12,371;41,000;-36,000;5,000;rrrGGGrr;2,000
J14;97,000;0,333;2,000;12,371;41,000;-36,000;5,000;rrrGGGrr;2,000
J14;97,000;0,333;2,000;12,371;41,000;-36,000;5,000;rrrGGGrr;2,000
J14;97,000;0,333;2,000;12,371;41,000;19,000;60,000;rrrGGGrr;57,000
J14;97,000;0,333;2,000;12,371;41,000;19,000;60,000;rrrGGGrr;57,000
J14;97,000;0,333;2,000;12,371;41,000;19,000;60,000;rrrGGGrr;57,000
J14;97,000;0,333;2,000;12,371;41,000;19,000;60,000;rrrGGGrr;57,000
J14;97,000;0,333;2,000;12,371;41,000;19,000;60,000;rrrGGGrr;57,000
J14;97,000;0,333;2,000;12,371;41,000;19,000;60,000;rrrGGGrr;57,000
J14;97,000;0,333;2,000;12,371;41,000;19,000;60,000;rrrGGGrr;57,000
J14;97,000;0,333;2,000;12,371;41,000;19,000;60,000;rrrGGGrr;57,000
J14;97,000;0,333;2,000;12,371;41,000;19,000;60,000;rrrGGGrr;57,000
J14;97,000;0,333;2,333;12,071;41,000;-35,000;6,000;rrrGGGrr;3,000
J14;98,000;0,333;2,333;12,071;41,000;-35,000;6,000;rrrGGGrr;2,000
J14;98,000;0,333;2,333;12,071;41,000;-35,000;6,000;rrrGGGrr;2,000
J14;98,000;0,333;2,333;12,071;41,000;-35,000;6,000;rrrGGGrr;2,000
J14;98,000;0,333;2,333;12,071;41,000;18,539;59,539;rrrGGGrr;55,539
J14;98,000;0,333;2,333;12,071;41,000;18,539;59,539;rrrGGGrr;55,539
J14;98,000;0,333;2,333;12,071;41,000;18,539;59,539;rrrGGGrr;55,539
J14;98,000;0,333;2,333;12,071;41,000;18,539;59,539;rrrGGGrr;55,539
J14;98,000;0,333;2,333;12,071;41,000;18,539;59,539;rrrGGGrr;55,539
J14;98,000;0,333;2,333;12,071;41,000;18,539;59,539;rrrGGGrr;55,539
J14;98,000;0,333;2,333;12,071;41,000;18,539;59,539;rrrGGGrr;55,539
J14;98,000;0,333;2,333;12,071;41,000;18,539;59,539;rrrGGGrr;55,539
J14;98,000;0,333;2,333;12,071;41,000;18,539;59,539;rrrGGGrr;55,539
J14;98,000;0,333;2,667;11,981;41,000;-34,000;7,000;rrrGGGrr;3,000
J14;99,000;0,333;2,667;11,981;41,000;-34,000;7,000;rrrGGGrr;2,000
J14;99,000;0,333;2,667;11,981;41,000;-34,000;7,000;rrrGGGrr;2,000
J14;99,000;0,333;2,667;11,981;41,000;-34,000;7,000;rrrGGGrr;2,000
J14;99,000;0,333;2,667;11,981;41,000;-34,000;7,000;rrrGGGrr;2,000
J14;99,000;0,333;2,667;11,981;41,000;18,224;59,224;rrrGGGrr;54,224
J14;99,000;0,333;2,667;11,981;41,000;18,224;59,224;rrrGGGrr;54,224
J14;99,000;0,333;2,667;11,981;41,000;18,224;59,224;rrrGGGrr;54,224
J14;99,000;0,333;2,667;11,981;41,000;18,224;59,224;rrrGGGrr;54,224
J14;99,000;0,333;2,667;11,981;41,000;18,224;59,224;rrrGGGrr;54,224
J14;99,000;0,333;2,667;11,981;41,000;18,224;59,224;rrrGGGrr;54,224
J14;99,000;0,333;2,667;11,981;41,000;18,224;59,224;rrrGGGrr;54,224
J14;99,000;0,333;2,667;11,981;41,000;18,224;59,224;rrrGGGrr;54,224
J14;99,000;0,333;2,667;11,981;41,000;18,224;59,224;rrrGGGrr;54,224
J14;99,000;0,333;2,667;11,981;41,000;18,224;59,224;rrrGGGrr;54,224
J14;100,000;0,167;1,000;11,296;41,000;0,000;41,000;rrrGGGrr;40,000
J14;100,000;0,167;1,000;11,296;41,000;0,000;41,000;rrrGGGrr;40,000
J14;100,000;0,167;1,000;11,296;41,000;0,000;41,000;rrrGGGrr;40,000
J14;100,000;0,167;1,000;11,296;41,000;0,000;41,000;rrrGGGrr;40,000
J14;100,000;0,167;1,000;11,296;41,000;0,000;41,000;rrrGGGrr;40,000
J14;100,000;0,167;1,000;11,296;41,000;0,000;41,000;rrrGGGrr;40,000
J14;100,000;0,167;1,000;11,296;41,000;0,000;41,000;rrrGGGrr;40,000
J14;100,000;0,167;1,000;11,296;41,000;-36,000;5,000;rrrGGGrr;4,000
J14;100,000;0,167;1,000;11,296;41,000;-36,000;5,000;rrrGGGrr;4,000
J14;100,000;0,167;1,000;11,296;41,000;-36,000;5,000;rrrGGGrr;4,000
J14;100,000;0,167;1,000;11,296;41,000;-36,000;5,000;rrrGGGrr;4,000
J14;100,000;0,167;1,000;11,296;41,000;-36,000;5,000;rrrGGGrr;4,000
J14;100,000;0,167;1,000;11,296;41,000;-36,000;5,000;rrrGGGrr;4,000
J14;100,000;0,167;1,000;11,296;41,000;-36,000;5,000;rrrGGGrr;4,000
J14;100,000;0,167;1,000;11,296;41,000;-36,000;5,000;rrrGGGrr;4,000
J14;100,000;0,167;1,000;11,296;41,000;-36,000;5,000;rrrGGGrr;4,000
J14;100,000;0,167;1,000;11,296;41,000;-36,000;5,000;rrrGGGrr;4,000
J14;100,000;0,167;1,000;11,296;41,000;-36,000;5,000;rrrGGGrr;4,000
J14;100,000;0,167;1,000;11,296;41,000;-37,000;4,000;rrrGGGrr;3,000
J14;101,000;0,000;0,000;11,890;41,000;-37,000;4,000;rrrGGGrr;2,000
J14;101,000;0,000;0,000;11,890;41,000;-37,000;4,000;rrrGGGrr;2,000
J14;101,000;0,000;0,000;11,890;41,000;-37,000;4,000;rrrGGGrr;2,000
J14;101,000;0,000;0,000;11,890;41,000;-37,000;4,000;rrrGGGrr;2,000
J14;101,000;0,000;0,000;11,890;41,000;-35,000;6,000;rrrGGGrr;4,000
J14;101,000;0,000;0,000;11,890;41,000;-35,000;6,000;rrrGGGrr;4,000
J14;101,000;0,000;0,000;11,890;41,000;-35,000;6,000;rrrGGGrr;4,000
J14;101,000;0,000;0,000;11,890;41,000;-35,000;6,000;rrrGGGrr;4,000
J14;101,000;0,000;0,000;11,890;41,000;-35,000;6,000;rrrGGGrr;4,000
J14;101,000;0,000;0,000;11,890;41,000;-35,000;6,000;rrrGGGrr;4,000
J14;101,000;0,000;0,000;11,890;41,000;-35,000;6,000;rrrGGGrr;4,000
J14;101,000;0,000;0,000;11,890;41,000;-35,000;6,000;rrrGGGrr;4,000
J14;101,000;0,000;0,000;11,890;41,000;-35,000;6,000;rrrGGGrr;4,000
J14;101,000;0,000;0,000;11,890;41,000;-35,000;6,000;rrrGGGrr;4,000
J14;101,000;0,000;0,000;11,890;41,000;-35,000;6,000;rrrGGGrr;4,000
J14;101,000;0,000;0,000;11,890;41,000;-35,000;6,000;rrrGGGrr;4,000
J14;101,000;0,000;0,000;11,890;41,000;-36,000;5,000;rrrGGGrr;3,000
J14;101,000;0,000;0,000;11,890;41,000;-36,000;5,000;rrrGGGrr;3,000
J14;102,000;0,167;0,000;10,336;41,000;-36,000;5,000;rrrGGGrr;2,000
J14;102,000;0,167;0,000;10,336;41,000;-36,000;5,000;rrrGGGrr;2,000
J14;102,000;0,167;0,000;10,336;41,000;-36,000;5,000;rrrGGGrr;2,000
J14;102,000;0,167;0,000;10,336;41,000;-36,000;5,000;rrrGGGrr;2,000
J14;102,000;0,167;0,000;10,336;41,000;-34,000;7,000;rrrGGGrr;4,000
J14;102,000;0,167;0,000;10,336;41,000;-34,000;7,000;rrrGGGrr;4,000
J14;102,000;0,167;0,000;10,336;41,000;-34,000;7,000;rrrGGGrr;4,000
J14;102,000;0,167;0,000;10,336;41,000;-34,000;7,000;rrrGGGrr;4,000
J14;102,000;0,167;0,000;10,336;41,000;-34,000;7,000;rrrGGGrr;4,000
J14;102,000;0,167;0,000;10,336;41,000;-34,000;7,000;rrrGGGrr;4,000
J14;102,000;0,167;0,000;10,336;41,000;-34,000;7,000;rrrGGGrr;4,000
J14;102,000;0,167;0,000;10,336;41,000;-34,000;7,000;rrrGGGrr;4,000
J14;102,000;0,167;0,000;10,336;41,000;-35,000;6,000;rrrGGGrr;3,000
J14;102,000;0,000;0,000;12,855;41,000;-35,000;6,000;rrrGGGrr;3,000
J14;103,000;0,000;0,000;12,855;41,000;-35,000;6,000;rrrGGGrr;2,000
J14;103,000;0,000;0,000;12,855;41,000;-35,000;6,000;rrrGGGrr;2,000
J14;103,000;0,000;0,000;12,855;41,000;-35,000;6,000;rrrGGGrr;2,000
J14;103,000;0,000;0,000;12,855;41,000;-33,000;8,000;rrrGGGrr;4,000
J14;103,000;0,000;0,000;12,855;41,000;-33,000;8,000;rrrGGGrr;4,000
J14;103,000;0,000;0,000;12,855;41,000;-33,000;8,000;rrrGGGrr;4,000
J14;103,000;0,000;0,000;12,855;41,000;-33,000;8,000;rrrGGGrr;4,000
J14;103,000;0,000;0,000;12,855;41,000;-33,000;8,000;rrrGGGrr;4,000
J14;103,000;0,000;0,000;12,855;41,000;-33,000;8,000;rrrGGGrr;4,000
J14;103,000;0,000;0,000;12,855;41,000;-33,000;8,000;rrrGGGrr;4,000
J14;103,000;0,000;0,000;12,855;41,000;-34,000;7,000;rrrGGGrr;3,000
J14;104,000;0,000;0,000;13,153;41,000;-34,000;7,000;rrrGGGrr;2,000
J14;104,000;0,000;0,000;13,153;41,000;-34,000;7,000;rrrGGGrr;2,000
J14;104,000;0,000;0,000;13,153;41,000;-34,000;7,000;rrrGGGrr;2,000
J14;104,000;0,000;0,000;13,153;41,000;-34,000;7,000;rrrGGGrr;2,000
J14;104,000;0,000;0,000;13,153;41,000;-34,000;7,000;rrrGGGrr;2,000
J14;104,000;0,000;0,000;13,153;41,000;-32,000;9,000;rrrGGGrr;4,000
J14;104,000;0,000;0,000;13,153;41,000;-32,000;9,000;rrrGGGrr;4,000
J14;104,000;0,000;0,000;13,153;41,000;-32,000;9,000;rrrGGGrr;4,000
J14;104,000;0,000;0,000;13,153;41,000;-32,000;9,000;rrrGGGrr;4,000
J14;104,000;0,000;0,000;13,153;41,000;-32,000;9,000;rrrGGGrr;4,000
J14;104,000;0,000;0,000;13,153;41,000;-32,000;9,000;rrrGGGrr;4,000
J14;104,000;0,000;0,000;13,153;41,000;-32,000;9,000;rrrGGGrr;4,000
J14;104,000;0,000;0,000;13,153;41,000;-32,000;9,000;rrrGGGrr;4,000
J14;104,000;0,000;0,000;13,153;41,000;-33,000;8,000;rrrGGGrr;3,000
J14;105,000;0,000;0,000;12,851;41,000;-33,000;8,000;rrrGGGrr;2,000
J14;105,000;0,000;0,000;12,851;41,000;-33,000;8,000;rrrGGGrr;2,000
J14;105,000;0,000;0,000;12,851;41,000;-33,000;8,000;rrrGGGrr;2,000
J14;105,000;0,000;0,000;12,851;41,000;-31,000;10,000;rrrGGGrr;4,000
J14;105,000;0,000;0,000;12,851;41,000;-31,000;10,000;rrrGGGrr;4,000
J14;105,000;0,000;0,000;12,851;41,000;-31,000;10,000;rrrGGGrr;4,000
J14;105,000;0,000;0,000;12,851;41,000;-31,000;10,000;rrrGGGrr;4,000
J14;105,000;0,000;0,000;12,851;41,000;-31,000;10,000;rrrGGGrr;4,000
J14;105,000;0,000;0,000;12,851;41,000;-31,000;10,000;rrrGGGrr;4,000
J14;105,000;0,000;0,000;12,851;41,000;-31,000;10,000;rrrGGGrr;4,000
J14;105,000;0,000;0,000;12,851;41,000;-31,000;10,000;rrrGGGrr;4,000
J14;105,000;0,000;0,000;12,851;41,000;-32,000;9,000;rrrGGGrr;3,000
J14;105,000;0,000;0,000;13,105;41,000;-32,000;9,000;rrrGGGrr;3,000
J14;106,000;0,000;0,000;13,105;41,000;-32,000;9,000;rrrGGGrr;2,000
J14;106,000;0,000;0,000;13,105;41,000;-32,000;9,000;rrrGGGrr;2,000
J14;106,000;0,000;0,000;13,105;41,000;-32,000;9,000;rrrGGGrr;2,000
J14;106,000;0,000;0,000;13,105;41,000;-30,000;11,000;rrrGGGrr;4,000
J14;106,000;0,000;0,000;13,105;41,000;-30,000;11,000;rrrGGGrr;4,000
J14;106,000;0,000;0,000;13,105;41,000;-30,000;11,000;rrrGGGrr;4,000
J14;107,000;0,000;0,000;13,162;41,000;-31,000;10,000;rrrGGGrr;2,000
J14;107,000;0,000;0,000;13,162;41,000;-29,000;12,000;rrrGGGrr;4,000
J14;107,000;0,000;0,000;13,162;41,000;-29,000;12,000;rrrGGGrr;4,000
J14;107,000;0,000;0,000;13,162;41,000;-29,000;12,000;rrrGGGrr;4,000
J14;107,000;0,000;0,000;13,162;41,000;-29,000;12,000;rrrGGGrr;4,000
J14;107,000;0,000;0,000;13,162;41,000;-29,000;12,000;rrrGGGrr;4,000
J14;107,000;0,000;0,000;13,162;41,000;-29,000;12,000;rrrGGGrr;4,000
J14;108,000;0,000;0,000;12,978;41,000;-30,000;11,000;rrrGGGrr;2,000
J14;108,000;0,000;0,000;12,978;41,000;-30,000;11,000;rrrGGGrr;2,000
J14;108,000;0,000;0,000;12,978;41,000;-30,000;11,000;rrrGGGrr;2,000
J14;108,000;0,000;0,000;12,978;41,000;-28,000;13,000;rrrGGGrr;4,000
J14;108,000;0,000;0,000;12,978;41,000;-28,000;13,000;rrrGGGrr;4,000
J14;108,000;0,000;0,000;12,978;3,000;11,000;14,000;rrryyGrr;5,000
J14;108,000;0,167;0,000;11,068;3,000;11,000;14,000;rrryyGrr;5,000
J14;109,000;0,167;0,000;11,068;3,000;11,000;14,000;rrryyGrr;4,000
J14;109,000;0,167;0,000;11,068;3,000;11,000;14,000;rrryyGrr;4,000
J14;109,000;0,167;0,000;11,068;1,000;11,000;12,000;rrrrrrrr;2,000
J14;109,000;0,167;0,000;11,068;1,000;11,000;12,000;rrrrrrrr;2,000
J14;109,000;0,167;0,000;11,068;1,000;11,000;12,000;rrrrrrrr;2,000
J14;109,000;0,167;0,000;11,068;1,000;11,000;12,000;rrrrrrrr;2,000
J14;110,000;0,000;0,000;12,517;42,000;0,000;42,000;GGgrrGGG;41,000
J14;110,000;0,000;0,000;12,517;42,000;0,000;42,000;GGgrrGGG;41,000
J14;110,000;0,000;0,000;12,517;42,000;0,000;42,000;GGgrrGGG;41,000
J14;110,000;0,000;0,000;12,517;42,000;0,000;42,000;GGgrrGGG;41,000
J14;110,000;0,000;0,000;12,517;42,000;0,000;42,000;GGgrrGGG;41,000
J14;110,000;0,000;0,000;12,517;42,000;-37,000;5,000;GGgrrGGG;4,000
J14;110,000;0,000;0,000;12,517;42,000;-37,000;5,000;GGgrrGGG;4,000
J14;110,000;0,000;0,000;12,517;42,000;-37,000;5,000;GGgrrGGG;4,000
J14;110,000;0,000;0,000;12,517;42,000;-37,000;5,000;GGgrrGGG;4,000
J14;110,000;0,000;0,000;12,517;42,000;-37,000;5,000;GGgrrGGG;4,000
J14;110,000;0,000;0,000;12,517;42,000;-37,000;5,000;GGgrrGGG;4,000
J14;110,000;0,000;0,000;12,517;42,000;-37,000;5,000;GGgrrGGG;4,000
J14;110,000;0,000;0,000;12,517;42,000;0,000;42,000;GGgrrGGG;42,000
J14;111,000;0,000;0,000;13,030;42,000;0,000;42,000;GGgrrGGG;41,000
J14;111,000;0,000;0,000;13,030;42,000;0,000;42,000;GGgrrGGG;41,000
J14;111,000;0,000;0,000;13,030;42,000;0,000;42,000;GGgrrGGG;41,000
J14;111,000;0,000;0,000;13,030;42,000;-37,000;5,000;GGgrrGGG;4,000
J14;111,000;0,000;0,000;13,030;42,000;-37,000;5,000;GGgrrGGG;4,000
J14;111,000;0,000;0,000;13,030;42,000;-37,000;5,000;GGgrrGGG;4,000
J14;111,000;0,000;0,000;13,030;42,000;-37,000;5,000;GGgrrGGG;4,000
J14;111,000;0,000;0,000;13,030;42,000;-37,000;5,000;GGgrrGGG;4,000
J14;111,000;0,000;0,000;13,030;42,000;-37,000;5,000;GGgrrGGG;4,000
J14;111,000;0,000;0,000;13,030;42,000;-37,000;5,000;GGgrrGGG;4,000
J14;111,000;0,000;0,000;13,030;42,000;-37,000;5,000;GGgrrGGG;4,000
J14;111,000;0,000;0,000;13,030;42,000;-37,000;5,000;GGgrrGGG;4,000
J14;111,000;0,000;0,000;13,030;42,000;-37,000;5,000;GGgrrGGG;4,000
J14;111,000;0,000;0,000;13,030;42,000;0,000;42,000;GGgrrGGG;42,000
J14;111,000;0,000;0,000;13,030;42,000;0,000;42,000;GGgrrGGG;42,000
J14;111,000;0,000;0,000;13,030;42,000;0,000;42,000;GGgrrGGG;42,000
J14;112,000;0,000;0,000;13,020;42,000;0,000;42,000;GGgrrGGG;41,000
J14;112,000;0,000;0,000;13,020;42,000;0,000;42,000;GGgrrGGG;41,000
J14;112,000;0,000;0,000;13,020;42,000;0,000;42,000;GGgrrGGG;41,000
J14;112,000;0,000;0,000;13,020;42,000;0,000;42,000;GGgrrGGG;41,000
J14;112,000;0,000;0,000;13,020;42,000;0,000;42,000;GGgrrGGG;41,000
J14;112,000;0,000;0,000;13,020;42,000;-37,000;5,000;GGgrrGGG;4,000
J14;112,000;0,000;0,000;13,020;42,000;-37,000;5,000;GGgrrGGG;4,000
J14;112,000;0,000;0,000;13,020;42,000;-37,000;5,000;GGgrrGGG;4,000
J14;112,000;0,000;0,000;13,020;42,000;-37,000;5,000;GGgrrGGG;4,000
J14;112,000;0,000;0,000;13,020;42,000;-37,000;5,000;GGgrrGGG;4,000
J14;112,000;0,000;0,000;13,020;42,000;-37,000;5,000;GGgrrGGG;4,000
J14;112,000;0,000;0,000;13,020;42,000;-37,000;5,000;GGgrrGGG;4,000
J14;112,000;0,000;0,000;13,020;42,000;-37,000;5,000;GGgrrGGG;4,000
J14;112,000;0,000;0,000;13,020;42,000;-37,000;5,000;GGgrrGGG;4,000
J14;112,000;0,000;0,000;13,020;42,000;-37,000;5,000;GGgrrGGG;4,000
J14;112,000;0,000;0,000;13,020;42,000;-37,000;5,000;GGgrrGGG;4,000
J14;112,000;0,000;0,000;13,020;42,000;0,000;42,000;GGgrrGGG;42,000
J14;112,000;0,000;0,000;13,020;42,000;0,000;42,000;GGgrrGGG;42,000
J17;1,000;0,167;0,000;11,575;16,000;0,000;16,000;rrrrrrGGGgggrrrrrrrrrrrrrGGGGggrrrrrr;15,000
J17;1,000;0,167;0,000;11,575;16,000;0,000;16,000;rrrrrrGGGgggrrrrrrrrrrrrrGGGGggrrrrrr;15,000
J17;1,000;0,167;0,000;11,575;16,000;0,000;16,000;rrrrrrGGGgggrrrrrrrrrrrrrGGGGggrrrrrr;15,000
J17;1,000;0,167;0,000;11,575;16,000;0,000;16,000;rrrrrrGGGgggrrrrrrrrrrrrrGGGGggrrrrrr;15,000
J17;1,000;0,167;0,000;11,575;16,000;0,000;16,000;rrrrrrGGGgggrrrrrrrrrrrrrGGGGggrrrrrr;15,000
J17;1,000;0,167;0,000;11,575;16,000;0,000;16,000;rrrrrrGGGgggrrrrrrrrrrrrrGGGGggrrrrrr;15,000
J17;1,000;0,167;0,000;11,575;16,000;0,000;16,000;rrrrrrGGGgggrrrrrrrrrrrrrGGGGggrrrrrr;16,000
J17;1,000;0,167;0,000;11,575;16,000;0,000;16,000;rrrrrrGGGgggrrrrrrrrrrrrrGGGGggrrrrrr;16,000
J17;2,000;0,000;0,000;11,837;16,000;0,000;16,000;rrrrrrGGGgggrrrrrrrrrrrrrGGGGggrrrrrr;15,000
J17;2,000;0,000;0,000;11,837;16,000;0,000;16,000;rrrrrrGGGgggrrrrrrrrrrrrrGGGGggrrrrrr;15,000
J17;2,000;0,000;0,000;11,837;16,000;0,000;16,000;rrrrrrGGGgggrrrrrrrrrrrrrGGGGggrrrrrr;15,000
J17;2,000;0,000;0,000;11,837;16,000;0,000;16,000;rrrrrrGGGgggrrrrrrrrrrrrrGGGGggrrrrrr;15,000
J17;2,000;0,000;0,000;11,837;16,000;0,000;16,000;rrrrrrGGGgggrrrrrrrrrrrrrGGGGggrrrrrr;15,000
J17;2,000;0,000;0,000;11,837;16,000;0,000;16,000;rrrrrrGGGgggrrrrrrrrrrrrrGGGGggrrrrrr;15,000
J17;2,000;0,000;0,000;11,837;16,000;0,000;16,000;rrrrrrGGGgggrrrrrrrrrrrrrGGGGggrrrrrr;15,000
J17;2,000;0,000;0,000;11,837;16,000;0,000;16,000;rrrrrrGGGgggrrrrrrrrrrrrrGGGGggrrrrrr;15,000
J17;2,000;0,000;0,000;11,837;16,000;-11,000;5,000;rrrrrrGGGgggrrrrrrrrrrrrrGGGGggrrrrrr;4,000
J17;2,000;0,000;0,000;11,837;16,000;-11,000;5,000;rrrrrrGGGgggrrrrrrrrrrrrrGGGGggrrrrrr;4,000
J17;2,000;0,000;0,000;11,837;16,000;-11,000;5,000;rrrrrrGGGgggrrrrrrrrrrrrrGGGGggrrrrrr;4,000
J17;2,000;0,000;0,000;11,837;16,000;-11,000;5,000;rrrrrrGGGgggrrrrrrrrrrrrrGGGGggrrrrrr;4,000
J17;2,000;0,000;0,000;11,837;16,000;-11,000;5,000;rrrrrrGGGgggrrrrrrrrrrrrrGGGGggrrrrrr;4,000
J17;2,000;0,000;0,000;11,837;16,000;-11,000;5,000;rrrrrrGGGgggrrrrrrrrrrrrrGGGGggrrrrrr;4,000
J17;2,000;0,000;0,000;11,837;16,000;-11,000;5,000;rrrrrrGGGgggrrrrrrrrrrrrrGGGGggrrrrrr;4,000
J17;2,000;0,000;0,000;11,837;16,000;0,000;16,000;rrrrrrGGGgggrrrrrrrrrrrrrGGGGggrrrrrr;16,000
J17;3,000;0,000;0,000;12,155;16,000;0,000;16,000;rrrrrrGGGgggrrrrrrrrrrrrrGGGGggrrrrrr;15,000
J17;3,000;0,000;0,000;12,155;16,000;0,000;16,000;rrrrrrGGGgggrrrrrrrrrrrrrGGGGggrrrrrr;15,000
J17;3,000;0,000;0,000;12,155;16,000;0,000;16,000;rrrrrrGGGgggrrrrrrrrrrrrrGGGGggrrrrrr;15,000
J17;3,000;0,000;0,000;12,155;16,000;0,000;16,000;rrrrrrGGGgggrrrrrrrrrrrrrGGGGggrrrrrr;15,000
J17;3,000;0,000;0,000;12,155;16,000;0,000;16,000;rrrrrrGGGgggrrrrrrrrrrrrrGGGGggrrrrrr;15,000
J17;3,000;0,000;0,000;12,155;16,000;0,000;16,000;rrrrrrGGGgggrrrrrrrrrrrrrGGGGggrrrrrr;15,000
J17;3,000;0,000;0,000;12,155;16,000;0,000;16,000;rrrrrrGGGgggrrrrrrrrrrrrrGGGGggrrrrrr;15,000
J17;3,000;0,000;0,000;12,155;16,000;0,000;16,000;rrrrrrGGGgggrrrrrrrrrrrrrGGGGggrrrrrr;15,000
J17;3,000;0,000;0,000;12,155;16,000;-11,000;5,000;rrrrrrGGGgggrrrrrrrrrrrrrGGGGggrrrrrr;4,000
J17;3,000;0,000;0,000;12,155;16,000;-11,000;5,000;rrrrrrGGGgggrrrrrrrrrrrrrGGGGggrrrrrr;4,000
J17;3,000;0,000;0,000;12,155;16,000;-11,000;5,000;rrrrrrGGGgggrrrrrrrrrrrrrGGGGggrrrrrr;4,000
J17;3,000;0,000;0,000;12,155;16,000;-11,000;5,000;rrrrrrGGGgggrrrrrrrrrrrrrGGGGggrrrrrr;4,000
J17;3,000;0,000;0,000;12,155;16,000;-11,000;5,000;rrrrrrGGGgggrrrrrrrrrrrrrGGGGggrrrrrr;4,000
J17;3,000;0,000;0,000;12,155;16,000;-11,000;5,000;rrrrrrGGGgggrrrrrrrrrrrrrGGGGggrrrrrr;4,000
J17;3,000;0,000;0,000;12,155;16,000;-11,000;5,000;rrrrrrGGGgggrrrrrrrrrrrrrGGGGggrrrrrr;4,000
J17;3,000;0,000;0,000;12,155;16,000;0,000;16,000;rrrrrrGGGgggrrrrrrrrrrrrrGGGGggrrrrrr;16,000
J17;4,000;0,000;0,000;12,504;16,000;0,000;16,000;rrrrrrGGGgggrrrrrrrrrrrrrGGGGggrrrrrr;15,000
J17;4,000;0,000;0,000;12,504;16,000;0,000;16,000;rrrrrrGGGgggrrrrrrrrrrrrrGGGGggrrrrrr;15,000
J17;4,000;0,000;0,000;12,504;16,000;0,000;16,000;rrrrrrGGGgggrrrrrrrrrrrrrGGGGggrrrrrr;15,000
J17;4,000;0,000;0,000;12,504;16,000;0,000;16,000;rrrrrrGGGgggrrrrrrrrrrrrrGGGGggrrrrrr;15,000
J17;4,000;0,000;0,000;12,504;16,000;0,000;16,000;rrrrrrGGGgggrrrrrrrrrrrrrGGGGggrrrrrr;15,000
J17;4,000;0,000;0,000;12,504;16,000;0,000;16,000;rrrrrrGGGgggrrrrrrrrrrrrrGGGGggrrrrrr;15,000
J17;4,000;0,000;0,000;12,504;16,000;0,000;16,000;rrrrrrGGGgggrrrrrrrrrrrrrGGGGggrrrrrr;15,000
J17;4,000;0,000;0,000;12,504;16,000;0,000;16,000;rrrrrrGGGgggrrrrrrrrrrrrrGGGGggrrrrrr;15,000
J17;4,000;0,000;0,000;12,504;16,000;-11,000;5,000;rrrrrrGGGgggrrrrrrrrrrrrrGGGGggrrrrrr;4,000
J17;4,000;0,000;0,000;12,504;16,000;-11,000;5,000;rrrrrrGGGgggrrrrrrrrrrrrrGGGGggrrrrrr;4,000
J17;4,000;0,000;0,000;12,504;16,000;-11,000;5,000;rrrrrrGGGgggrrrrrrrrrrrrrGGGGggrrrrrr;4,000
J17;4,000;0,000;0,000;12,504;16,000;-11,000;5,000;rrrrrrGGGgggrrrrrrrrrrrrrGGGGggrrrrrr;4,000
J17;4,000;0,000;0,000;12,504;16,000;-11,000;5,000;rrrrrrGGGgggrrrrrrrrrrrrrGGGGggrrrrrr;4,000
J17;4,000;0,000;0,000;12,504;16,000;-11,000;5,000;rrrrrrGGGgggrrrrrrrrrrrrrGGGGggrrrrrr;4,000
J17;4,000;0,000;0,000;12,504;16,000;-11,000;5,000;rrrrrrGGGgggrrrrrrrrrrrrrGGGGggrrrrrr;4,000
J17;4,000;0,000;0,000;12,504;17,000;0,000;17,000;rrrrrrrrrrrrGGGgggrrrrrrrrrrrrrGGGGgg;17,000
J17;5,000;0,000;0,000;12,815;17,000;0,000;17,000;rrrrrrrrrrrrGGGgggrrrrrrrrrrrrrGGGGgg;16,000
J17;5,000;0,000;0,000;12,815;17,000;0,000;17,000;rrrrrrrrrrrrGGGgggrrrrrrrrrrrrrGGGGgg;16,000
J17;5,000;0,000;0,000;12,815;17,000;0,000;17,000;rrrrrrrrrrrrGGGgggrrrrrrrrrrrrrGGGGgg;16,000
J17;5,000;0,000;0,000;12,815;17,000;0,000;17,000;rrrrrrrrrrrrGGGgggrrrrrrrrrrrrrGGGGgg;16,000
J17;5,000;0,000;0,000;12,815;17,000;0,000;17,000;rrrrrrrrrrrrGGGgggrrrrrrrrrrrrrGGGGgg;16,000
J17;5,000;0,000;0,000;12,815;17,000;0,000;17,000;rrrrrrrrrrrrGGGgggrrrrrrrrrrrrrGGGGgg;16,000
J17;5,000;0,000;0,000;12,815;17,000;0,000;17,000;rrrrrrrrrrrrGGGgggrrrrrrrrrrrrrGGGGgg;16,000
J17;5,000;0,000;0,000;12,815;17,000;0,000;17,000;rrrrrrrrrrrrGGGgggrrrrrrrrrrrrrGGGGgg;16,000
J17;5,000;0,000;0,000;12,815;17,000;0,000;17,000;rrrrrrrrrrrrGGGgggrrrrrrrrrrrrrGGGGgg;16,000
J17;5,000;0,000;0,000;12,815;17,000;-12,000;5,000;rrrrrrrrrrrrGGGgggrrrrrrrrrrrrrGGGGgg;4,000
J17;5,000;0,000;0,000;12,815;17,000;-12,000;5,000;rrrrrrrrrrrrGGGgggrrrrrrrrrrrrrGGGGgg;4,000
J17;5,000;0,000;0,000;12,815;3,000;3,000;6,000;rrrrrrrrrrrryyyyyyrrrrrrrrrrrrryyyyyy;5,000
J17;5,000;0,000;0,000;13,124;3,000;3,000;6,000;rrrrrrrrrrrryyyyyyrrrrrrrrrrrrryyyyyy;5,000
J17;6,000;0,000;0,000;13,124;3,000;3,000;6,000;rrrrrrrrrrrryyyyyyrrrrrrrrrrrrryyyyyy;4,000
J17;6,000;0,000;0,000;13,124;3,000;3,000;6,000;rrrrrrrrrrrryyyyyyrrrrrrrrrrrrryyyyyy;4,000
J17;6,000;0,000;0,000;13,124;3,000;3,000;6,000;rrrrrrrrrrrryyyyyyrrrrrrrrrrrrryyyyyy;4,000
J17;6,000;0,000;0,000;13,124;3,000;3,000;6,000;rrrrrrrrrrrryyyyyyrrrrrrrrrrrrryyyyyy;4,000
J17;6,000;0,000;0,000;13,124;3,000;3,000;6,000;rrrrrrrrrrrryyyyyyrrrrrrrrrrrrryyyyyy;4,000
J17;6,000;0,000;0,000;13,124;3,000;3,000;6,000;rrrrrrrrrrrryyyyyyrrrrrrrrrrrrryyyyyy;4,000
J17;6,000;0,000;0,000;13,124;3,000;3,000;6,000;rrrrrrrrrrrryyyyyyrrrrrrrrrrrrryyyyyy;4,000
J17;6,000;0,000;0,000;13,124;3,000;3,000;6,000;rrrrrrrrrrrryyyyyyrrrrrrrrrrrrryyyyyy;4,000
J17;6,000;0,000;0,000;13,124;3,000;3,000;6,000;rrrrrrrrrrrryyyyyyrrrrrrrrrrrrryyyyyy;4,000
J17;6,000;0,000;0,000;13,124;3,000;3,000;6,000;rrrrrrrrrrrryyyyyyrrrrrrrrrrrrryyyyyy;4,000
J17;6,000;0,000;0,000;13,124;3,000;3,000;6,000;rrrrrrrrrrrryyyyyyrrrrrrrrrrrrryyyyyy;4,000
J17;6,000;0,000;0,000;13,124;3,000;3,000;6,000;rrrrrrrrrrrryyyyyyrrrrrrrrrrrrryyyyyy;4,000
J17;6,000;0,000;0,000;13,124;3,000;3,000;6,000;rrrrrrrrrrrryyyyyyrrrrrrrrrrrrryyyyyy;4,000
J17;6,000;0,000;0,000;13,124;3,000;3,000;6,000;rrrrrrrrrrrryyyyyyrrrrrrrrrrrrryyyyyy;4,000
J17;6,000;0,000;0,000;13,124;3,000;3,000;6,000;rrrrrrrrrrrryyyyyyrrrrrrrrrrrrryyyyyy;4,000
J17;6,000;0,000;0,000;13,124;3,000;3,000;6,000;rrrrrrrrrrrryyyyyyrrrrrrrrrrrrryyyyyy;4,000
J17;6,000;0,000;0,000;13,124;16,000;0,000;16,000;rrrrrrGGGgggrrrrrrrrrrrrrGGGGggrrrrrr;16,000
J17;7,000;0,000;0,000;13,411;16,000;0,000;16,000;rrrrrrGGGgggrrrrrrrrrrrrrGGGGggrrrrrr;15,000
J17;7,000;0,000;0,000;13,411;16,000;0,000;16,000;rrrrrrGGGgggrrrrrrrrrrrrrGGGGggrrrrrr;15,000
J17;7,000;0,000;0,000;13,411;16,000;0,000;16,000;rrrrrrGGGgggrrrrrrrrrrrrrGGGGggrrrrrr;15,000
J17;7,000;0,000;0,000;13,411;16,000;0,000;16,000;rrrrrrGGGgggrrrrrrrrrrrrrGGGGggrrrrrr;15,000
J17;7,000;0,000;0,000;13,411;16,000;0,000;16,000;rrrrrrGGGgggrrrrrrrrrrrrrGGGGggrrrrrr;15,000
J17;7,000;0,000;0,000;13,411;16,000;0,000;16,000;rrrrrrGGGgggrrrrrrrrrrrrrGGGGggrrrrrr;15,000
J17;7,000;0,000;0,000;13,411;16,000;0,000;16,000;rrrrrrGGGgggrrrrrrrrrrrrrGGGGggrrrrrr;15,000
J17;7,000;0,000;0,000;13,411;16,000;0,000;16,000;rrrrrrGGGgggrrrrrrrrrrrrrGGGGggrrrrrr;15,000
J17;7,000;0,000;0,000;13,411;16,000;0,000;16,000;rrrrrrGGGgggrrrrrrrrrrrrrGGGGggrrrrrr;15,000
J17;7,000;0,000;0,000;13,411;16,000;-11,000;5,000;rrrrrrGGGgggrrrrrrrrrrrrrGGGGggrrrrrr;4,000
J17;7,000;0,000;0,000;13,411;16,000;-11,000;5,000;rrrrrrGGGgggrrrrrrrrrrrrrGGGGggrrrrrr;4,000
J17;7,000;0,000;0,000;13,411;16,000;-11,000;5,000;rrrrrrGGGgggrrrrrrrrrrrrrGGGGggrrrrrr;4,000
J17;7,000;0,000;0,000;13,411;16,000;-11,000;5,000;rrrrrrGGGgggrrrrrrrrrrrrrGGGGggrrrrrr;4,000
J17;7,000;0,000;0,000;13,411;16,000;-11,000;5,000;rrrrrrGGGgggrrrrrrrrrrrrrGGGGggrrrrrr;4,000
J17;7,000;0,000;0,000;13,411;16,000;-11,000;5,000;rrrrrrGGGgggrrrrrrrrrrrrrGGGGggrrrrrr;4,000
J17;7,000;0,000;0,000;13,411;16,000;-11,000;5,000;rrrrrrGGGgggrrrrrrrrrrrrrGGGGggrrrrrr;4,000
J17;7,000;0,000;0,000;13,411;16,000;-11,000;5,000;rrrrrrGGGgggrrrrrrrrrrrrrGGGGggrrrrrr;4,000
J17;7,000;0,000;0,000;13,411;16,000;0,000;16,000;rrrrrrGGGgggrrrrrrrrrrrrrGGGGggrrrrrr;16,000
J17;7,000;0,000;0,000;13,590;16,000;0,000;16,000;rrrrrrGGGgggrrrrrrrrrrrrrGGGGggrrrrrr;16,000
J17;8,000;0,000;0,000;13,590;16,000;0,000;16,000;rrrrrrGGGgggrrrrrrrrrrrrrGGGGggrrrrrr;15,000
J17;8,000;0,000;0,000;13,590;16,000;0,000;16,000;rrrrrrGGGgggrrrrrrrrrrrrrGGGGggrrrrrr;15,000
J17;8,000;0,000;0,000;13,590;16,000;0,000;16,000;rrrrrrGGGgggrrrrrrrrrrrrrGGGGggrrrrrr;15,000
J17;8,000;0,000;0,000;13,590;16,000;0,000;16,000;rrrrrrGGGgggrrrrrrrrrrrrrGGGGggrrrrrr;15,000
J17;8,000;0,000;0,000;13,590;16,000;0,000;16,000;rrrrrrGGGgggrrrrrrrrrrrrrGGGGggrrrrrr;15,000
J17;8,000;0,000;0,000;13,590;16,000;0,000;16,000;rrrrrrGGGgggrrrrrrrrrrrrrGGGGggrrrrrr;15,000
J17;8,000;0,000;0,000;13,590;16,000;0,000;16,000;rrrrrrGGGgggrrrrrrrrrrrrrGGGGggrrrrrr;15,000
J17;8,000;0,000;0,000;13,590;16,000;0,000;16,000;rrrrrrGGGgggrrrrrrrrrrrrrGGGGggrrrrrr;15,000
J17;8,000;0,000;0,000;13,590;16,000;-11,000;5,000;rrrrrrGGGgggrrrrrrrrrrrrrGGGGggrrrrrr;4,000
J17;8,000;0,000;0,000;13,590;16,000;-11,000;5,000;rrrrrrGGGgggrrrrrrrrrrrrrGGGGggrrrrrr;4,000
J17;8,000;0,000;0,000;13,590;16,000;-11,000;5,000;rrrrrrGGGgggrrrrrrrrrrrrrGGGGggrrrrrr;4,000
J17;8,000;0,000;0,000;13,590;16,000;-11,000;5,000;rrrrrrGGGgggrrrrrrrrrrrrrGGGGggrrrrrr;4,000
J17;8,000;0,000;0,000;13,590;16,000;-11,000;5,000;rrrrrrGGGgggrrrrrrrrrrrrrGGGGggrrrrrr;4,000
J17;8,000;0,000;0,000;13,590;16,000;-11,000;5,000;rrrrrrGGGgggrrrrrrrrrrrrrGGGGggrrrrrr;4,000
J17;8,000;0,000;0,000;13,590;16,000;-11,000;5,000;rrrrrrGGGgggrrrrrrrrrrrrrGGGGggrrrrrr;4,000
J17;8,000;0,000;0,000;13,590;16,000;0,000;16,000;rrrrrrGGGgggrrrrrrrrrrrrrGGGGggrrrrrr;16,000
J17;8,000;0,167;0,000;12,432;16,000;0,000;16,000;rrrrrrGGGgggrrrrrrrrrrrrrGGGGggrrrrrr;16,000
J17;9,000;0,167;0,000;12,432;16,000;0,000;16,000;rrrrrrGGGgggrrrrrrrrrrrrrGGGGggrrrrrr;15,000
J17;9,000;0,167;0,000;12,432;16,000;0,000;16,000;rrrrrrGGGgggrrrrrrrrrrrrrGGGGggrrrrrr;15,000
J17;9,000;0,167;0,000;12,432;16,000;0,000;16,000;rrrrrrGGGgggrrrrrrrrrrrrrGGGGggrrrrrr;15,000
J17;9,000;0,167;0,000;12,432;16,000;0,000;16,000;rrrrrrGGGgggrrrrrrrrrrrrrGGGGggrrrrrr;15,000
J17;9,000;0,167;0,000;12,432;16,000;0,000;16,000;rrrrrrGGGgggrrrrrrrrrrrrrGGGGggrrrrrr;15,000
J17;9,000;0,167;0,000;12,432;16,000;0,000;16,000;rrrrrrGGGgggrrrrrrrrrrrrrGGGGggrrrrrr;15,000
J17;9,000;0,167;0,000;12,432;16,000;0,000;16,000;rrrrrrGGGgggrrrrrrrrrrrrrGGGGggrrrrrr;15,000
J17;9,000;0,167;0,000;12,432;16,000;19,931;35,931;rrrrrrGGGgggrrrrrrrrrrrrrGGGGggrrrrrr;34,931
J17;9,000;0,167;0,000;12,432;16,000;19,931;35,931;rrrrrrGGGgggrrrrrrrrrrrrrGGGGggrrrrrr;34,931
J17;9,000;0,167;0,000;12,432;16,000;19,931;35,931;rrrrrrGGGgggrrrrrrrrrrrrrGGGGggrrrrrr;34,931
J17;9,000;0,167;0,000;12,432;16,000;19,931;35,931;rrrrrrGGGgggrrrrrrrrrrrrrGGGGggrrrrrr;34,931
J17;9,000;0,167;0,000;12,432;16,000;19,931;35,931;rrrrrrGGGgggrrrrrrrrrrrrrGGGGggrrrrrr;34,931
J17;9,000;0,167;0,000;12,517;16,000;0,000;16,000;rrrrrrGGGgggrrrrrrrrrrrrrGGGGggrrrrrr;16,000
J17;10,000;0,000;0,000;12,517;16,000;0,000;16,000;rrrrrrGGGgggrrrrrrrrrrrrrGGGGggrrrrrr;15,000
J17;10,000;0,000;0,000;12,517;16,000;0,000;16,000;rrrrrrGGGgggrrrrrrrrrrrrrGGGGggrrrrrr;15,000
J17;10,000;0,000;0,000;12,517;16,000;0,000;16,000;rrrrrrGGGgggrrrrrrrrrrrrrGGGGggrrrrrr;15,000
J17;10,000;0,000;0,000;12,517;16,000;0,000;16,000;rrrrrrGGGgggrrrrrrrrrrrrrGGGGggrrrrrr;15,000
J17;10,000;0,000;0,000;12,517;16,000;0,000;16,000;rrrrrrGGGgggrrrrrrrrrrrrrGGGGggrrrrrr;15,000
J17;10,000;0,000;0,000;12,517;16,000;0,000;16,000;rrrrrrGGGgggrrrrrrrrrrrrrGGGGggrrrrrr;15,000
J17;10,000;0,000;0,000;12,517;16,000;0,000;16,000;rrrrrrGGGgggrrrrrrrrrrrrrGGGGggrrrrrr;15,000
J17;10,000;0,000;0,000;12,517;16,000;0,000;16,000;rrrrrrGGGgggrrrrrrrrrrrrrGGGGggrrrrrr;15,000
J17;10,000;0,000;0,000;12,517;16,000;-11,000;5,000;rrrrrrGGGgggrrrrrrrrrrrrrGGGGggrrrrrr;4,000
J17;10,000;0,000;0,000;12,517;16,000;-11,000;5,000;rrrrrrGGGgggrrrrrrrrrrrrrGGGGggrrrrrr;4,000
J17;10,000;0,000;0,000;12,517;16,000;-11,000;5,000;rrrrrrGGGgggrrrrrrrrrrrrrGGGGggrrrrrr;4,000
J17;10,000;0,000;0,000;12,517;16,000;-11,000;5,000;rrrrrrGGGgggrrrrrrrrrrrrrGGGGggrrrrrr;4,000
J17;10,000;0,000;0,000;12,517;16,000;-11,000;5,000;rrrrrrGGGgggrrrrrrrrrrrrrGGGGggrrrrrr;4,000
J17;10,000;0,000;0,000;12,517;16,000;-11,000;5,000;rrrrrrGGGgggrrrrrrrrrrrrrGGGGggrrrrrr;4,000
J17;10,000;0,000;0,000;12,517;16,000;-11,000;5,000;rrrrrrGGGgggrrrrrrrrrrrrrGGGGggrrrrrr;4,000
J17;10,000;0,000;0,000;12,517;16,000;0,000;16,000;rrrrrrGGGgggrrrrrrrrrrrrrGGGGggrrrrrr;16,000
J17;11,000;0,000;0,000;12,537;16,000;0,000;16,000;rrrrrrGGGgggrrrrrrrrrrrrrGGGGggrrrrrr;15,000
J17;11,000;0,000;0,000;12,537;16,000;0,000;16,000;rrrrrrGGGgggrrrrrrrrrrrrrGGGGggrrrrrr;15,000
J17;11,000;0,000;0,000;12,537;16,000;0,000;16,000;rrrrrrGGGgggrrrrrrrrrrrrrGGGGggrrrrrr;15,000
J17;11,000;0,000;0,000;12,537;16,000;0,000;16,000;rrrrrrGGGgggrrrrrrrrrrrrrGGGGggrrrrrr;15,000
J17;11,000;0,000;0,000;12,537;16,000;0,000;16,000;rrrrrrGGGgggrrrrrrrrrrrrrGGGGggrrrrrr;15,000
J17;11,000;0,000;0,000;12,537;16,000;0,000;16,000;rrrrrrGGGgggrrrrrrrrrrrrrGGGGggrrrrrr;15,000
J17;11,000;0,000;0,000;12,537;16,000;0,000;16,000;rrrrrrGGGgggrrrrrrrrrrrrrGGGGggrrrrrr;15,000
J17;11,000;0,000;0,000;12,537;16,000;0,000;16,000;rrrrrrGGGgggrrrrrrrrrrrrrGGGGggrrrrrr;15,000
J17;11,000;0,000;0,000;12,537;16,000;-11,000;5,000;rrrrrrGGGgggrrrrrrrrrrrrrGGGGggrrrrrr;4,000
J17;11,000;0,000;0,000;12,537;16,000;-11,000;5,000;rrrrrrGGGgggrrrrrrrrrrrrrGGGGggrrrrrr;4,000
J17;11,000;0,000;0,000;12,537;16,000;-11,000;5,000;rrrrrrGGGgggrrrrrrrrrrrrrGGGGggrrrrrr;4,000
J17;11,000;0,000;0,000;12,537;16,000;-11,000;5,000;rrrrrrGGGgggrrrrrrrrrrrrrGGGGggrrrrrr;4,000
J17;11,000;0,000;0,000;12,537;16,000;-11,000;5,000;rrrrrrGGGgggrrrrrrrrrrrrrGGGGggrrrrrr;4,000
J17;11,000;0,000;0,000;12,537;16,000;0,000;16,000;rrrrrrGGGgggrrrrrrrrrrrrrGGGGggrrrrrr;16,000
J17;11,000;0,000;0,000;12,537;16,000;0,000;16,000;rrrrrrGGGgggrrrrrrrrrrrrrGGGGggrrrrrr;16,000
J17;12,000;0,000;0,000;12,720;16,000;0,000;16,000;rrrrrrGGGgggrrrrrrrrrrrrrGGGGggrrrrrr;15,000
J17;12,000;0,000;0,000;12,720;16,000;0,000;16,000;rrrrrrGGGgggrrrrrrrrrrrrrGGGGggrrrrrr;15,000
J17;12,000;0,000;0,000;12,720;16,000;0,000;16,000;rrrrrrGGGgggrrrrrrrrrrrrrGGGGggrrrrrr;15,000
J17;12,000;0,000;0,000;12,720;16,000;0,000;16,000;rrrrrrGGGgggrrrrrrrrrrrrrGGGGggrrrrrr;15,000
J17;12,000;0,000;0,000;12,720;16,000;0,000;16,000;rrrrrrGGGgggrrrrrrrrrrrrrGGGGggrrrrrr;15,000
J17;12,000;0,000;0,000;12,720;16,000;0,000;16,000;rrrrrrGGGgggrrrrrrrrrrrrrGGGGggrrrrrr;15,000
J17;12,000;0,000;0,000;12,720;16,000;0,000;16,000;rrrrrrGGGgggrrrrrrrrrrrrrGGGGggrrrrrr;15,000
J17;12,000;0,000;0,000;12,720;16,000;0,000;16,000;rrrrrrGGGgggrrrrrrrrrrrrrGGGGggrrrrrr;15,000
J17;12,000;0,000;0,000;12,720;16,000;-11,000;5,000;rrrrrrGGGgggrrrrrrrrrrrrrGGGGggrrrrrr;4,000
J17;12,000;0,000;0,000;12,720;16,000;-11,000;5,000;rrrrrrGGGgggrrrrrrrrrrrrrGGGGggrrrrrr;4,000
J17;12,000;0,000;0,000;12,720;16,000;-11,000;5,000;rrrrrrGGGgggrrrrrrrrrrrrrGGGGggrrrrrr;4,000
J17;12,000;0,000;0,000;12,720;16,000;-11,000;5,000;rrrrrrGGGgggrrrrrrrrrrrrrGGGGggrrrrrr;4,000
J17;12,000;0,000;0,000;12,720;16,000;-11,000;5,000;rrrrrrGGGgggrrrrrrrrrrrrrGGGGggrrrrrr;4,000
J17;12,000;0,000;0,000;12,720;16,000;-11,000;5,000;rrrrrrGGGgggrrrrrrrrrrrrrGGGGggrrrrrr;4,000
J17;12,000;0,000;0,000;12,720;16,000;-11,000;5,000;rrrrrrGGGgggrrrrrrrrrrrrrGGGGggrrrrrr;4,000
J17;12,000;0,000;0,000;12,720;16,000;0,000;16,000;rrrrrrGGGgggrrrrrrrrrrrrrGGGGggrrrrrr;16,000
J17;12,000;0,000;0,000;12,720;16,000;0,000;16,000;rrrrrrGGGgggrrrrrrrrrrrrrGGGGggrrrrrr;16,000
J17;13,000;0,083;0,083;12,657;16,000;0,000;16,000;rrrrrrGGGgggrrrrrrrrrrrrrGGGGggrrrrrr;15,000
J17;13,000;0,083;0,083;12,657;16,000;0,000;16,000;rrrrrrGGGgggrrrrrrrrrrrrrGGGGggrrrrrr;15,000
J17;13,000;0,083;0,083;12,657;16,000;0,000;16,000;rrrrrrGGGgggrrrrrrrrrrrrrGGGGggrrrrrr;15,000
J17;13,000;0,083;0,083;12,657;16,000;0,000;16,000;rrrrrrGGGgggrrrrrrrrrrrrrGGGGggrrrrrr;15,000
J17;13,000;0,083;0,083;12,657;16,000;0,000;16,000;rrrrrrGGGgggrrrrrrrrrrrrrGGGGggrrrrrr;15,000
J17;13,000;0,083;0,083;12,657;16,000;0,000;16,000;rrrrrrGGGgggrrrrrrrrrrrrrGGGGggrrrrrr;15,000
J17;13,000;0,083;0,083;12,657;16,000;0,000;16,000;rrrrrrGGGgggrrrrrrrrrrrrrGGGGggrrrrrr;15,000
J17;13,000;0,083;0,083;12,657;16,000;0,000;16,000;rrrrrrGGGgggrrrrrrrrrrrrrGGGGggrrrrrr;15,000
J17;13,000;0,083;0,083;12,657;16,000;-11,000;5,000;rrrrrrGGGgggrrrrrrrrrrrrrGGGGggrrrrrr;4,000
J17;13,000;0,083;0,083;12,657;16,000;-11,000;5,000;rrrrrrGGGgggrrrrrrrrrrrrrGGGGggrrrrrr;4,000
J17;13,000;0,083;0,083;12,657;16,000;-11,000;5,000;rrrrrrGGGgggrrrrrrrrrrrrrGGGGggrrrrrr;4,000
J17;13,000;0,083;0,083;12,657;16,000;-11,000;5,000;rrrrrrGGGgggrrrrrrrrrrrrrGGGGggrrrrrr;4,000
J17;13,000;0,083;0,083;12,657;16,000;-11,000;5,000;rrrrrrGGGgggrrrrrrrrrrrrrGGGGggrrrrrr;4,000
J17;13,000;0,083;0,083;12,657;16,000;-11,000;5,000;rrrrrrGGGgggrrrrrrrrrrrrrGGGGggrrrrrr;4,000
J17;13,000;0,083;0,083;12,657;16,000;-11,000;5,000;rrrrrrGGGgggrrrrrrrrrrrrrGGGGggrrrrrr;4,000
J17;13,000;0,083;0,083;12,657;16,000;0,000;16,000;rrrrrrGGGgggrrrrrrrrrrrrrGGGGggrrrrrr;16,000
J17;14,000;0,083;0,167;12,839;16,000;0,000;16,000;rrrrrrGGGgggrrrrrrrrrrrrrGGGGggrrrrrr;15,000
J17;14,000;0,083;0,167;12,839;16,000;0,000;16,000;rrrrrrGGGgggrrrrrrrrrrrrrGGGGggrrrrrr;15,000
J17;14,000;0,083;0,167;12,839;16,000;0,000;16,000;rrrrrrGGGgggrrrrrrrrrrrrrGGGGggrrrrrr;15,000
J17;14,000;0,083;0,167;12,839;16,000;0,000;16,000;rrrrrrGGGgggrrrrrrrrrrrrrGGGGggrrrrrr;15,000
J17;14,000;0,083;0,167;12,839;16,000;0,000;16,000;rrrrrrGGGgggrrrrrrrrrrrrrGGGGggrrrrrr;15,000
J17;14,000;0,083;0,167;12,839;16,000;0,000;16,000;rrrrrrGGGgggrrrrrrrrrrrrrGGGGggrrrrrr;15,000
J17;14,000;0,083;0,167;12,839;16,000;0,000;16,000;rrrrrrGGGgggrrrrrrrrrrrrrGGGGggrrrrrr;15,000
J17;14,000;0,083;0,167;12,839;16,000;0,000;16,000;rrrrrrGGGgggrrrrrrrrrrrrrGGGGggrrrrrr;15,000
J17;14,000;0,083;0,167;12,839;16,000;-11,000;5,000;rrrrrrGGGgggrrrrrrrrrrrrrGGGGggrrrrrr;4,000
J17;14,000;0,083;0,167;12,839;16,000;-11,000;5,000;rrrrrrGGGgggrrrrrrrrrrrrrGGGGggrrrrrr;4,000
J17;14,000;0,083;0,167;12,839;16,000;-11,000;5,000;rrrrrrGGGgggrrrrrrrrrrrrrGGGGggrrrrrr;4,000
J17;14,000;0,083;0,167;12,839;16,000;-11,000;5,000;rrrrrrGGGgggrrrrrrrrrrrrrGGGGggrrrrrr;4,000
J17;14,000;0,083;0,167;12,839;16,000;-11,000;5,000;rrrrrrGGGgggrrrrrrrrrrrrrGGGGggrrrrrr;4,000
J17;14,000;0,083;0,167;12,839;16,000;-11,000;5,000;rrrrrrGGGgggrrrrrrrrrrrrrGGGGggrrrrrr;4,000
J17;14,000;0,083;0,167;12,839;16,000;0,000;16,000;rrrrrrGGGgggrrrrrrrrrrrrrGGGGggrrrrrr;16,000
J17;15,000;0,083;0,250;12,966;16,000;0,000;16,000;rrrrrrGGGgggrrrrrrrrrrrrrGGGGggrrrrrr;15,000
J17;15,000;0,083;0,250;12,966;16,000;0,000;16,000;rrrrrrGGGgggrrrrrrrrrrrrrGGGGggrrrrrr;15,000
J17;15,000;0,083;0,250;12,966;16,000;0,000;16,000;rrrrrrGGGgggrrrrrrrrrrrrrGGGGggrrrrrr;15,000
J17;15,000;0,083;0,250;12,966;16,000;0,000;16,000;rrrrrrGGGgggrrrrrrrrrrrrrGGGGggrrrrrr;15,000
J17;15,000;0,083;0,250;12,966;16,000;0,000;16,000;rrrrrrGGGgggrrrrrrrrrrrrrGGGGggrrrrrr;15,000
J17;15,000;0,083;0,250;12,966;16,000;0,000;16,000;rrrrrrGGGgggrrrrrrrrrrrrrGGGGggrrrrrr;15,000
J17;15,000;0,083;0,250;12,966;16,000;0,000;16,000;rrrrrrGGGgggrrrrrrrrrrrrrGGGGggrrrrrr;15,000
J17;15,000;0,083;0,250;12,966;16,000;0,000;16,000;rrrrrrGGGgggrrrrrrrrrrrrrGGGGggrrrrrr;15,000
J17;15,000;0,083;0,250;12,966;16,000;-11,000;5,000;rrrrrrGGGgggrrrrrrrrrrrrrGGGGggrrrrrr;4,000
J17;15,000;0,083;0,250;12,966;16,000;-11,000;5,000;rrrrrrGGGgggrrrrrrrrrrrrrGGGGggrrrrrr;4,000
J17;15,000;0,083;0,250;12,966;16,000;-11,000;5,000;rrrrrrGGGgggrrrrrrrrrrrrrGGGGggrrrrrr;4,000
J17;15,000;0,083;0,250;12,966;16,000;-11,000;5,000;rrrrrrGGGgggrrrrrrrrrrrrrGGGGggrrrrrr;4,000
J17;15,000;0,083;0,250;12,966;16,000;-11,000;5,000;rrrrrrGGGgggrrrrrrrrrrrrrGGGGggrrrrrr;4,000
J17;15,000;0,083;0,250;12,966;16,000;-11,000;5,000;rrrrrrGGGgggrrrrrrrrrrrrrGGGGggrrrrrr;4,000
J17;15,000;0,083;0,250;12,966;16,000;-11,000;5,000;rrrrrrGGGgggrrrrrrrrrrrrrGGGGggrrrrrr;4,000
J17;15,000;0,083;0,250;12,966;16,000;0,000;16,000;rrrrrrGGGgggrrrrrrrrrrrrrGGGGggrrrrrr;16,000
J17;16,000;0,250;0,333;12,319;16,000;0,000;16,000;rrrrrrGGGgggrrrrrrrrrrrrrGGGGggrrrrrr;15,000
J17;16,000;0,250;0,333;12,319;16,000;0,000;16,000;rrrrrrGGGgggrrrrrrrrrrrrrGGGGggrrrrrr;15,000
J17;16,000;0,250;0,333;12,319;16,000;0,000;16,000;rrrrrrGGGgggrrrrrrrrrrrrrGGGGggrrrrrr;15,000
J17;16,000;0,250;0,333;12,319;16,000;0,000;16,000;rrrrrrGGGgggrrrrrrrrrrrrrGGGGggrrrrrr;15,000
J17;16,000;0,250;0,333;12,319;16,000;0,000;16,000;rrrrrrGGGgggrrrrrrrrrrrrrGGGGggrrrrrr;15,000
J17;16,000;0,250;0,333;12,319;16,000;0,000;16,000;rrrrrrGGGgggrrrrrrrrrrrrrGGGGggrrrrrr;15,000
J17;16,000;0,250;0,333;12,319;16,000;0,000;16,000;rrrrrrGGGgggrrrrrrrrrrrrrGGGGggrrrrrr;15,000
J17;16,000;0,250;0,333;12,319;16,000;0,000;16,000;rrrrrrGGGgggrrrrrrrrrrrrrGGGGggrrrrrr;15,000
J17;16,000;0,250;0,333;12,319;16,000;19,381;35,381;rrrrrrGGGgggrrrrrrrrrrrrrGGGGggrrrrrr;34,381
J17;16,000;0,250;0,333;12,319;16,000;19,381;35,381;rrrrrrGGGgggrrrrrrrrrrrrrGGGGggrrrrrr;34,381
J17;16,000;0,250;0,333;12,319;16,000;19,381;35,381;rrrrrrGGGgggrrrrrrrrrrrrrGGGGggrrrrrr;34,381
J17;16,000;0,250;0,333;12,319;16,000;19,381;35,381;rrrrrrGGGgggrrrrrrrrrrrrrGGGGggrrrrrr;34,381
J17;16,000;0,250;0,333;12,319;16,000;0,000;16,000;rrrrrrGGGgggrrrrrrrrrrrrrGGGGggrrrrrr;16,000
J17;16,000;0,250;0,333;12,319;16,000;0,000;16,000;rrrrrrGGGgggrrrrrrrrrrrrrGGGGggrrrrrr;16,000
J17;17,000;0,083;0,417;12,336;16,000;0,000;16,000;rrrrrrGGGgggrrrrrrrrrrrrrGGGGggrrrrrr;15,000
J17;17,000;0,083;0,417;12,336;16,000;0,000;16,000;rrrrrrGGGgggrrrrrrrrrrrrrGGGGggrrrrrr;15,000
J17;17,000;0,083;0,417;12,336;16,000;0,000;16,000;rrrrrrGGGgggrrrrrrrrrrrrrGGGGggrrrrrr;15,000
J17;17,000;0,083;0,417;12,336;16,000;0,000;16,000;rrrrrrGGGgggrrrrrrrrrrrrrGGGGggrrrrrr;15,000
J17;17,000;0,083;0,417;12,336;16,000;0,000;16,000;rrrrrrGGGgggrrrrrrrrrrrrrGGGGggrrrrrr;15,000
J17;17,000;0,083;0,417;12,336;16,000;0,000;16,000;rrrrrrGGGgggrrrrrrrrrrrrrGGGGggrrrrrr;15,000
J17;17,000;0,083;0,417;12,336;16,000;0,000;16,000;rrrrrrGGGgggrrrrrrrrrrrrrGGGGggrrrrrr;15,000
J17;17,000;0,083;0,417;12,336;16,000;0,000;16,000;rrrrrrGGGgggrrrrrrrrrrrrrGGGGggrrrrrr;15,000
J17;17,000;0,083;0,417;12,336;16,000;-11,000;5,000;rrrrrrGGGgggrrrrrrrrrrrrrGGGGggrrrrrr;4,000
J17;17,000;0,083;0,417;12,336;16,000;-11,000;5,000;rrrrrrGGGgggrrrrrrrrrrrrrGGGGggrrrrrr;4,000
J17;17,000;0,083;0,417;12,336;16,000;-11,000;5,000;rrrrrrGGGgggrrrrrrrrrrrrrGGGGggrrrrrr;4,000
J17;17,000;0,083;0,417;12,336;16,000;-11,000;5,000;rrrrrrGGGgggrrrrrrrrrrrrrGGGGggrrrrrr;4,000
J17;17,000;0,083;0,417;12,336;16,000;-11,000;5,000;rrrrrrGGGgggrrrrrrrrrrrrrGGGGggrrrrrr;4,000
J17;17,000;0,083;0,417;12,336;16,000;-11,000;5,000;rrrrrrGGGgggrrrrrrrrrrrrrGGGGggrrrrrr;4,000
J17;17,000;0,083;0,417;12,336;16,000;-11,000;5,000;rrrrrrGGGgggrrrrrrrrrrrrrGGGGggrrrrrr;4,000
J17;17,000;0,083;0,417;12,336;16,000;-11,000;5,000;rrrrrrGGGgggrrrrrrrrrrrrrGGGGggrrrrrr;4,000
J17;17,000;0,083;0,417;12,336;16,000;0,000;16,000;rrrrrrGGGgggrrrrrrrrrrrrrGGGGggrrrrrr;16,000
J17;18,000;0,083;0,500;12,358;16,000;0,000;16,000;rrrrrrGGGgggrrrrrrrrrrrrrGGGGggrrrrrr;15,000
J17;18,000;0,083;0,500;12,358;16,000;0,000;16,000;rrrrrrGGGgggrrrrrrrrrrrrrGGGGggrrrrrr;15,000
J17;18,000;0,083;0,500;12,358;16,000;0,000;16,000;rrrrrrGGGgggrrrrrrrrrrrrrGGGGggrrrrrr;15,000
J17;18,000;0,083;0,500;12,358;16,000;0,000;16,000;rrrrrrGGGgggrrrrrrrrrrrrrGGGGggrrrrrr;15,000
J17;18,000;0,083;0,500;12,358;16,000;0,000;16,000;rrrrrrGGGgggrrrrrrrrrrrrrGGGGggrrrrrr;15,000
J17;18,000;0,083;0,500;12,358;16,000;0,000;16,000;rrrrrrGGGgggrrrrrrrrrrrrrGGGGggrrrrrr;15,000
J17;18,000;0,083;0,500;12,358;16,000;0,000;16,000;rrrrrrGGGgggrrrrrrrrrrrrrGGGGggrrrrrr;15,000
J17;18,000;0,083;0,500;12,358;16,000;0,000;16,000;rrrrrrGGGgggrrrrrrrrrrrrrGGGGggrrrrrr;15,000
J17;18,000;0,083;0,500;12,358;16,000;-11,000;5,000;rrrrrrGGGgggrrrrrrrrrrrrrGGGGggrrrrrr;4,000
J17;18,000;0,083;0,500;12,358;16,000;-11,000;5,000;rrrrrrGGGgggrrrrrrrrrrrrrGGGGggrrrrrr;4,000
J17;18,000;0,083;0,500;12,358;16,000;-11,000;5,000;rrrrrrGGGgggrrrrrrrrrrrrrGGGGggrrrrrr;4,000
J17;18,000;0,083;0,500;12,358;16,000;-11,000;5,000;rrrrrrGGGgggrrrrrrrrrrrrrGGGGggrrrrrr;4,000
J17;18,000;0,083;0,500;12,358;16,000;-11,000;5,000;rrrrrrGGGgggrrrrrrrrrrrrrGGGGggrrrrrr;4,000
J17;18,000;0,083;0,500;12,358;16,000;-11,000;5,000;rrrrrrGGGgggrrrrrrrrrrrrrGGGGggrrrrrr;4,000
J17;18,000;0,083;0,500;12,358;16,000;-11,000;5,000;rrrrrrGGGgggrrrrrrrrrrrrrGGGGggrrrrrr;4,000
J17;18,000;0,083;0,500;12,358;16,000;0,000;16,000;rrrrrrGGGgggrrrrrrrrrrrrrGGGGggrrrrrr;16,000
J17;18,000;0,083;0,583;12,480;16,000;0,000;16,000;rrrrrrGGGgggrrrrrrrrrrrrrGGGGggrrrrrr;16,000
J17;19,000;0,083;0,583;12,480;16,000;0,000;16,000;rrrrrrGGGgggrrrrrrrrrrrrrGGGGggrrrrrr;15,000
J17;19,000;0,083;0,583;12,480;16,000;0,000;16,000;rrrrrrGGGgggrrrrrrrrrrrrrGGGGggrrrrrr;15,000
J17;19,000;0,083;0,583;12,480;16,000;0,000;16,000;rrrrrrGGGgggrrrrrrrrrrrrrGGGGggrrrrrr;15,000
J17;19,000;0,083;0,583;12,480;16,000;0,000;16,000;rrrrrrGGGgggrrrrrrrrrrrrrGGGGggrrrrrr;15,000
J17;19,000;0,083;0,583;12,480;16,000;0,000;16,000;rrrrrrGGGgggrrrrrrrrrrrrrGGGGggrrrrrr;15,000
J17;19,000;0,083;0,583;12,480;16,000;0,000;16,000;rrrrrrGGGgggrrrrrrrrrrrrrGGGGggrrrrrr;15,000
J17;19,000;0,083;0,583;12,480;16,000;-11,000;5,000;rrrrrrGGGgggrrrrrrrrrrrrrGGGGggrrrrrr;4,000
J17;19,000;0,083;0,583;12,480;16,000;-11,000;5,000;rrrrrrGGGgggrrrrrrrrrrrrrGGGGggrrrrrr;4,000
J17;19,000;0,083;0,583;12,480;16,000;-11,000;5,000;rrrrrrGGGgggrrrrrrrrrrrrrGGGGggrrrrrr;4,000
J17;19,000;0,083;0,583;12,480;16,000;-11,000;5,000;rrrrrrGGGgggrrrrrrrrrrrrrGGGGggrrrrrr;4,000
J17;19,000;0,083;0,583;12,480;16,000;-11,000;5,000;rrrrrrGGGgggrrrrrrrrrrrrrGGGGggrrrrrr;4,000
J17;19,000;0,083;0,583;12,480;16,000;-11,000;5,000;rrrrrrGGGgggrrrrrrrrrrrrrGGGGggrrrrrr;4,000
J17;19,000;0,083;0,583;12,480;16,000;-11,000;5,000;rrrrrrGGGgggrrrrrrrrrrrrrGGGGggrrrrrr;4,000
J17;19,000;0,083;0,583;12,480;17,000;0,000;17,000;rrrrrrrrrrrrGGGgggrrrrrrrrrrrrrGGGGgg;17,000
J17;19,000;0,083;0,083;12,561;17,000;0,000;17,000;rrrrrrrrrrrrGGGgggrrrrrrrrrrrrrGGGGgg;17,000
J17;20,000;0,083;0,083;12,561;17,000;0,000;17,000;rrrrrrrrrrrrGGGgggrrrrrrrrrrrrrGGGGgg;16,000
J17;20,000;0,083;0,083;12,561;17,000;0,000;17,000;rrrrrrrrrrrrGGGgggrrrrrrrrrrrrrGGGGgg;16,000
J17;20,000;0,083;0,083;12,561;17,000;0,000;17,000;rrrrrrrrrrrrGGGgggrrrrrrrrrrrrrGGGGgg;16,000
J17;20,000;0,083;0,083;12,561;17,000;0,000;17,000;rrrrrrrrrrrrGGGgggrrrrrrrrrrrrrGGGGgg;16,000
J17;20,000;0,083;0,083;12,561;17,000;0,000;17,000;rrrrrrrrrrrrGGGgggrrrrrrrrrrrrrGGGGgg;16,000
J17;20,000;0,083;0,083;12,561;17,000;0,000;17,000;rrrrrrrrrrrrGGGgggrrrrrrrrrrrrrGGGGgg;16,000
J17;20,000;0,083;0,083;12,561;17,000;0,000;17,000;rrrrrrrrrrrrGGGgggrrrrrrrrrrrrrGGGGgg;16,000
J17;20,000;0,083;0,083;12,561;17,000;0,000;17,000;rrrrrrrrrrrrGGGgggrrrrrrrrrrrrrGGGGgg;16,000
J17;20,000;0,083;0,083;12,561;17,000;0,000;17,000;rrrrrrrrrrrrGGGgggrrrrrrrrrrrrrGGGGgg;16,000
J17;20,000;0,083;0,083;12,561;17,000;19,401;36,401;rrrrrrrrrrrrGGGgggrrrrrrrrrrrrrGGGGgg;35,401
J17;20,000;0,083;0,083;12,561;17,000;19,401;36,401;rrrrrrrrrrrrGGGgggrrrrrrrrrrrrrGGGGgg;35,401
J17;20,000;0,083;0,083;12,561;17,000;19,401;36,401;rrrrrrrrrrrrGGGgggrrrrrrrrrrrrrGGGGgg;35,401
J17;20,000;0,083;0,083;12,561;17,000;19,401;36,401;rrrrrrrrrrrrGGGgggrrrrrrrrrrrrrGGGGgg;35,401
J17;20,000;0,083;0,083;12,561;17,000;19,401;36,401;rrrrrrrrrrrrGGGgggrrrrrrrrrrrrrGGGGgg;35,401
J17;20,000;0,083;0,083;12,561;17,000;19,401;36,401;rrrrrrrrrrrrGGGgggrrrrrrrrrrrrrGGGGgg;35,401
J17;20,000;0,083;0,083;12,561;17,000;-13,000;4,000;rrrrrrrrrrrrGGGgggrrrrrrrrrrrrrGGGGgg;3,000
J17;21,000;0,000;0,000;12,576;17,000;-13,000;4,000;rrrrrrrrrrrrGGGgggrrrrrrrrrrrrrGGGGgg;2,000
J17;21,000;0,000;0,000;12,576;17,000;-13,000;4,000;rrrrrrrrrrrrGGGgggrrrrrrrrrrrrrGGGGgg;2,000
J17;21,000;0,000;0,000;12,576;17,000;-13,000;4,000;rrrrrrrrrrrrGGGgggrrrrrrrrrrrrrGGGGgg;2,000
J17;21,000;0,000;0,000;12,576;17,000;-13,000;4,000;rrrrrrrrrrrrGGGgggrrrrrrrrrrrrrGGGGgg;2,000
J17;21,000;0,000;0,000;12,576;17,000;-13,000;4,000;rrrrrrrrrrrrGGGgggrrrrrrrrrrrrrGGGGgg;2,000
J17;21,000;0,000;0,000;12,576;17,000;-13,000;4,000;rrrrrrrrrrrrGGGgggrrrrrrrrrrrrrGGGGgg;2,000
J17;21,000;0,000;0,000;12,576;17,000;-13,000;4,000;rrrrrrrrrrrrGGGgggrrrrrrrrrrrrrGGGGgg;2,000
J17;21,000;0,000;0,000;12,576;17,000;-13,000;4,000;rrrrrrrrrrrrGGGgggrrrrrrrrrrrrrGGGGgg;2,000
J17;21,000;0,000;0,000;12,576;17,000;-13,000;4,000;rrrrrrrrrrrrGGGgggrrrrrrrrrrrrrGGGGgg;2,000
J17;21,000;0,000;0,000;12,576;17,000;-11,000;6,000;rrrrrrrrrrrrGGGgggrrrrrrrrrrrrrGGGGgg;4,000
J17;21,000;0,000;0,000;12,576;17,000;-11,000;6,000;rrrrrrrrrrrrGGGgggrrrrrrrrrrrrrGGGGgg;4,000
J17;21,000;0,000;0,000;12,576;17,000;-11,000;6,000;rrrrrrrrrrrrGGGgggrrrrrrrrrrrrrGGGGgg;4,000
J17;21,000;0,000;0,000;12,576;17,000;-11,000;6,000;rrrrrrrrrrrrGGGgggrrrrrrrrrrrrrGGGGgg;4,000
J17;21,000;0,000;0,000;12,576;17,000;-11,000;6,000;rrrrrrrrrrrrGGGgggrrrrrrrrrrrrrGGGGgg;4,000
J17;21,000;0,000;0,000;12,576;17,000;-11,000;6,000;rrrrrrrrrrrrGGGgggrrrrrrrrrrrrrGGGGgg;4,000
J17;21,000;0,000;0,000;12,576;17,000;-12,000;5,000;rrrrrrrrrrrrGGGgggrrrrrrrrrrrrrGGGGgg;3,000
J17;21,000;0,000;0,000;12,511;17,000;-12,000;5,000;rrrrrrrrrrrrGGGgggrrrrrrrrrrrrrGGGGgg;3,000
J17;22,000;0,000;0,000;12,511;17,000;-12,000;5,000;rrrrrrrrrrrrGGGgggrrrrrrrrrrrrrGGGGgg;2,000
J17;22,000;0,000;0,000;12,511;17,000;-12,000;5,000;rrrrrrrrrrrrGGGgggrrrrrrrrrrrrrGGGGgg;2,000
J17;22,000;0,000;0,000;12,511;17,000;-12,000;5,000;rrrrrrrrrrrrGGGgggrrrrrrrrrrrrrGGGGgg;2,000
J17;22,000;0,000;0,000;12,511;17,000;-12,000;5,000;rrrrrrrrrrrrGGGgggrrrrrrrrrrrrrGGGGgg;2,000
J17;22,000;0,000;0,000;12,511;17,000;-12,000;5,000;rrrrrrrrrrrrGGGgggrrrrrrrrrrrrrGGGGgg;2,000
J17;22,000;0,000;0,000;12,511;17,000;-12,000;5,000;rrrrrrrrrrrrGGGgggrrrrrrrrrrrrrGGGGgg;2,000
J17;22,000;0,000;0,000;12,511;17,000;-12,000;5,000;rrrrrrrrrrrrGGGgggrrrrrrrrrrrrrGGGGgg;2,000
J17;22,000;0,000;0,000;12,511;17,000;-12,000;5,000;rrrrrrrrrrrrGGGgggrrrrrrrrrrrrrGGGGgg;2,000
J17;22,000;0,000;0,000;12,511;17,000;-10,000;7,000;rrrrrrrrrrrrGGGgggrrrrrrrrrrrrrGGGGgg;4,000
J17;22,000;0,000;0,000;12,511;17,000;-10,000;7,000;rrrrrrrrrrrrGGGgggrrrrrrrrrrrrrGGGGgg;4,000
J17;22,000;0,000;0,000;12,511;17,000;-10,000;7,000;rrrrrrrrrrrrGGGgggrrrrrrrrrrrrrGGGGgg;4,000
J17;22,000;0,000;0,000;12,511;17,000;-10,000;7,000;rrrrrrrrrrrrGGGgggrrrrrrrrrrrrrGGGGgg;4,000
J17;22,000;0,000;0,000;12,511;17,000;-10,000;7,000;rrrrrrrrrrrrGGGgggrrrrrrrrrrrrrGGGGgg;4,000
J17;22,000;0,000;0,000;12,511;17,000;-11,000;6,000;rrrrrrrrrrrrGGGgggrrrrrrrrrrrrrGGGGgg;3,000
J17;23,000;0,167;0,000;12,242;17,000;-11,000;6,000;rrrrrrrrrrrrGGGgggrrrrrrrrrrrrrGGGGgg;2,000
J17;23,000;0,167;0,000;12,242;17,000;-11,000;6,000;rrrrrrrrrrrrGGGgggrrrrrrrrrrrrrGGGGgg;2,000
J17;23,000;0,167;0,000;12,242;17,000;-11,000;6,000;rrrrrrrrrrrrGGGgggrrrrrrrrrrrrrGGGGgg;2,000
J17;23,000;0,167;0,000;12,242;17,000;-11,000;6,000;rrrrrrrrrrrrGGGgggrrrrrrrrrrrrrGGGGgg;2,000
J17;23,000;0,167;0,000;12,242;17,000;-11,000;6,000;rrrrrrrrrrrrGGGgggrrrrrrrrrrrrrGGGGgg;2,000
J17;23,000;0,167;0,000;12,242;17,000;-11,000;6,000;rrrrrrrrrrrrGGGgggrrrrrrrrrrrrrGGGGgg;2,000
J17;23,000;0,167;0,000;12,242;17,000;-11,000;6,000;rrrrrrrrrrrrGGGgggrrrrrrrrrrrrrGGGGgg;2,000
J17;23,000;0,167;0,000;12,242;17,000;-11,000;6,000;rrrrrrrrrrrrGGGgggrrrrrrrrrrrrrGGGGgg;2,000
J17;23,000;0,167;0,000;12,242;17,000;19,304;36,304;rrrrrrrrrrrrGGGgggrrrrrrrrrrrrrGGGGgg;32,304
J17;23,000;0,167;0,000;12,242;17,000;19,304;36,304;rrrrrrrrrrrrGGGgggrrrrrrrrrrrrrGGGGgg;32,304
J17;23,000;0,167;0,000;12,242;17,000;19,304;36,304;rrrrrrrrrrrrGGGgggrrrrrrrrrrrrrGGGGgg;32,304
J17;23,000;0,167;0,000;12,242;17,000;19,304;36,304;rrrrrrrrrrrrGGGgggrrrrrrrrrrrrrGGGGgg;32,304
J17;23,000;0,167;0,000;12,242;17,000;19,304;36,304;rrrrrrrrrrrrGGGgggrrrrrrrrrrrrrGGGGgg;32,304
J17;23,000;0,167;0,000;12,242;17,000;-10,000;7,000;rrrrrrrrrrrrGGGgggrrrrrrrrrrrrrGGGGgg;3,000
J17;24,000;0,083;0,083;12,391;17,000;-10,000;7,000;rrrrrrrrrrrrGGGgggrrrrrrrrrrrrrGGGGgg;2,000
J17;24,000;0,083;0,083;12,391;17,000;-10,000;7,000;rrrrrrrrrrrrGGGgggrrrrrrrrrrrrrGGGGgg;2,000
J17;24,000;0,083;0,083;12,391;17,000;-10,000;7,000;rrrrrrrrrrrrGGGgggrrrrrrrrrrrrrGGGGgg;2,000
J17;24,000;0,083;0,083;12,391;17,000;-10,000;7,000;rrrrrrrrrrrrGGGgggrrrrrrrrrrrrrGGGGgg;2,000
J17;24,000;0,083;0,083;12,391;2,000;5,000;7,000;rrrrrrrrrrrrrrrrrrrrrrrrrrrrrrrrrrrrr;2,000
J17;24,000;0,083;0,083;12,391;2,000;5,000;7,000;rrrrrrrrrrrrrrrrrrrrrrrrrrrrrrrrrrrrr;2,000
J17;24,000;0,083;0,083;12,391;2,000;5,000;7,000;rrrrrrrrrrrrrrrrrrrrrrrrrrrrrrrrrrrrr;2,000
J17;24,000;0,083;0,083;12,391;2,000;5,000;7,000;rrrrrrrrrrrrrrrrrrrrrrrrrrrrrrrrrrrrr;2,000
J17;24,000;0,083;0,083;12,391;2,000;5,000;7,000;rrrrrrrrrrrrrrrrrrrrrrrrrrrrrrrrrrrrr;2,000
J17;24,000;0,083;0,083;12,391;16,000;0,000;16,000;rrrrrrGGGgggrrrrrrrrrrrrrGGGGggrrrrrr;16,000
J17;24,000;0,083;0,083;12,391;16,000;0,000;16,000;rrrrrrGGGgggrrrrrrrrrrrrrGGGGggrrrrrr;16,000
J17;25,000;0,000;0,000;12,491;16,000;0,000;16,000;rrrrrrGGGgggrrrrrrrrrrrrrGGGGggrrrrrr;15,000
J17;25,000;0,000;0,000;12,491;16,000;0,000;16,000;rrrrrrGGGgggrrrrrrrrrrrrrGGGGggrrrrrr;15,000
J17;25,000;0,000;0,000;12,491;16,000;0,000;16,000;rrrrrrGGGgggrrrrrrrrrrrrrGGGGggrrrrrr;15,000
J17;25,000;0,000;0,000;12,491;16,000;0,000;16,000;rrrrrrGGGgggrrrrrrrrrrrrrGGGGggrrrrrr;15,000
J17;25,000;0,000;0,000;12,491;16,000;0,000;16,000;rrrrrrGGGgggrrrrrrrrrrrrrGGGGggrrrrrr;15,000
J17;25,000;0,000;0,000;12,491;16,000;0,000;16,000;rrrrrrGGGgggrrrrrrrrrrrrrGGGGggrrrrrr;15,000
J17;25,000;0,000;0,000;12,491;16,000;0,000;16,000;rrrrrrGGGgggrrrrrrrrrrrrrGGGGggrrrrrr;15,000
J17;25,000;0,000;0,000;12,491;16,000;0,000;16,000;rrrrrrGGGgggrrrrrrrrrrrrrGGGGggrrrrrr;15,000
J17;25,000;0,000;0,000;12,491;16,000;-11,000;5,000;rrrrrrGGGgggrrrrrrrrrrrrrGGGGggrrrrrr;4,000
J17;25,000;0,000;0,000;12,491;16,000;-11,000;5,000;rrrrrrGGGgggrrrrrrrrrrrrrGGGGggrrrrrr;4,000
J17;25,000;0,000;0,000;12,491;16,000;-11,000;5,000;rrrrrrGGGgggrrrrrrrrrrrrrGGGGggrrrrrr;4,000
J17;25,000;0,000;0,000;12,491;16,000;-11,000;5,000;rrrrrrGGGgggrrrrrrrrrrrrrGGGGggrrrrrr;4,000
J17;25,000;0,000;0,000;12,491;16,000;-11,000;5,000;rrrrrrGGGgggrrrrrrrrrrrrrGGGGggrrrrrr;4,000
J17;25,000;0,000;0,000;12,491;16,000;-11,000;5,000;rrrrrrGGGgggrrrrrrrrrrrrrGGGGggrrrrrr;4,000
J17;25,000;0,000;0,000;12,491;16,000;0,000;16,000;rrrrrrGGGgggrrrrrrrrrrrrrGGGGggrrrrrr;16,000
J17;26,000;0,000;0,000;12,602;16,000;0,000;16,000;rrrrrrGGGgggrrrrrrrrrrrrrGGGGggrrrrrr;15,000
J17;26,000;0,000;0,000;12,602;16,000;0,000;16,000;rrrrrrGGGgggrrrrrrrrrrrrrGGGGggrrrrrr;15,000
J17;26,000;0,000;0,000;12,602;16,000;0,000;16,000;rrrrrrGGGgggrrrrrrrrrrrrrGGGGggrrrrrr;15,000
J17;26,000;0,000;0,000;12,602;16,000;0,000;16,000;rrrrrrGGGgggrrrrrrrrrrrrrGGGGggrrrrrr;15,000
J17;26,000;0,000;0,000;12,602;16,000;0,000;16,000;rrrrrrGGGgggrrrrrrrrrrrrrGGGGggrrrrrr;15,000
J17;26,000;0,000;0,000;12,602;16,000;0,000;16,000;rrrrrrGGGgggrrrrrrrrrrrrrGGGGggrrrrrr;15,000
J17;26,000;0,000;0,000;12,602;16,000;0,000;16,000;rrrrrrGGGgggrrrrrrrrrrrrrGGGGggrrrrrr;15,000
J17;26,000;0,000;0,000;12,602;16,000;0,000;16,000;rrrrrrGGGgggrrrrrrrrrrrrrGGGGggrrrrrr;15,000
J17;26,000;0,000;0,000;12,602;16,000;-11,000;5,000;rrrrrrGGGgggrrrrrrrrrrrrrGGGGggrrrrrr;4,000
J17;26,000;0,000;0,000;12,602;16,000;-11,000;5,000;rrrrrrGGGgggrrrrrrrrrrrrrGGGGggrrrrrr;4,000
J17;26,000;0,000;0,000;12,602;16,000;-11,000;5,000;rrrrrrGGGgggrrrrrrrrrrrrrGGGGggrrrrrr;4,000
J17;26,000;0,000;0,000;12,602;16,000;-11,000;5,000;rrrrrrGGGgggrrrrrrrrrrrrrGGGGggrrrrrr;4,000
J17;26,000;0,000;0,000;12,602;16,000;-11,000;5,000;rrrrrrGGGgggrrrrrrrrrrrrrGGGGggrrrrrr;4,000
J17;26,000;0,000;0,000;12,602;16,000;-11,000;5,000;rrrrrrGGGgggrrrrrrrrrrrrrGGGGggrrrrrr;4,000
J17;26,000;0,000;0,000;12,602;16,000;-11,000;5,000;rrrrrrGGGgggrrrrrrrrrrrrrGGGGggrrrrrr;4,000
J17;26,000;0,000;0,000;12,602;16,000;0,000;16,000;rrrrrrGGGgggrrrrrrrrrrrrrGGGGggrrrrrr;16,000
J17;27,000;0,000;0,000;12,260;16,000;0,000;16,000;rrrrrrGGGgggrrrrrrrrrrrrrGGGGggrrrrrr;15,000
J17;27,000;0,000;0,000;12,260;16,000;0,000;16,000;rrrrrrGGGgggrrrrrrrrrrrrrGGGGggrrrrrr;15,000
J17;27,000;0,000;0,000;12,260;16,000;0,000;16,000;rrrrrrGGGgggrrrrrrrrrrrrrGGGGggrrrrrr;15,000
J17;27,000;0,000;0,000;12,260;16,000;0,000;16,000;rrrrrrGGGgggrrrrrrrrrrrrrGGGGggrrrrrr;15,000
J17;27,000;0,000;0,000;12,260;16,000;0,000;16,000;rrrrrrGGGgggrrrrrrrrrrrrrGGGGggrrrrrr;15,000
J17;27,000;0,000;0,000;12,260;16,000;0,000;16,000;rrrrrrGGGgggrrrrrrrrrrrrrGGGGggrrrrrr;15,000
J17;27,000;0,000;0,000;12,260;16,000;0,000;16,000;rrrrrrGGGgggrrrrrrrrrrrrrGGGGggrrrrrr;15,000
J17;27,000;0,000;0,000;12,260;16,000;0,000;16,000;rrrrrrGGGgggrrrrrrrrrrrrrGGGGggrrrrrr;15,000
J17;27,000;0,000;0,000;12,260;16,000;-11,000;5,000;rrrrrrGGGgggrrrrrrrrrrrrrGGGGggrrrrrr;4,000
J17;27,000;0,000;0,000;12,260;16,000;-11,000;5,000;rrrrrrGGGgggrrrrrrrrrrrrrGGGGggrrrrrr;4,000
J17;27,000;0,000;0,000;12,260;16,000;-11,000;5,000;rrrrrrGGGgggrrrrrrrrrrrrrGGGGggrrrrrr;4,000
J17;27,000;0,000;0,000;12,260;16,000;-11,000;5,000;rrrrrrGGGgggrrrrrrrrrrrrrGGGGggrrrrrr;4,000
J17;27,000;0,000;0,000;12,260;16,000;-11,000;5,000;rrrrrrGGGgggrrrrrrrrrrrrrGGGGggrrrrrr;4,000
J17;27,000;0,000;0,000;12,260;16,000;-11,000;5,000;rrrrrrGGGgggrrrrrrrrrrrrrGGGGggrrrrrr;4,000
J17;27,000;0,000;0,000;12,260;16,000;-11,000;5,000;rrrrrrGGGgggrrrrrrrrrrrrrGGGGggrrrrrr;4,000
J17;27,000;0,000;0,000;12,260;17,000;-7,000;10,000;GGGGggrrrrrrrrrrrrGGGGGggrrrrrrrrrrrr;10,000
J17;28,000;0,000;0,000;12,026;17,000;-7,000;10,000;GGGGggrrrrrrrrrrrrGGGGGggrrrrrrrrrrrr;9,000
J17;28,000;0,000;0,000;12,026;17,000;-7,000;10,000;GGGGggrrrrrrrrrrrrGGGGGggrrrrrrrrrrrr;9,000
J17;28,000;0,000;0,000;12,026;17,000;-7,000;10,000;GGGGggrrrrrrrrrrrrGGGGGggrrrrrrrrrrrr;9,000
J17;28,000;0,000;0,000;12,026;17,000;-7,000;10,000;GGGGggrrrrrrrrrrrrGGGGGggrrrrrrrrrrrr;9,000
J17;28,000;0,000;0,000;12,026;17,000;-7,000;10,000;GGGGggrrrrrrrrrrrrGGGGGggrrrrrrrrrrrr;9,000
J17;28,000;0,000;0,000;12,026;17,000;-7,000;10,000;GGGGggrrrrrrrrrrrrGGGGGggrrrrrrrrrrrr;9,000
J17;28,000;0,000;0,000;12,026;17,000;-7,000;10,000;GGGGggrrrrrrrrrrrrGGGGGggrrrrrrrrrrrr;9,000
J17;28,000;0,000;0,000;12,026;17,000;-12,000;5,000;GGGGggrrrrrrrrrrrrGGGGGggrrrrrrrrrrrr;4,000
J17;28,000;0,000;0,000;12,026;17,000;-12,000;5,000;GGGGggrrrrrrrrrrrrGGGGGggrrrrrrrrrrrr;4,000
J17;28,000;0,000;0,000;12,026;17,000;-12,000;5,000;GGGGggrrrrrrrrrrrrGGGGGggrrrrrrrrrrrr;4,000
J17;28,000;0,000;0,000;12,026;17,000;-12,000;5,000;GGGGggrrrrrrrrrrrrGGGGGggrrrrrrrrrrrr;4,000
J17;28,000;0,000;0,000;12,026;17,000;-12,000;5,000;GGGGggrrrrrrrrrrrrGGGGGggrrrrrrrrrrrr;4,000
J17;28,000;0,000;0,000;12,026;17,000;-12,000;5,000;GGGGggrrrrrrrrrrrrGGGGGggrrrrrrrrrrrr;4,000
J17;28,000;0,000;0,000;12,026;3,000;3,000;6,000;yyyyyyrrrrrrrrrrrryyyyyyyrrrrrrrrrrrr;5,000
J17;28,000;0,000;0,000;12,026;3,000;3,000;6,000;yyyyyyrrrrrrrrrrrryyyyyyyrrrrrrrrrrrr;5,000
J17;28,000;0,083;0,083;11,660;3,000;3,000;6,000;yyyyyyrrrrrrrrrrrryyyyyyyrrrrrrrrrrrr;5,000
J17;29,000;0,083;0,083;11,660;3,000;3,000;6,000;yyyyyyrrrrrrrrrrrryyyyyyyrrrrrrrrrrrr;4,000
J17;29,000;0,083;0,083;11,660;3,000;3,000;6,000;yyyyyyrrrrrrrrrrrryyyyyyyrrrrrrrrrrrr;4,000
J17;29,000;0,083;0,083;11,660;3,000;3,000;6,000;yyyyyyrrrrrrrrrrrryyyyyyyrrrrrrrrrrrr;4,000
J17;29,000;0,083;0,083;11,660;3,000;3,000;6,000;yyyyyyrrrrrrrrrrrryyyyyyyrrrrrrrrrrrr;4,000
J17;29,000;0,083;0,083;11,660;3,000;3,000;6,000;yyyyyyrrrrrrrrrrrryyyyyyyrrrrrrrrrrrr;4,000
J17;29,000;0,083;0,083;11,660;3,000;3,000;6,000;yyyyyyrrrrrrrrrrrryyyyyyyrrrrrrrrrrrr;4,000
J17;29,000;0,083;0,083;11,660;3,000;3,000;6,000;yyyyyyrrrrrrrrrrrryyyyyyyrrrrrrrrrrrr;4,000
J17;29,000;0,083;0,083;11,660;3,000;3,000;6,000;yyyyyyrrrrrrrrrrrryyyyyyyrrrrrrrrrrrr;4,000
J17;29,000;0,083;0,083;11,660;3,000;3,000;6,000;yyyyyyrrrrrrrrrrrryyyyyyyrrrrrrrrrrrr;4,000
J17;29,000;0,083;0,083;11,660;3,000;3,000;6,000;yyyyyyrrrrrrrrrrrryyyyyyyrrrrrrrrrrrr;4,000
J17;29,000;0,083;0,083;11,660;3,000;3,000;6,000;yyyyyyrrrrrrrrrrrryyyyyyyrrrrrrrrrrrr;4,000
J17;29,000;0,083;0,083;11,660;16,000;0,000;16,000;rrrrrrGGGgggrrrrrrrrrrrrrGGGGggrrrrrr;16,000
J17;29,000;0,250;0,167;11,229;16,000;0,000;16,000;rrrrrrGGGgggrrrrrrrrrrrrrGGGGggrrrrrr;16,000
J17;30,000;0,250;0,167;11,229;16,000;0,000;16,000;rrrrrrGGGgggrrrrrrrrrrrrrGGGGggrrrrrr;15,000
J17;30,000;0,250;0,167;11,229;16,000;0,000;16,000;rrrrrrGGGgggrrrrrrrrrrrrrGGGGggrrrrrr;15,000
J17;30,000;0,250;0,167;11,229;16,000;0,000;16,000;rrrrrrGGGgggrrrrrrrrrrrrrGGGGggrrrrrr;15,000
J17;30,000;0,250;0,167;11,229;16,000;0,000;16,000;rrrrrrGGGgggrrrrrrrrrrrrrGGGGggrrrrrr;15,000
J17;30,000;0,250;0,167;11,229;16,000;0,000;16,000;rrrrrrGGGgggrrrrrrrrrrrrrGGGGggrrrrrr;15,000
J17;30,000;0,250;0,167;11,229;16,000;0,000;16,000;rrrrrrGGGgggrrrrrrrrrrrrrGGGGggrrrrrr;15,000
J17;30,000;0,250;0,167;11,229;16,000;0,000;16,000;rrrrrrGGGgggrrrrrrrrrrrrrGGGGggrrrrrr;15,000
J17;30,000;0,250;0,167;11,229;16,000;19,308;35,308;rrrrrrGGGgggrrrrrrrrrrrrrGGGGggrrrrrr;34,308
J17;30,000;0,250;0,167;11,229;16,000;19,308;35,308;rrrrrrGGGgggrrrrrrrrrrrrrGGGGggrrrrrr;34,308
J17;30,000;0,250;0,167;11,229;16,000;19,308;35,308;rrrrrrGGGgggrrrrrrrrrrrrrGGGGggrrrrrr;34,308
J17;30,000;0,250;0,167;11,229;16,000;19,308;35,308;rrrrrrGGGgggrrrrrrrrrrrrrGGGGggrrrrrr;34,308
J17;30,000;0,250;0,167;11,229;17,000;0,000;17,000;GGGGggrrrrrrrrrrrrGGGGGggrrrrrrrrrrrr;17,000
J17;31,000;0,167;0,333;11,277;17,000;0,000;17,000;GGGGggrrrrrrrrrrrrGGGGGggrrrrrrrrrrrr;16,000
J17;31,000;0,167;0,333;11,277;17,000;0,000;17,000;GGGGggrrrrrrrrrrrrGGGGGggrrrrrrrrrrrr;16,000
J17;31,000;0,167;0,333;11,277;17,000;0,000;17,000;GGGGggrrrrrrrrrrrrGGGGGggrrrrrrrrrrrr;16,000
J17;31,000;0,167;0,333;11,277;17,000;0,000;17,000;GGGGggrrrrrrrrrrrrGGGGGggrrrrrrrrrrrr;16,000
J17;31,000;0,167;0,333;11,277;17,000;0,000;17,000;GGGGggrrrrrrrrrrrrGGGGGggrrrrrrrrrrrr;16,000
J17;31,000;0,167;0,333;11,277;17,000;0,000;17,000;GGGGggrrrrrrrrrrrrGGGGGggrrrrrrrrrrrr;16,000
J17;31,000;0,167;0,333;11,277;17,000;0,000;17,000;GGGGggrrrrrrrrrrrrGGGGGggrrrrrrrrrrrr;16,000
J17;31,000;0,167;0,333;11,277;17,000;0,000;17,000;GGGGggrrrrrrrrrrrrGGGGGggrrrrrrrrrrrr;16,000
J17;31,000;0,167;0,333;11,277;17,000;0,000;17,000;GGGGggrrrrrrrrrrrrGGGGGggrrrrrrrrrrrr;16,000
J17;31,000;0,167;0,333;11,277;17,000;0,000;17,000;GGGGggrrrrrrrrrrrrGGGGGggrrrrrrrrrrrr;16,000
J17;31,000;0,167;0,333;11,277;17,000;0,000;17,000;GGGGggrrrrrrrrrrrrGGGGGggrrrrrrrrrrrr;16,000
J17;31,000;0,167;0,333;11,277;3,000;3,000;6,000;yyyyyyrrrrrrrrrrrryyyyyyyrrrrrrrrrrrr;5,000
J17;31,000;0,167;0,333;11,277;3,000;3,000;6,000;yyyyyyrrrrrrrrrrrryyyyyyyrrrrrrrrrrrr;5,000
J17;32,000;0,167;0,500;11,391;3,000;3,000;6,000;yyyyyyrrrrrrrrrrrryyyyyyyrrrrrrrrrrrr;4,000
J17;32,000;0,167;0,500;11,391;3,000;3,000;6,000;yyyyyyrrrrrrrrrrrryyyyyyyrrrrrrrrrrrr;4,000
J17;32,000;0,167;0,500;11,391;3,000;3,000;6,000;yyyyyyrrrrrrrrrrrryyyyyyyrrrrrrrrrrrr;4,000
J17;32,000;0,167;0,500;11,391;3,000;3,000;6,000;yyyyyyrrrrrrrrrrrryyyyyyyrrrrrrrrrrrr;4,000
J17;32,000;0,167;0,500;11,391;3,000;3,000;6,000;yyyyyyrrrrrrrrrrrryyyyyyyrrrrrrrrrrrr;4,000
J17;32,000;0,167;0,500;11,391;3,000;3,000;6,000;yyyyyyrrrrrrrrrrrryyyyyyyrrrrrrrrrrrr;4,000
J17;32,000;0,167;0,500;11,391;3,000;3,000;6,000;yyyyyyrrrrrrrrrrrryyyyyyyrrrrrrrrrrrr;4,000
J17;32,000;0,167;0,500;11,391;3,000;3,000;6,000;yyyyyyrrrrrrrrrrrryyyyyyyrrrrrrrrrrrr;4,000
J17;32,000;0,167;0,500;11,391;3,000;3,000;6,000;yyyyyyrrrrrrrrrrrryyyyyyyrrrrrrrrrrrr;4,000
J17;32,000;0,167;0,500;11,391;2,000;8,000;10,000;rrrrrrrrrrrrrrrrrrrrrrrrrrrrrrrrrrGGG;10,000
J17;32,000;0,083;0,417;12,450;2,000;8,000;10,000;rrrrrrrrrrrrrrrrrrrrrrrrrrrrrrrrrrGGG;10,000
J17;33,000;0,083;0,417;12,450;2,000;8,000;10,000;rrrrrrrrrrrrrrrrrrrrrrrrrrrrrrrrrrGGG;9,000
J17;33,000;0,083;0,417;12,450;2,000;8,000;10,000;rrrrrrrrrrrrrrrrrrrrrrrrrrrrrrrrrrGGG;9,000
J17;33,000;0,083;0,417;12,450;2,000;8,000;10,000;rrrrrrrrrrrrrrrrrrrrrrrrrrrrrrrrrrGGG;9,000
J17;33,000;0,083;0,417;12,450;2,000;8,000;10,000;rrrrrrrrrrrrrrrrrrrrrrrrrrrrrrrrrrGGG;9,000
J17;33,000;0,083;0,417;12,450;2,000;8,000;10,000;rrrrrrrrrrrrrrrrrrrrrrrrrrrrrrrrrrGGG;9,000
J17;33,000;0,083;0,417;12,450;2,000;8,000;10,000;rrrrrrrrrrrrrrrrrrrrrrrrrrrrrrrrrrGGG;9,000
J17;33,000;0,083;0,417;12,450;2,000;8,000;10,000;rrrrrrrrrrrrrrrrrrrrrrrrrrrrrrrrrrGGG;9,000
J17;33,000;0,083;0,417;12,450;2,000;8,000;10,000;rrrrrrrrrrrrrrrrrrrrrrrrrrrrrrrrrrGGG;9,000
J17;33,000;0,083;0,417;12,450;2,000;8,000;10,000;rrrrrrrrrrrrrrrrrrrrrrrrrrrrrrrrrrGGG;9,000
J17;33,000;0,083;0,417;12,450;2,000;8,000;10,000;rrrrrrrrrrrrrrrrrrrrrrrrrrrrrrrrrrGGG;9,000
J17;33,000;0,083;0,417;12,450;16,000;0,000;16,000;rrrrrrGGGgggrrrrrrrrrrrrrGGGGggrrrrrr;16,000
J17;34,000;0,167;0,583;12,430;16,000;0,000;16,000;rrrrrrGGGgggrrrrrrrrrrrrrGGGGggrrrrrr;15,000
J17;34,000;0,167;0,583;12,430;16,000;0,000;16,000;rrrrrrGGGgggrrrrrrrrrrrrrGGGGggrrrrrr;15,000
J17;34,000;0,167;0,583;12,430;16,000;0,000;16,000;rrrrrrGGGgggrrrrrrrrrrrrrGGGGggrrrrrr;15,000
J17;34,000;0,167;0,583;12,430;16,000;0,000;16,000;rrrrrrGGGgggrrrrrrrrrrrrrGGGGggrrrrrr;15,000
J17;34,000;0,167;0,583;12,430;16,000;0,000;16,000;rrrrrrGGGgggrrrrrrrrrrrrrGGGGggrrrrrr;15,000
J17;34,000;0,167;0,583;12,430;16,000;0,000;16,000;rrrrrrGGGgggrrrrrrrrrrrrrGGGGggrrrrrr;15,000
J17;34,000;0,167;0,583;12,430;16,000;0,000;16,000;rrrrrrGGGgggrrrrrrrrrrrrrGGGGggrrrrrr;15,000
J17;34,000;0,167;0,583;12,430;16,000;0,000;16,000;rrrrrrGGGgggrrrrrrrrrrrrrGGGGggrrrrrr;15,000
J17;34,000;0,167;0,583;12,430;16,000;-11,000;5,000;rrrrrrGGGgggrrrrrrrrrrrrrGGGGggrrrrrr;4,000
J17;34,000;0,167;0,583;12,430;16,000;-11,000;5,000;rrrrrrGGGgggrrrrrrrrrrrrrGGGGggrrrrrr;4,000
J17;34,000;0,167;0,583;12,430;16,000;-11,000;5,000;rrrrrrGGGgggrrrrrrrrrrrrrGGGGggrrrrrr;4,000
J17;34,000;0,167;0,583;12,430;16,000;-11,000;5,000;rrrrrrGGGgggrrrrrrrrrrrrrGGGGggrrrrrr;4,000
J17;34,000;0,167;0,583;12,430;16,000;-11,000;5,000;rrrrrrGGGgggrrrrrrrrrrrrrGGGGggrrrrrr;4,000
J17;34,000;0,167;0,583;12,430;16,000;-11,000;5,000;rrrrrrGGGgggrrrrrrrrrrrrrGGGGggrrrrrr;4,000
J17;34,000;0,167;0,583;12,430;16,000;0,000;16,000;rrrrrrGGGgggrrrrrrrrrrrrrGGGGggrrrrrr;16,000
J17;35,000;0,167;0,750;12,610;16,000;0,000;16,000;rrrrrrGGGgggrrrrrrrrrrrrrGGGGggrrrrrr;15,000
J17;35,000;0,167;0,750;12,610;16,000;0,000;16,000;rrrrrrGGGgggrrrrrrrrrrrrrGGGGggrrrrrr;15,000
J17;35,000;0,167;0,750;12,610;16,000;0,000;16,000;rrrrrrGGGgggrrrrrrrrrrrrrGGGGggrrrrrr;15,000
J17;35,000;0,167;0,750;12,610;16,000;0,000;16,000;rrrrrrGGGgggrrrrrrrrrrrrrGGGGggrrrrrr;15,000
J17;35,000;0,167;0,750;12,610;16,000;0,000;16,000;rrrrrrGGGgggrrrrrrrrrrrrrGGGGggrrrrrr;15,000
J17;35,000;0,167;0,750;12,610;16,000;0,000;16,000;rrrrrrGGGgggrrrrrrrrrrrrrGGGGggrrrrrr;15,000
J17;35,000;0,167;0,750;12,610;16,000;0,000;16,000;rrrrrrGGGgggrrrrrrrrrrrrrGGGGggrrrrrr;15,000
J17;35,000;0,167;0,750;12,610;16,000;0,000;16,000;rrrrrrGGGgggrrrrrrrrrrrrrGGGGggrrrrrr;15,000
J17;35,000;0,167;0,750;12,610;16,000;-11,000;5,000;rrrrrrGGGgggrrrrrrrrrrrrrGGGGggrrrrrr;4,000
J17;35,000;0,167;0,750;12,610;16,000;-11,000;5,000;rrrrrrGGGgggrrrrrrrrrrrrrGGGGggrrrrrr;4,000
J17;35,000;0,167;0,750;12,610;16,000;-11,000;5,000;rrrrrrGGGgggrrrrrrrrrrrrrGGGGggrrrrrr;4,000
J17;35,000;0,167;0,750;12,610;16,000;-11,000;5,000;rrrrrrGGGgggrrrrrrrrrrrrrGGGGggrrrrrr;4,000
J17;35,000;0,167;0,750;12,610;16,000;-11,000;5,000;rrrrrrGGGgggrrrrrrrrrrrrrGGGGggrrrrrr;4,000
J17;35,000;0,167;0,750;12,610;16,000;-11,000;5,000;rrrrrrGGGgggrrrrrrrrrrrrrGGGGggrrrrrr;4,000
J17;35,000;0,167;0,750;12,610;16,000;0,000;16,000;rrrrrrGGGgggrrrrrrrrrrrrrGGGGggrrrrrr;16,000
J17;36,000;0,167;0,917;12,750;16,000;0,000;16,000;rrrrrrGGGgggrrrrrrrrrrrrrGGGGggrrrrrr;15,000
J17;36,000;0,167;0,917;12,750;16,000;0,000;16,000;rrrrrrGGGgggrrrrrrrrrrrrrGGGGggrrrrrr;15,000
J17;36,000;0,167;0,917;12,750;16,000;0,000;16,000;rrrrrrGGGgggrrrrrrrrrrrrrGGGGggrrrrrr;15,000
J17;36,000;0,167;0,917;12,750;16,000;0,000;16,000;rrrrrrGGGgggrrrrrrrrrrrrrGGGGggrrrrrr;15,000
J17;36,000;0,167;0,917;12,750;16,000;0,000;16,000;rrrrrrGGGgggrrrrrrrrrrrrrGGGGggrrrrrr;15,000
J17;36,000;0,167;0,917;12,750;16,000;0,000;16,000;rrrrrrGGGgggrrrrrrrrrrrrrGGGGggrrrrrr;15,000
J17;36,000;0,167;0,917;12,750;16,000;0,000;16,000;rrrrrrGGGgggrrrrrrrrrrrrrGGGGggrrrrrr;15,000
J17;36,000;0,167;0,917;12,750;16,000;0,000;16,000;rrrrrrGGGgggrrrrrrrrrrrrrGGGGggrrrrrr;15,000
J17;36,000;0,167;0,917;12,750;16,000;-11,000;5,000;rrrrrrGGGgggrrrrrrrrrrrrrGGGGggrrrrrr;4,000
J17;36,000;0,167;0,917;12,750;16,000;-11,000;5,000;rrrrrrGGGgggrrrrrrrrrrrrrGGGGggrrrrrr;4,000
J17;36,000;0,167;0,917;12,750;16,000;-11,000;5,000;rrrrrrGGGgggrrrrrrrrrrrrrGGGGggrrrrrr;4,000
J17;36,000;0,167;0,917;12,750;16,000;-11,000;5,000;rrrrrrGGGgggrrrrrrrrrrrrrGGGGggrrrrrr;4,000
J17;36,000;0,167;0,917;12,750;16,000;-11,000;5,000;rrrrrrGGGgggrrrrrrrrrrrrrGGGGggrrrrrr;4,000
J17;36,000;0,167;0,917;12,750;16,000;0,000;16,000;rrrrrrGGGgggrrrrrrrrrrrrrGGGGggrrrrrr;16,000
J17;37,000;0,333;1,083;12,243;16,000;0,000;16,000;rrrrrrGGGgggrrrrrrrrrrrrrGGGGggrrrrrr;15,000
J17;37,000;0,333;1,083;12,243;16,000;0,000;16,000;rrrrrrGGGgggrrrrrrrrrrrrrGGGGggrrrrrr;15,000
J17;37,000;0,333;1,083;12,243;16,000;0,000;16,000;rrrrrrGGGgggrrrrrrrrrrrrrGGGGggrrrrrr;15,000
J17;37,000;0,333;1,083;12,243;16,000;0,000;16,000;rrrrrrGGGgggrrrrrrrrrrrrrGGGGggrrrrrr;15,000
J17;37,000;0,333;1,083;12,243;16,000;0,000;16,000;rrrrrrGGGgggrrrrrrrrrrrrrGGGGggrrrrrr;15,000
J17;37,000;0,333;1,083;12,243;16,000;0,000;16,000;rrrrrrGGGgggrrrrrrrrrrrrrGGGGggrrrrrr;15,000
J17;37,000;0,333;1,083;12,243;16,000;0,000;16,000;rrrrrrGGGgggrrrrrrrrrrrrrGGGGggrrrrrr;15,000
J17;37,000;0,333;1,083;12,243;16,000;0,000;16,000;rrrrrrGGGgggrrrrrrrrrrrrrGGGGggrrrrrr;15,000
J17;37,000;0,333;1,083;12,243;16,000;0,000;16,000;rrrrrrGGGgggrrrrrrrrrrrrrGGGGggrrrrrr;15,000
J17;37,000;0,333;1,083;12,243;16,000;19,044;35,044;rrrrrrGGGgggrrrrrrrrrrrrrGGGGggrrrrrr;34,044
J17;37,000;0,333;1,083;12,243;16,000;19,044;35,044;rrrrrrGGGgggrrrrrrrrrrrrrGGGGggrrrrrr;34,044
J17;37,000;0,333;1,083;12,243;16,000;19,044;35,044;rrrrrrGGGgggrrrrrrrrrrrrrGGGGggrrrrrr;34,044
J17;37,000;0,333;1,083;12,243;16,000;19,044;35,044;rrrrrrGGGgggrrrrrrrrrrrrrGGGGggrrrrrr;34,044
J17;37,000;0,333;1,083;12,243;16,000;19,044;35,044;rrrrrrGGGgggrrrrrrrrrrrrrGGGGggrrrrrr;34,044
J17;37,000;0,333;1,083;12,243;16,000;0,000;16,000;rrrrrrGGGgggrrrrrrrrrrrrrGGGGggrrrrrr;16,000
J17;37,000;0,250;1,250;12,303;16,000;0,000;16,000;rrrrrrGGGgggrrrrrrrrrrrrrGGGGggrrrrrr;16,000
J17;38,000;0,167;1,250;12,303;16,000;0,000;16,000;rrrrrrGGGgggrrrrrrrrrrrrrGGGGggrrrrrr;15,000
J17;38,000;0,167;1,250;12,303;16,000;0,000;16,000;rrrrrrGGGgggrrrrrrrrrrrrrGGGGggrrrrrr;15,000
J17;38,000;0,167;1,250;12,303;16,000;0,000;16,000;rrrrrrGGGgggrrrrrrrrrrrrrGGGGggrrrrrr;15,000
J17;38,000;0,167;1,250;12,303;16,000;0,000;16,000;rrrrrrGGGgggrrrrrrrrrrrrrGGGGggrrrrrr;15,000
J17;38,000;0,167;1,250;12,303;16,000;0,000;16,000;rrrrrrGGGgggrrrrrrrrrrrrrGGGGggrrrrrr;15,000
J17;38,000;0,167;1,250;12,303;16,000;0,000;16,000;rrrrrrGGGgggrrrrrrrrrrrrrGGGGggrrrrrr;15,000
J17;38,000;0,167;1,250;12,303;16,000;0,000;16,000;rrrrrrGGGgggrrrrrrrrrrrrrGGGGggrrrrrr;15,000
J17;38,000;0,167;1,250;12,303;16,000;0,000;16,000;rrrrrrGGGgggrrrrrrrrrrrrrGGGGggrrrrrr;15,000
J17;38,000;0,167;1,250;12,303;16,000;0,000;16,000;rrrrrrGGGgggrrrrrrrrrrrrrGGGGggrrrrrr;15,000
J17;38,000;0,167;1,250;12,303;16,000;-11,000;5,000;rrrrrrGGGgggrrrrrrrrrrrrrGGGGggrrrrrr;4,000
J17;38,000;0,167;1,250;12,303;16,000;-11,000;5,000;rrrrrrGGGgggrrrrrrrrrrrrrGGGGggrrrrrr;4,000
J17;38,000;0,167;1,250;12,303;16,000;-11,000;5,000;rrrrrrGGGgggrrrrrrrrrrrrrGGGGggrrrrrr;4,000
J17;38,000;0,167;1,250;12,303;16,000;-11,000;5,000;rrrrrrGGGgggrrrrrrrrrrrrrGGGGggrrrrrr;4,000
J17;38,000;0,167;1,250;12,303;16,000;-11,000;5,000;rrrrrrGGGgggrrrrrrrrrrrrrGGGGggrrrrrr;4,000
J17;38,000;0,167;1,250;12,303;16,000;0,000;16,000;rrrrrrGGGgggrrrrrrrrrrrrrGGGGggrrrrrr;16,000
J17;39,000;0,250;1,500;12,418;16,000;0,000;16,000;rrrrrrGGGgggrrrrrrrrrrrrrGGGGggrrrrrr;15,000
J17;39,000;0,250;1,500;12,418;16,000;0,000;16,000;rrrrrrGGGgggrrrrrrrrrrrrrGGGGggrrrrrr;15,000
J17;39,000;0,250;1,500;12,418;16,000;0,000;16,000;rrrrrrGGGgggrrrrrrrrrrrrrGGGGggrrrrrr;15,000
J17;39,000;0,250;1,500;12,418;16,000;0,000;16,000;rrrrrrGGGgggrrrrrrrrrrrrrGGGGggrrrrrr;15,000
J17;39,000;0,250;1,500;12,418;16,000;0,000;16,000;rrrrrrGGGgggrrrrrrrrrrrrrGGGGggrrrrrr;15,000
J17;39,000;0,250;1,500;12,418;16,000;0,000;16,000;rrrrrrGGGgggrrrrrrrrrrrrrGGGGggrrrrrr;15,000
J17;39,000;0,250;1,500;12,418;16,000;0,000;16,000;rrrrrrGGGgggrrrrrrrrrrrrrGGGGggrrrrrr;15,000
J17;39,000;0,250;1,500;12,418;16,000;0,000;16,000;rrrrrrGGGgggrrrrrrrrrrrrrGGGGggrrrrrr;15,000
J17;39,000;0,250;1,500;12,418;16,000;-11,000;5,000;rrrrrrGGGgggrrrrrrrrrrrrrGGGGggrrrrrr;4,000
J17;39,000;0,250;1,500;12,418;16,000;-11,000;5,000;rrrrrrGGGgggrrrrrrrrrrrrrGGGGggrrrrrr;4,000
J17;39,000;0,250;1,500;12,418;16,000;-11,000;5,000;rrrrrrGGGgggrrrrrrrrrrrrrGGGGggrrrrrr;4,000
J17;39,000;0,250;1,500;12,418;16,000;-11,000;5,000;rrrrrrGGGgggrrrrrrrrrrrrrGGGGggrrrrrr;4,000
J17;39,000;0,250;1,500;12,418;16,000;-11,000;5,000;rrrrrrGGGgggrrrrrrrrrrrrrGGGGggrrrrrr;4,000
J17;39,000;0,250;1,500;12,418;16,000;0,000;16,000;rrrrrrGGGgggrrrrrrrrrrrrrGGGGggrrrrrr;16,000
J17;40,000;0,250;1,750;12,520;16,000;0,000;16,000;rrrrrrGGGgggrrrrrrrrrrrrrGGGGggrrrrrr;15,000
J17;40,000;0,250;1,750;12,520;16,000;0,000;16,000;rrrrrrGGGgggrrrrrrrrrrrrrGGGGggrrrrrr;15,000
J17;40,000;0,250;1,750;12,520;16,000;0,000;16,000;rrrrrrGGGgggrrrrrrrrrrrrrGGGGggrrrrrr;15,000
J17;40,000;0,250;1,750;12,520;16,000;0,000;16,000;rrrrrrGGGgggrrrrrrrrrrrrrGGGGggrrrrrr;15,000
J17;40,000;0,250;1,750;12,520;16,000;0,000;16,000;rrrrrrGGGgggrrrrrrrrrrrrrGGGGggrrrrrr;15,000
J17;40,000;0,250;1,750;12,520;16,000;0,000;16,000;rrrrrrGGGgggrrrrrrrrrrrrrGGGGggrrrrrr;15,000
J17;40,000;0,250;1,750;12,520;16,000;0,000;16,000;rrrrrrGGGgggrrrrrrrrrrrrrGGGGggrrrrrr;15,000
J17;40,000;0,250;1,750;12,520;16,000;0,000;16,000;rrrrrrGGGgggrrrrrrrrrrrrrGGGGggrrrrrr;15,000
J17;40,000;0,250;1,750;12,520;16,000;0,000;16,000;rrrrrrGGGgggrrrrrrrrrrrrrGGGGggrrrrrr;15,000
J17;40,000;0,250;1,750;12,520;16,000;0,000;16,000;rrrrrrGGGgggrrrrrrrrrrrrrGGGGggrrrrrr;15,000
J17;40,000;0,250;1,750;12,520;16,000;-11,000;5,000;rrrrrrGGGgggrrrrrrrrrrrrrGGGGggrrrrrr;4,000
J17;40,000;0,250;1,750;12,520;16,000;-11,000;5,000;rrrrrrGGGgggrrrrrrrrrrrrrGGGGggrrrrrr;4,000
J17;40,000;0,250;1,750;12,520;16,000;-11,000;5,000;rrrrrrGGGgggrrrrrrrrrrrrrGGGGggrrrrrr;4,000
J17;40,000;0,250;1,750;12,520;16,000;-11,000;5,000;rrrrrrGGGgggrrrrrrrrrrrrrGGGGggrrrrrr;4,000
J17;40,000;0,250;1,750;12,520;16,000;-11,000;5,000;rrrrrrGGGgggrrrrrrrrrrrrrGGGGggrrrrrr;4,000
J17;40,000;0,250;1,750;12,520;16,000;0,000;16,000;rrrrrrGGGgggrrrrrrrrrrrrrGGGGggrrrrrr;16,000
J17;40,000;0,250;2,000;12,315;16,000;0,000;16,000;rrrrrrGGGgggrrrrrrrrrrrrrGGGGggrrrrrr;16,000
J17;41,000;0,250;2,000;12,315;16,000;0,000;16,000;rrrrrrGGGgggrrrrrrrrrrrrrGGGGggrrrrrr;15,000
J17;41,000;0,250;2,000;12,315;16,000;0,000;16,000;rrrrrrGGGgggrrrrrrrrrrrrrGGGGggrrrrrr;15,000
J17;41,000;0,250;2,000;12,315;16,000;0,000;16,000;rrrrrrGGGgggrrrrrrrrrrrrrGGGGggrrrrrr;15,000
J17;41,000;0,250;2,000;12,315;16,000;0,000;16,000;rrrrrrGGGgggrrrrrrrrrrrrrGGGGggrrrrrr;15,000
J17;41,000;0,250;2,000;12,315;16,000;0,000;16,000;rrrrrrGGGgggrrrrrrrrrrrrrGGGGggrrrrrr;15,000
J17;41,000;0,250;2,000;12,315;16,000;0,000;16,000;rrrrrrGGGgggrrrrrrrrrrrrrGGGGggrrrrrr;15,000
J17;41,000;0,250;2,000;12,315;16,000;0,000;16,000;rrrrrrGGGgggrrrrrrrrrrrrrGGGGggrrrrrr;15,000
J17;41,000;0,250;2,000;12,315;16,000;0,000;16,000;rrrrrrGGGgggrrrrrrrrrrrrrGGGGggrrrrrr;15,000
J17;41,000;0,250;2,000;12,315;16,000;0,000;16,000;rrrrrrGGGgggrrrrrrrrrrrrrGGGGggrrrrrr;15,000
J17;41,000;0,250;2,000;12,315;16,000;-11,000;5,000;rrrrrrGGGgggrrrrrrrrrrrrrGGGGggrrrrrr;4,000
J17;41,000;0,250;2,000;12,315;16,000;-11,000;5,000;rrrrrrGGGgggrrrrrrrrrrrrrGGGGggrrrrrr;4,000
J17;41,000;0,250;2,000;12,315;16,000;-11,000;5,000;rrrrrrGGGgggrrrrrrrrrrrrrGGGGggrrrrrr;4,000
J17;41,000;0,250;2,000;12,315;16,000;-11,000;5,000;rrrrrrGGGgggrrrrrrrrrrrrrGGGGggrrrrrr;4,000
J17;41,000;0,250;2,000;12,315;3,000;2,000;5,000;rrrrrryyyyyyrrrrrrrrrrrrryyyyyyrrrrrr;4,000
J17;42,000;0,250;2,250;12,199;3,000;2,000;5,000;rrrrrryyyyyyrrrrrrrrrrrrryyyyyyrrrrrr;3,000
J17;42,000;0,250;2,250;12,199;3,000;2,000;5,000;rrrrrryyyyyyrrrrrrrrrrrrryyyyyyrrrrrr;3,000
J17;42,000;0,250;2,250;12,199;3,000;2,000;5,000;rrrrrryyyyyyrrrrrrrrrrrrryyyyyyrrrrrr;3,000
J17;42,000;0,250;2,250;12,199;3,000;2,000;5,000;rrrrrryyyyyyrrrrrrrrrrrrryyyyyyrrrrrr;3,000
J17;42,000;0,250;2,250;12,199;3,000;2,000;5,000;rrrrrryyyyyyrrrrrrrrrrrrryyyyyyrrrrrr;3,000
J17;42,000;0,250;2,250;12,199;3,000;2,000;5,000;rrrrrryyyyyyrrrrrrrrrrrrryyyyyyrrrrrr;3,000
J17;42,000;0,250;2,250;12,199;3,000;2,000;5,000;rrrrrryyyyyyrrrrrrrrrrrrryyyyyyrrrrrr;3,000
J17;42,000;0,250;2,250;12,199;3,000;2,000;5,000;rrrrrryyyyyyrrrrrrrrrrrrryyyyyyrrrrrr;3,000
J17;42,000;0,250;2,250;12,199;3,000;2,000;5,000;rrrrrryyyyyyrrrrrrrrrrrrryyyyyyrrrrrr;3,000
J17;43,000;0,250;2,500;11,971;3,000;2,000;5,000;rrrrrryyyyyyrrrrrrrrrrrrryyyyyyrrrrrr;2,000
J17;43,000;0,250;2,500;11,971;3,000;2,000;5,000;rrrrrryyyyyyrrrrrrrrrrrrryyyyyyrrrrrr;2,000
J17;43,000;0,250;2,500;11,971;3,000;2,000;5,000;rrrrrryyyyyyrrrrrrrrrrrrryyyyyyrrrrrr;2,000
J17;43,000;0,250;2,500;11,971;3,000;2,000;5,000;rrrrrryyyyyyrrrrrrrrrrrrryyyyyyrrrrrr;2,000
J17;43,000;0,250;2,500;11,971;3,000;2,000;5,000;rrrrrryyyyyyrrrrrrrrrrrrryyyyyyrrrrrr;2,000
J17;43,000;0,250;2,500;11,971;3,000;2,000;5,000;rrrrrryyyyyyrrrrrrrrrrrrryyyyyyrrrrrr;2,000
J17;43,000;0,250;2,500;11,971;3,000;2,000;5,000;rrrrrryyyyyyrrrrrrrrrrrrryyyyyyrrrrrr;2,000
J17;43,000;0,250;2,500;11,971;3,000;2,000;5,000;rrrrrryyyyyyrrrrrrrrrrrrryyyyyyrrrrrr;2,000
J17;43,000;0,250;2,500;11,971;3,000;2,000;5,000;rrrrrryyyyyyrrrrrrrrrrrrryyyyyyrrrrrr;2,000
J17;43,000;0,250;2,500;11,971;3,000;2,000;5,000;rrrrrryyyyyyrrrrrrrrrrrrryyyyyyrrrrrr;2,000
J17;43,000;0,250;2,500;11,971;3,000;2,000;5,000;rrrrrryyyyyyrrrrrrrrrrrrryyyyyyrrrrrr;2,000
J17;44,000;0,250;2,750;11,379;3,000;2,000;5,000;rrrrrryyyyyyrrrrrrrrrrrrryyyyyyrrrrrr;1,000
J17;44,000;0,250;2,750;11,379;3,000;2,000;5,000;rrrrrryyyyyyrrrrrrrrrrrrryyyyyyrrrrrr;1,000
J17;44,000;0,250;2,750;11,379;3,000;2,000;5,000;rrrrrryyyyyyrrrrrrrrrrrrryyyyyyrrrrrr;1,000
J17;44,000;0,250;2,750;11,379;3,000;2,000;5,000;rrrrrryyyyyyrrrrrrrrrrrrryyyyyyrrrrrr;1,000
J17;44,000;0,250;2,750;11,379;3,000;2,000;5,000;rrrrrryyyyyyrrrrrrrrrrrrryyyyyyrrrrrr;1,000
J17;44,000;0,250;2,750;11,379;3,000;2,000;5,000;rrrrrryyyyyyrrrrrrrrrrrrryyyyyyrrrrrr;1,000
J17;44,000;0,250;2,750;11,379;3,000;2,000;5,000;rrrrrryyyyyyrrrrrrrrrrrrryyyyyyrrrrrr;1,000
J17;44,000;0,250;2,750;11,379;3,000;2,000;5,000;rrrrrryyyyyyrrrrrrrrrrrrryyyyyyrrrrrr;1,000
J17;44,000;0,250;2,750;11,379;3,000;2,000;5,000;rrrrrryyyyyyrrrrrrrrrrrrryyyyyyrrrrrr;1,000
J17;45,000;0,417;3,000;10,824;3,000;2,000;5,000;rrrrrryyyyyyrrrrrrrrrrrrryyyyyyrrrrrr;0,000
J17;45,000;0,417;3,000;10,824;3,000;2,000;5,000;rrrrrryyyyyyrrrrrrrrrrrrryyyyyyrrrrrr;0,000
J17;45,000;0,417;3,000;10,824;3,000;2,000;5,000;rrrrrryyyyyyrrrrrrrrrrrrryyyyyyrrrrrr;0,000
J17;45,000;0,417;3,000;10,824;3,000;2,000;5,000;rrrrrryyyyyyrrrrrrrrrrrrryyyyyyrrrrrr;0,000
J17;45,000;0,417;3,000;10,824;1,000;6,000;7,000;rrrrrrrrrrrrrrrrrrrrrrrrrrrrrrrrrrrrr;2,000
J17;45,000;0,417;3,000;10,824;1,000;6,000;7,000;rrrrrrrrrrrrrrrrrrrrrrrrrrrrrrrrrrrrr;2,000
J17;45,000;0,417;3,000;10,824;1,000;6,000;7,000;rrrrrrrrrrrrrrrrrrrrrrrrrrrrrrrrrrrrr;2,000
J17;45,000;0,417;3,000;10,824;1,000;21,000;22,000;rrrrrrrrrrrrrrrrrrrrrrrrrrrrrrrrrrrrr;17,000
J17;46,000;0,167;1,750;10,945;17,000;0,000;17,000;rrrrrrrrrrrrGGGgggrrrrrrrrrrrrrGGGGgg;16,000
J17;46,000;0,167;1,750;10,945;17,000;0,000;17,000;rrrrrrrrrrrrGGGgggrrrrrrrrrrrrrGGGGgg;16,000
J17;46,000;0,167;1,750;10,945;17,000;0,000;17,000;rrrrrrrrrrrrGGGgggrrrrrrrrrrrrrGGGGgg;16,000
J17;46,000;0,167;1,750;10,945;17,000;0,000;17,000;rrrrrrrrrrrrGGGgggrrrrrrrrrrrrrGGGGgg;16,000
J17;46,000;0,167;1,750;10,945;17,000;0,000;17,000;rrrrrrrrrrrrGGGgggrrrrrrrrrrrrrGGGGgg;16,000
J17;46,000;0,167;1,750;10,945;17,000;0,000;17,000;rrrrrrrrrrrrGGGgggrrrrrrrrrrrrrGGGGgg;16,000
J17;46,000;0,167;1,750;10,945;17,000;0,000;17,000;rrrrrrrrrrrrGGGgggrrrrrrrrrrrrrGGGGgg;16,000
J17;46,000;0,167;1,750;10,945;17,000;0,000;17,000;rrrrrrrrrrrrGGGgggrrrrrrrrrrrrrGGGGgg;16,000
J17;46,000;0,167;1,750;10,945;17,000;0,000;17,000;rrrrrrrrrrrrGGGgggrrrrrrrrrrrrrGGGGgg;16,000
J17;46,000;0,167;1,750;10,945;17,000;16,303;33,303;rrrrrrrrrrrrGGGgggrrrrrrrrrrrrrGGGGgg;32,303
J17;46,000;0,167;1,750;10,945;17,000;16,303;33,303;rrrrrrrrrrrrGGGgggrrrrrrrrrrrrrGGGGgg;32,303
J17;46,000;0,167;1,750;10,945;17,000;16,303;33,303;rrrrrrrrrrrrGGGgggrrrrrrrrrrrrrGGGGgg;32,303
J17;46,000;0,167;1,750;10,945;17,000;16,303;33,303;rrrrrrrrrrrrGGGgggrrrrrrrrrrrrrGGGGgg;32,303
J17;46,000;0,167;1,750;10,945;17,000;16,303;33,303;rrrrrrrrrrrrGGGgggrrrrrrrrrrrrrGGGGgg;32,303
J17;47,000;0,250;0,917;11,155;17,000;-13,000;4,000;rrrrrrrrrrrrGGGgggrrrrrrrrrrrrrGGGGgg;2,000
J17;47,000;0,250;0,917;11,155;17,000;-13,000;4,000;rrrrrrrrrrrrGGGgggrrrrrrrrrrrrrGGGGgg;2,000
J17;47,000;0,250;0,917;11,155;17,000;-13,000;4,000;rrrrrrrrrrrrGGGgggrrrrrrrrrrrrrGGGGgg;2,000
J17;47,000;0,250;0,917;11,155;17,000;-13,000;4,000;rrrrrrrrrrrrGGGgggrrrrrrrrrrrrrGGGGgg;2,000
J17;47,000;0,250;0,917;11,155;17,000;-13,000;4,000;rrrrrrrrrrrrGGGgggrrrrrrrrrrrrrGGGGgg;2,000
J17;47,000;0,250;0,917;11,155;17,000;-12,000;5,000;rrrrrrrrrrrrGGGgggrrrrrrrrrrrrrGGGGgg;3,000
J17;47,000;0,250;0,917;11,155;17,000;-12,000;5,000;rrrrrrrrrrrrGGGgggrrrrrrrrrrrrrGGGGgg;3,000
J17;47,000;0,250;0,917;11,155;17,000;-12,000;5,000;rrrrrrrrrrrrGGGgggrrrrrrrrrrrrrGGGGgg;3,000
J17;47,000;0,167;0,333;11,276;3,000;3,000;6,000;rrrrrrrrrrrryyyyyyrrrrrrrrrrrrryyyyyy;4,000
J17;48,000;0,167;0,333;11,276;3,000;3,000;6,000;rrrrrrrrrrrryyyyyyrrrrrrrrrrrrryyyyyy;3,000
J17;48,000;0,167;0,333;11,276;3,000;3,000;6,000;rrrrrrrrrrrryyyyyyrrrrrrrrrrrrryyyyyy;3,000
J17;48,000;0,167;0,333;11,276;3,000;3,000;6,000;rrrrrrrrrrrryyyyyyrrrrrrrrrrrrryyyyyy;3,000
J17;48,000;0,167;0,333;11,276;3,000;3,000;6,000;rrrrrrrrrrrryyyyyyrrrrrrrrrrrrryyyyyy;3,000
J17;48,000;0,167;0,333;11,276;3,000;3,000;6,000;rrrrrrrrrrrryyyyyyrrrrrrrrrrrrryyyyyy;3,000
J17;48,000;0,167;0,333;11,276;3,000;3,000;6,000;rrrrrrrrrrrryyyyyyrrrrrrrrrrrrryyyyyy;3,000
J17;48,000;0,167;0,333;11,276;3,000;3,000;6,000;rrrrrrrrrrrryyyyyyrrrrrrrrrrrrryyyyyy;3,000
J17;48,000;0,167;0,333;11,276;3,000;3,000;6,000;rrrrrrrrrrrryyyyyyrrrrrrrrrrrrryyyyyy;3,000
J17;48,000;0,167;0,333;11,276;3,000;3,000;6,000;rrrrrrrrrrrryyyyyyrrrrrrrrrrrrryyyyyy;3,000
J17;48,000;0,167;0,333;11,276;3,000;3,000;6,000;rrrrrrrrrrrryyyyyyrrrrrrrrrrrrryyyyyy;3,000
J17;49,000;0,083;0,250;11,171;3,000;3,000;6,000;rrrrrrrrrrrryyyyyyrrrrrrrrrrrrryyyyyy;2,000
J17;49,000;0,083;0,250;11,171;3,000;3,000;6,000;rrrrrrrrrrrryyyyyyrrrrrrrrrrrrryyyyyy;2,000
J17;49,000;0,083;0,250;11,171;3,000;3,000;6,000;rrrrrrrrrrrryyyyyyrrrrrrrrrrrrryyyyyy;2,000
J17;49,000;0,083;0,250;11,171;3,000;3,000;6,000;rrrrrrrrrrrryyyyyyrrrrrrrrrrrrryyyyyy;2,000
J17;49,000;0,083;0,250;11,171;3,000;3,000;6,000;rrrrrrrrrrrryyyyyyrrrrrrrrrrrrryyyyyy;2,000
J17;49,000;0,083;0,250;11,171;3,000;3,000;6,000;rrrrrrrrrrrryyyyyyrrrrrrrrrrrrryyyyyy;2,000
J17;49,000;0,083;0,250;11,171;3,000;3,000;6,000;rrrrrrrrrrrryyyyyyrrrrrrrrrrrrryyyyyy;2,000
J17;49,000;0,083;0,250;11,171;3,000;3,000;6,000;rrrrrrrrrrrryyyyyyrrrrrrrrrrrrryyyyyy;2,000
J17;49,000;0,083;0,250;11,171;3,000;3,000;6,000;rrrrrrrrrrrryyyyyyrrrrrrrrrrrrryyyyyy;2,000
J17;49,000;0,083;0,250;11,171;3,000;3,000;6,000;rrrrrrrrrrrryyyyyyrrrrrrrrrrrrryyyyyy;2,000
J17;50,000;0,083;0,333;11,448;3,000;3,000;6,000;rrrrrrrrrrrryyyyyyrrrrrrrrrrrrryyyyyy;1,000
J17;50,000;0,083;0,333;11,448;3,000;3,000;6,000;rrrrrrrrrrrryyyyyyrrrrrrrrrrrrryyyyyy;1,000
J17;50,000;0,083;0,333;11,448;3,000;3,000;6,000;rrrrrrrrrrrryyyyyyrrrrrrrrrrrrryyyyyy;1,000
J17;50,000;0,083;0,333;11,448;3,000;3,000;6,000;rrrrrrrrrrrryyyyyyrrrrrrrrrrrrryyyyyy;1,000
J17;50,000;0,083;0,333;11,448;3,000;3,000;6,000;rrrrrrrrrrrryyyyyyrrrrrrrrrrrrryyyyyy;1,000
J17;50,000;0,083;0,333;11,448;3,000;3,000;6,000;rrrrrrrrrrrryyyyyyrrrrrrrrrrrrryyyyyy;1,000
J17;50,000;0,083;0,333;11,448;3,000;3,000;6,000;rrrrrrrrrrrryyyyyyrrrrrrrrrrrrryyyyyy;1,000
J17;50,000;0,083;0,333;11,448;3,000;3,000;6,000;rrrrrrrrrrrryyyyyyrrrrrrrrrrrrryyyyyy;1,000
J17;50,000;0,083;0,333;11,448;3,000;3,000;6,000;rrrrrrrrrrrryyyyyyrrrrrrrrrrrrryyyyyy;1,000
J17;50,000;0,083;0,333;11,448;3,000;3,000;6,000;rrrrrrrrrrrryyyyyyrrrrrrrrrrrrryyyyyy;1,000
J17;50,000;0,083;0,333;11,448;3,000;3,000;6,000;rrrrrrrrrrrryyyyyyrrrrrrrrrrrrryyyyyy;1,000
J17;51,000;0,083;0,417;11,158;3,000;3,000;6,000;rrrrrrrrrrrryyyyyyrrrrrrrrrrrrryyyyyy;0,000
J17;51,000;0,083;0,417;11,158;3,000;3,000;6,000;rrrrrrrrrrrryyyyyyrrrrrrrrrrrrryyyyyy;0,000
J17;51,000;0,083;0,417;11,158;3,000;3,000;6,000;rrrrrrrrrrrryyyyyyrrrrrrrrrrrrryyyyyy;0,000
J17;51,000;0,083;0,417;11,158;3,000;3,000;6,000;rrrrrrrrrrrryyyyyyrrrrrrrrrrrrryyyyyy;0,000
J17;51,000;0,083;0,417;11,158;3,000;3,000;6,000;rrrrrrrrrrrryyyyyyrrrrrrrrrrrrryyyyyy;0,000
J17;51,000;0,083;0,417;11,158;3,000;3,000;6,000;rrrrrrrrrrrryyyyyyrrrrrrrrrrrrryyyyyy;0,000
J17;51,000;0,083;0,417;11,158;3,000;3,000;6,000;rrrrrrrrrrrryyyyyyrrrrrrrrrrrrryyyyyy;0,000
J17;51,000;0,083;0,417;11,158;3,000;3,000;6,000;rrrrrrrrrrrryyyyyyrrrrrrrrrrrrryyyyyy;0,000
J17;51,000;0,083;0,417;11,158;3,000;3,000;6,000;rrrrrrrrrrrryyyyyyrrrrrrrrrrrrryyyyyy;0,000
J17;51,000;0,083;0,417;11,158;3,000;3,000;6,000;rrrrrrrrrrrryyyyyyrrrrrrrrrrrrryyyyyy;0,000
J17;51,000;0,083;0,417;11,158;3,000;3,000;6,000;rrrrrrrrrrrryyyyyyrrrrrrrrrrrrryyyyyy;0,000
J17;51,000;0,083;0,417;11,158;17,000;0,000;17,000;GGGGggrrrrrrrrrrrrGGGGGggrrrrrrrrrrrr;17,000
J17;52,000;0,250;0,083;11,131;17,000;0,000;17,000;GGGGggrrrrrrrrrrrrGGGGGggrrrrrrrrrrrr;16,000
J17;52,000;0,250;0,083;11,131;17,000;0,000;17,000;GGGGggrrrrrrrrrrrrGGGGGggrrrrrrrrrrrr;16,000
J17;52,000;0,250;0,083;11,131;17,000;0,000;17,000;GGGGggrrrrrrrrrrrrGGGGGggrrrrrrrrrrrr;16,000
J17;52,000;0,250;0,083;11,131;17,000;0,000;17,000;GGGGggrrrrrrrrrrrrGGGGGggrrrrrrrrrrrr;16,000
J17;52,000;0,250;0,083;11,131;17,000;0,000;17,000;GGGGggrrrrrrrrrrrrGGGGGggrrrrrrrrrrrr;16,000
J17;52,000;0,250;0,083;11,131;17,000;0,000;17,000;GGGGggrrrrrrrrrrrrGGGGGggrrrrrrrrrrrr;16,000
J17;52,000;0,250;0,083;11,131;17,000;0,000;17,000;GGGGggrrrrrrrrrrrrGGGGGggrrrrrrrrrrrr;16,000
J17;52,000;0,250;0,083;11,131;17,000;0,000;17,000;GGGGggrrrrrrrrrrrrGGGGGggrrrrrrrrrrrr;16,000
J17;52,000;0,250;0,083;11,131;17,000;-12,000;5,000;GGGGggrrrrrrrrrrrrGGGGGggrrrrrrrrrrrr;4,000
J17;52,000;0,250;0,083;11,131;17,000;-12,000;5,000;GGGGggrrrrrrrrrrrrGGGGGggrrrrrrrrrrrr;4,000
J17;52,000;0,250;0,083;11,131;17,000;-12,000;5,000;GGGGggrrrrrrrrrrrrGGGGGggrrrrrrrrrrrr;4,000
J17;52,000;0,250;0,083;11,131;17,000;-12,000;5,000;GGGGggrrrrrrrrrrrrGGGGGggrrrrrrrrrrrr;4,000
J17;52,000;0,167;0,250;11,197;3,000;2,000;5,000;yyyyyyrrrrrrrrrrrryyyyyyyrrrrrrrrrrrr;4,000
J17;53,000;0,167;0,250;11,197;3,000;2,000;5,000;yyyyyyrrrrrrrrrrrryyyyyyyrrrrrrrrrrrr;3,000
J17;53,000;0,167;0,250;11,197;3,000;2,000;5,000;yyyyyyrrrrrrrrrrrryyyyyyyrrrrrrrrrrrr;3,000
J17;53,000;0,167;0,250;11,197;3,000;2,000;5,000;yyyyyyrrrrrrrrrrrryyyyyyyrrrrrrrrrrrr;3,000
J17;53,000;0,167;0,250;11,197;3,000;2,000;5,000;yyyyyyrrrrrrrrrrrryyyyyyyrrrrrrrrrrrr;3,000
J17;53,000;0,167;0,250;11,197;3,000;2,000;5,000;yyyyyyrrrrrrrrrrrryyyyyyyrrrrrrrrrrrr;3,000
J17;53,000;0,167;0,250;11,197;3,000;2,000;5,000;yyyyyyrrrrrrrrrrrryyyyyyyrrrrrrrrrrrr;3,000
J17;53,000;0,167;0,250;11,197;3,000;2,000;5,000;yyyyyyrrrrrrrrrrrryyyyyyyrrrrrrrrrrrr;3,000
J17;53,000;0,167;0,250;11,197;3,000;2,000;5,000;yyyyyyrrrrrrrrrrrryyyyyyyrrrrrrrrrrrr;3,000
J17;53,000;0,167;0,250;11,197;3,000;2,000;5,000;yyyyyyrrrrrrrrrrrryyyyyyyrrrrrrrrrrrr;3,000
J17;54,000;0,250;0,500;11,215;3,000;2,000;5,000;yyyyyyrrrrrrrrrrrryyyyyyyrrrrrrrrrrrr;2,000
J17;54,000;0,250;0,500;11,215;3,000;2,000;5,000;yyyyyyrrrrrrrrrrrryyyyyyyrrrrrrrrrrrr;2,000
J17;54,000;0,250;0,500;11,215;3,000;2,000;5,000;yyyyyyrrrrrrrrrrrryyyyyyyrrrrrrrrrrrr;2,000
J17;54,000;0,250;0,500;11,215;3,000;2,000;5,000;yyyyyyrrrrrrrrrrrryyyyyyyrrrrrrrrrrrr;2,000
J17;54,000;0,250;0,500;11,215;3,000;2,000;5,000;yyyyyyrrrrrrrrrrrryyyyyyyrrrrrrrrrrrr;2,000
J17;54,000;0,250;0,500;11,215;3,000;2,000;5,000;yyyyyyrrrrrrrrrrrryyyyyyyrrrrrrrrrrrr;2,000
J17;54,000;0,250;0,500;11,215;3,000;2,000;5,000;yyyyyyrrrrrrrrrrrryyyyyyyrrrrrrrrrrrr;2,000
J17;54,000;0,250;0,500;11,215;3,000;2,000;5,000;yyyyyyrrrrrrrrrrrryyyyyyyrrrrrrrrrrrr;2,000
J17;54,000;0,250;0,500;11,215;3,000;2,000;5,000;yyyyyyrrrrrrrrrrrryyyyyyyrrrrrrrrrrrr;2,000
J17;54,000;0,250;0,833;11,309;3,000;2,000;5,000;yyyyyyrrrrrrrrrrrryyyyyyyrrrrrrrrrrrr;2,000
J17;55,000;0,333;0,833;11,309;3,000;2,000;5,000;yyyyyyrrrrrrrrrrrryyyyyyyrrrrrrrrrrrr;1,000
J17;55,000;0,333;0,833;11,309;3,000;2,000;5,000;yyyyyyrrrrrrrrrrrryyyyyyyrrrrrrrrrrrr;1,000
J17;55,000;0,333;0,833;11,309;3,000;2,000;5,000;yyyyyyrrrrrrrrrrrryyyyyyyrrrrrrrrrrrr;1,000
J17;55,000;0,333;0,833;11,309;3,000;2,000;5,000;yyyyyyrrrrrrrrrrrryyyyyyyrrrrrrrrrrrr;1,000
J17;55,000;0,333;0,833;11,309;3,000;2,000;5,000;yyyyyyrrrrrrrrrrrryyyyyyyrrrrrrrrrrrr;1,000
J17;55,000;0,333;0,833;11,309;3,000;2,000;5,000;yyyyyyrrrrrrrrrrrryyyyyyyrrrrrrrrrrrr;1,000
J17;55,000;0,333;0,833;11,309;3,000;2,000;5,000;yyyyyyrrrrrrrrrrrryyyyyyyrrrrrrrrrrrr;1,000
J17;55,000;0,333;0,833;11,309;3,000;2,000;5,000;yyyyyyrrrrrrrrrrrryyyyyyyrrrrrrrrrrrr;1,000
J17;55,000;0,333;0,833;11,309;3,000;2,000;5,000;yyyyyyrrrrrrrrrrrryyyyyyyrrrrrrrrrrrr;1,000
J17;55,000;0,333;0,833;11,309;3,000;2,000;5,000;yyyyyyrrrrrrrrrrrryyyyyyyrrrrrrrrrrrr;1,000
J17;55,000;0,333;0,833;11,309;3,000;2,000;5,000;yyyyyyrrrrrrrrrrrryyyyyyyrrrrrrrrrrrr;1,000
J17;56,000;0,583;1,417;11,249;3,000;2,000;5,000;yyyyyyrrrrrrrrrrrryyyyyyyrrrrrrrrrrrr;0,000
J17;56,000;0,583;1,417;11,249;3,000;2,000;5,000;yyyyyyrrrrrrrrrrrryyyyyyyrrrrrrrrrrrr;0,000
J17;56,000;0,583;1,417;11,249;3,000;2,000;5,000;yyyyyyrrrrrrrrrrrryyyyyyyrrrrrrrrrrrr;0,000
J17;56,000;0,583;1,417;11,249;3,000;2,000;5,000;yyyyyyrrrrrrrrrrrryyyyyyyrrrrrrrrrrrr;0,000
J17;56,000;0,583;1,417;11,249;3,000;2,000;5,000;yyyyyyrrrrrrrrrrrryyyyyyyrrrrrrrrrrrr;0,000
J17;56,000;0,583;1,417;11,249;3,000;2,000;5,000;yyyyyyrrrrrrrrrrrryyyyyyyrrrrrrrrrrrr;0,000
J17;56,000;0,583;1,417;11,249;3,000;2,000;5,000;yyyyyyrrrrrrrrrrrryyyyyyyrrrrrrrrrrrr;0,000
J17;56,000;0,583;1,417;11,249;3,000;2,000;5,000;yyyyyyrrrrrrrrrrrryyyyyyyrrrrrrrrrrrr;0,000
J17;56,000;0,583;1,417;11,249;3,000;2,000;5,000;yyyyyyrrrrrrrrrrrryyyyyyyrrrrrrrrrrrr;0,000
J17;56,000;0,583;1,417;11,249;3,000;2,000;5,000;yyyyyyrrrrrrrrrrrryyyyyyyrrrrrrrrrrrr;0,000
J17;56,000;0,583;1,417;11,249;16,000;0,000;16,000;rrrrrrGGGgggrrrrrrrrrrrrrGGGGggrrrrrr;16,000
J17;57,000;0,417;1,250;11,528;16,000;0,000;16,000;rrrrrrGGGgggrrrrrrrrrrrrrGGGGggrrrrrr;15,000
J17;57,000;0,417;1,250;11,528;16,000;0,000;16,000;rrrrrrGGGgggrrrrrrrrrrrrrGGGGggrrrrrr;15,000
J17;57,000;0,417;1,250;11,528;16,000;0,000;16,000;rrrrrrGGGgggrrrrrrrrrrrrrGGGGggrrrrrr;15,000
J17;57,000;0,417;1,250;11,528;16,000;0,000;16,000;rrrrrrGGGgggrrrrrrrrrrrrrGGGGggrrrrrr;15,000
J17;57,000;0,417;1,250;11,528;16,000;0,000;16,000;rrrrrrGGGgggrrrrrrrrrrrrrGGGGggrrrrrr;15,000
J17;57,000;0,417;1,250;11,528;16,000;0,000;16,000;rrrrrrGGGgggrrrrrrrrrrrrrGGGGggrrrrrr;15,000
J17;57,000;0,417;1,250;11,528;16,000;0,000;16,000;rrrrrrGGGgggrrrrrrrrrrrrrGGGGggrrrrrr;15,000
J17;57,000;0,417;1,250;11,528;16,000;0,000;16,000;rrrrrrGGGgggrrrrrrrrrrrrrGGGGggrrrrrr;15,000
J17;57,000;0,417;1,250;11,528;16,000;0,000;16,000;rrrrrrGGGgggrrrrrrrrrrrrrGGGGggrrrrrr;15,000
J17;57,000;0,417;1,250;11,528;16,000;16,316;32,316;rrrrrrGGGgggrrrrrrrrrrrrrGGGGggrrrrrr;31,316
J17;57,000;0,417;1,250;11,528;16,000;16,316;32,316;rrrrrrGGGgggrrrrrrrrrrrrrGGGGggrrrrrr;31,316
J17;57,000;0,417;1,250;11,528;16,000;16,316;32,316;rrrrrrGGGgggrrrrrrrrrrrrrGGGGggrrrrrr;31,316
J17;57,000;0,417;1,250;11,528;16,000;16,316;32,316;rrrrrrGGGgggrrrrrrrrrrrrrGGGGggrrrrrr;31,316
J17;57,000;0,417;1,250;11,528;16,000;16,316;32,316;rrrrrrGGGgggrrrrrrrrrrrrrGGGGggrrrrrr;31,316
J17;58,000;0,333;1,417;11,280;16,000;16,316;32,316;rrrrrrGGGgggrrrrrrrrrrrrrGGGGggrrrrrr;30,316
J17;58,000;0,333;1,417;11,280;16,000;16,316;32,316;rrrrrrGGGgggrrrrrrrrrrrrrGGGGggrrrrrr;30,316
J17;58,000;0,333;1,417;11,280;16,000;16,316;32,316;rrrrrrGGGgggrrrrrrrrrrrrrGGGGggrrrrrr;30,316
J17;58,000;0,333;1,417;11,280;16,000;16,316;32,316;rrrrrrGGGgggrrrrrrrrrrrrrGGGGggrrrrrr;30,316
J17;58,000;0,333;1,417;11,280;16,000;16,316;32,316;rrrrrrGGGgggrrrrrrrrrrrrrGGGGggrrrrrr;30,316
J17;58,000;0,333;1,417;11,280;16,000;16,316;32,316;rrrrrrGGGgggrrrrrrrrrrrrrGGGGggrrrrrr;30,316
J17;58,000;0,333;1,417;11,280;16,000;16,316;32,316;rrrrrrGGGgggrrrrrrrrrrrrrGGGGggrrrrrr;30,316
J17;58,000;0,333;1,417;11,280;16,000;16,316;32,316;rrrrrrGGGgggrrrrrrrrrrrrrGGGGggrrrrrr;30,316
J17;58,000;0,333;1,417;11,280;16,000;-10,000;6,000;rrrrrrGGGgggrrrrrrrrrrrrrGGGGggrrrrrr;4,000
J17;58,000;0,333;1,417;11,280;16,000;-10,000;6,000;rrrrrrGGGgggrrrrrrrrrrrrrGGGGggrrrrrr;4,000
J17;58,000;0,333;1,417;11,280;16,000;-10,000;6,000;rrrrrrGGGgggrrrrrrrrrrrrrGGGGggrrrrrr;4,000
J17;58,000;0,333;1,417;11,280;16,000;-10,000;6,000;rrrrrrGGGgggrrrrrrrrrrrrrGGGGggrrrrrr;4,000
J17;58,000;0,333;1,417;11,280;16,000;-10,000;6,000;rrrrrrGGGgggrrrrrrrrrrrrrGGGGggrrrrrr;4,000
J17;58,000;0,333;1,417;11,280;16,000;-10,000;6,000;rrrrrrGGGgggrrrrrrrrrrrrrGGGGggrrrrrr;4,000
J17;59,000;0,500;1,750;11,026;17,000;-7,000;10,000;GGGGggrrrrrrrrrrrrGGGGGggrrrrrrrrrrrr;9,000
J17;59,000;0,500;1,750;11,026;17,000;-7,000;10,000;GGGGggrrrrrrrrrrrrGGGGGggrrrrrrrrrrrr;9,000
J17;59,000;0,500;1,750;11,026;17,000;-7,000;10,000;GGGGggrrrrrrrrrrrrGGGGGggrrrrrrrrrrrr;9,000
J17;59,000;0,500;1,750;11,026;17,000;-7,000;10,000;GGGGggrrrrrrrrrrrrGGGGGggrrrrrrrrrrrr;9,000
J17;59,000;0,500;1,750;11,026;17,000;-7,000;10,000;GGGGggrrrrrrrrrrrrGGGGGggrrrrrrrrrrrr;9,000
J17;59,000;0,500;1,750;11,026;17,000;-7,000;10,000;GGGGggrrrrrrrrrrrrGGGGGggrrrrrrrrrrrr;9,000
J17;59,000;0,500;1,750;11,026;17,000;-7,000;10,000;GGGGggrrrrrrrrrrrrGGGGGggrrrrrrrrrrrr;9,000
J17;59,000;0,500;1,750;11,026;17,000;-7,000;10,000;GGGGggrrrrrrrrrrrrGGGGGggrrrrrrrrrrrr;9,000
J17;59,000;0,500;1,750;11,026;17,000;-12,000;5,000;GGGGggrrrrrrrrrrrrGGGGGggrrrrrrrrrrrr;4,000
J17;59,000;0,500;1,750;11,026;17,000;-12,000;5,000;GGGGggrrrrrrrrrrrrGGGGGggrrrrrrrrrrrr;4,000
J17;59,000;0,500;1,750;11,026;17,000;-12,000;5,000;GGGGggrrrrrrrrrrrrGGGGGggrrrrrrrrrrrr;4,000
J17;59,000;0,500;1,750;11,026;17,000;-12,000;5,000;GGGGggrrrrrrrrrrrrGGGGGggrrrrrrrrrrrr;4,000
J17;59,000;0,500;1,750;11,026;17,000;-12,000;5,000;GGGGggrrrrrrrrrrrrGGGGGggrrrrrrrrrrrr;4,000
J17;59,000;0,500;1,750;11,026;17,000;-12,000;5,000;GGGGggrrrrrrrrrrrrGGGGGggrrrrrrrrrrrr;4,000
J17;60,000;0,333;2,083;10,951;17,000;-7,000;10,000;GGGGggrrrrrrrrrrrrGGGGGggrrrrrrrrrrrr;9,000
J17;60,000;0,333;2,083;10,951;17,000;-7,000;10,000;GGGGggrrrrrrrrrrrrGGGGGggrrrrrrrrrrrr;9,000
J17;60,000;0,333;2,083;10,951;17,000;-7,000;10,000;GGGGggrrrrrrrrrrrrGGGGGggrrrrrrrrrrrr;9,000
J17;60,000;0,333;2,083;10,951;17,000;-7,000;10,000;GGGGggrrrrrrrrrrrrGGGGGggrrrrrrrrrrrr;9,000
J17;60,000;0,333;2,083;10,951;17,000;-7,000;10,000;GGGGggrrrrrrrrrrrrGGGGGggrrrrrrrrrrrr;9,000
J17;60,000;0,333;2,083;10,951;17,000;-7,000;10,000;GGGGggrrrrrrrrrrrrGGGGGggrrrrrrrrrrrr;9,000
J17;60,000;0,333;2,083;10,951;17,000;-7,000;10,000;GGGGggrrrrrrrrrrrrGGGGGggrrrrrrrrrrrr;9,000
J17;60,000;0,333;2,083;10,951;17,000;-7,000;10,000;GGGGggrrrrrrrrrrrrGGGGGggrrrrrrrrrrrr;9,000
J17;60,000;0,333;2,083;10,951;17,000;-7,000;10,000;GGGGggrrrrrrrrrrrrGGGGGggrrrrrrrrrrrr;9,000
J17;60,000;0,333;2,083;10,951;17,000;-12,000;5,000;GGGGggrrrrrrrrrrrrGGGGGggrrrrrrrrrrrr;4,000
J17;60,000;0,333;2,083;10,951;17,000;-12,000;5,000;GGGGggrrrrrrrrrrrrGGGGGggrrrrrrrrrrrr;4,000
J17;60,000;0,333;2,083;10,951;17,000;-12,000;5,000;GGGGggrrrrrrrrrrrrGGGGGggrrrrrrrrrrrr;4,000
J17;60,000;0,333;2,083;10,951;17,000;-12,000;5,000;GGGGggrrrrrrrrrrrrGGGGGggrrrrrrrrrrrr;4,000
J17;60,000;0,333;2,083;10,951;17,000;-12,000;5,000;GGGGggrrrrrrrrrrrrGGGGGggrrrrrrrrrrrr;4,000
J17;60,000;0,333;2,083;10,951;17,000;-12,000;5,000;GGGGggrrrrrrrrrrrrGGGGGggrrrrrrrrrrrr;4,000
J17;60,000;0,333;2,083;10,951;17,000;-12,000;5,000;GGGGggrrrrrrrrrrrrGGGGGggrrrrrrrrrrrr;4,000
J17;60,000;0,333;2,083;10,951;17,000;-12,000;5,000;GGGGggrrrrrrrrrrrrGGGGGggrrrrrrrrrrrr;4,000
J17;60,000;0,333;2,083;10,951;3,000;3,000;6,000;yyyyyyrrrrrrrrrrrryyyyyyyrrrrrrrrrrrr;5,000
J17;61,000;0,417;2,500;10,894;3,000;3,000;6,000;yyyyyyrrrrrrrrrrrryyyyyyyrrrrrrrrrrrr;4,000
J17;61,000;0,417;2,500;10,894;3,000;3,000;6,000;yyyyyyrrrrrrrrrrrryyyyyyyrrrrrrrrrrrr;4,000
J17;61,000;0,417;2,500;10,894;3,000;3,000;6,000;yyyyyyrrrrrrrrrrrryyyyyyyrrrrrrrrrrrr;4,000
J17;61,000;0,417;2,500;10,894;3,000;3,000;6,000;yyyyyyrrrrrrrrrrrryyyyyyyrrrrrrrrrrrr;4,000
J17;61,000;0,417;2,500;10,894;3,000;3,000;6,000;yyyyyyrrrrrrrrrrrryyyyyyyrrrrrrrrrrrr;4,000
J17;61,000;0,417;2,500;10,894;3,000;3,000;6,000;yyyyyyrrrrrrrrrrrryyyyyyyrrrrrrrrrrrr;4,000
J17;61,000;0,417;2,500;10,894;3,000;3,000;6,000;yyyyyyrrrrrrrrrrrryyyyyyyrrrrrrrrrrrr;4,000
J17;61,000;0,417;2,500;10,894;3,000;3,000;6,000;yyyyyyrrrrrrrrrrrryyyyyyyrrrrrrrrrrrr;4,000
J17;61,000;0,417;2,500;10,894;3,000;3,000;6,000;yyyyyyrrrrrrrrrrrryyyyyyyrrrrrrrrrrrr;4,000
J17;61,000;0,417;2,500;10,894;3,000;3,000;6,000;yyyyyyrrrrrrrrrrrryyyyyyyrrrrrrrrrrrr;4,000
J17;61,000;0,417;2,500;10,894;3,000;3,000;6,000;yyyyyyrrrrrrrrrrrryyyyyyyrrrrrrrrrrrr;4,000
J17;61,000;0,417;2,500;10,894;3,000;3,000;6,000;yyyyyyrrrrrrrrrrrryyyyyyyrrrrrrrrrrrr;4,000
J17;61,000;0,417;2,500;10,894;3,000;3,000;6,000;yyyyyyrrrrrrrrrrrryyyyyyyrrrrrrrrrrrr;4,000
J17;61,000;0,417;2,500;10,894;16,000;0,000;16,000;rrrrrrGGGgggrrrrrrrrrrrrrGGGGggrrrrrr;16,000
J17;61,000;0,417;2,500;10,894;16,000;0,000;16,000;rrrrrrGGGgggrrrrrrrrrrrrrGGGGggrrrrrr;16,000
J17;62,000;0,417;2,917;11,175;16,000;0,000;16,000;rrrrrrGGGgggrrrrrrrrrrrrrGGGGggrrrrrr;15,000
J17;62,000;0,417;2,917;11,175;16,000;0,000;16,000;rrrrrrGGGgggrrrrrrrrrrrrrGGGGggrrrrrr;15,000
J17;62,000;0,417;2,917;11,175;16,000;0,000;16,000;rrrrrrGGGgggrrrrrrrrrrrrrGGGGggrrrrrr;15,000
J17;62,000;0,417;2,917;11,175;16,000;0,000;16,000;rrrrrrGGGgggrrrrrrrrrrrrrGGGGggrrrrrr;15,000
J17;62,000;0,417;2,917;11,175;16,000;0,000;16,000;rrrrrrGGGgggrrrrrrrrrrrrrGGGGggrrrrrr;15,000
J17;62,000;0,417;2,917;11,175;16,000;0,000;16,000;rrrrrrGGGgggrrrrrrrrrrrrrGGGGggrrrrrr;15,000
J17;62,000;0,417;2,917;11,175;16,000;0,000;16,000;rrrrrrGGGgggrrrrrrrrrrrrrGGGGggrrrrrr;15,000
J17;62,000;0,417;2,917;11,175;16,000;-11,000;5,000;rrrrrrGGGgggrrrrrrrrrrrrrGGGGggrrrrrr;4,000
J17;62,000;0,417;2,917;11,175;16,000;-11,000;5,000;rrrrrrGGGgggrrrrrrrrrrrrrGGGGggrrrrrr;4,000
J17;62,000;0,417;2,917;11,175;16,000;-11,000;5,000;rrrrrrGGGgggrrrrrrrrrrrrrGGGGggrrrrrr;4,000
J17;62,000;0,417;2,917;11,175;16,000;-11,000;5,000;rrrrrrGGGgggrrrrrrrrrrrrrGGGGggrrrrrr;4,000
J17;62,000;0,417;2,917;11,175;16,000;-11,000;5,000;rrrrrrGGGgggrrrrrrrrrrrrrGGGGggrrrrrr;4,000
J17;62,000;0,417;2,917;11,175;16,000;-11,000;5,000;rrrrrrGGGgggrrrrrrrrrrrrrGGGGggrrrrrr;4,000
J17;62,000;0,417;2,917;11,175;16,000;-11,000;5,000;rrrrrrGGGgggrrrrrrrrrrrrrGGGGggrrrrrr;4,000
J17;62,000;0,417;2,917;11,175;16,000;-11,000;5,000;rrrrrrGGGgggrrrrrrrrrrrrrGGGGggrrrrrr;4,000
J17;62,000;0,417;3,333;11,158;16,000;0,000;16,000;rrrrrrGGGgggrrrrrrrrrrrrrGGGGggrrrrrr;16,000
J17;63,000;0,417;3,333;11,158;16,000;0,000;16,000;rrrrrrGGGgggrrrrrrrrrrrrrGGGGggrrrrrr;15,000
J17;63,000;0,417;3,333;11,158;16,000;0,000;16,000;rrrrrrGGGgggrrrrrrrrrrrrrGGGGggrrrrrr;15,000
J17;63,000;0,417;3,333;11,158;16,000;0,000;16,000;rrrrrrGGGgggrrrrrrrrrrrrrGGGGggrrrrrr;15,000
J17;63,000;0,417;3,333;11,158;16,000;0,000;16,000;rrrrrrGGGgggrrrrrrrrrrrrrGGGGggrrrrrr;15,000
J17;63,000;0,417;3,333;11,158;16,000;0,000;16,000;rrrrrrGGGgggrrrrrrrrrrrrrGGGGggrrrrrr;15,000
J17;63,000;0,417;3,333;11,158;16,000;0,000;16,000;rrrrrrGGGgggrrrrrrrrrrrrrGGGGggrrrrrr;15,000
J17;63,000;0,417;3,333;11,158;16,000;0,000;16,000;rrrrrrGGGgggrrrrrrrrrrrrrGGGGggrrrrrr;15,000
J17;63,000;0,417;3,333;11,158;16,000;-11,000;5,000;rrrrrrGGGgggrrrrrrrrrrrrrGGGGggrrrrrr;4,000
J17;63,000;0,417;3,333;11,158;16,000;-11,000;5,000;rrrrrrGGGgggrrrrrrrrrrrrrGGGGggrrrrrr;4,000
J17;63,000;0,417;3,333;11,158;16,000;-11,000;5,000;rrrrrrGGGgggrrrrrrrrrrrrrGGGGggrrrrrr;4,000
J17;63,000;0,417;3,333;11,158;16,000;-11,000;5,000;rrrrrrGGGgggrrrrrrrrrrrrrGGGGggrrrrrr;4,000
J17;63,000;0,417;3,333;11,158;16,000;-11,000;5,000;rrrrrrGGGgggrrrrrrrrrrrrrGGGGggrrrrrr;4,000
J17;63,000;0,417;3,333;11,158;16,000;-11,000;5,000;rrrrrrGGGgggrrrrrrrrrrrrrGGGGggrrrrrr;4,000
J17;63,000;0,417;3,333;11,158;16,000;-11,000;5,000;rrrrrrGGGgggrrrrrrrrrrrrrGGGGggrrrrrr;4,000
J17;63,000;0,417;3,333;11,158;16,000;0,000;16,000;rrrrrrGGGgggrrrrrrrrrrrrrGGGGggrrrrrr;16,000
J17;63,000;0,417;3,333;11,158;16,000;0,000;16,000;rrrrrrGGGgggrrrrrrrrrrrrrGGGGggrrrrrr;16,000
J17;64,000;0,500;3,833;10,568;16,000;0,000;16,000;rrrrrrGGGgggrrrrrrrrrrrrrGGGGggrrrrrr;15,000
J17;64,000;0,500;3,833;10,568;16,000;0,000;16,000;rrrrrrGGGgggrrrrrrrrrrrrrGGGGggrrrrrr;15,000
J17;64,000;0,500;3,833;10,568;16,000;0,000;16,000;rrrrrrGGGgggrrrrrrrrrrrrrGGGGggrrrrrr;15,000
J17;64,000;0,500;3,833;10,568;16,000;0,000;16,000;rrrrrrGGGgggrrrrrrrrrrrrrGGGGggrrrrrr;15,000
J17;64,000;0,500;3,833;10,568;16,000;0,000;16,000;rrrrrrGGGgggrrrrrrrrrrrrrGGGGggrrrrrr;15,000
J17;64,000;0,500;3,833;10,568;16,000;0,000;16,000;rrrrrrGGGgggrrrrrrrrrrrrrGGGGggrrrrrr;15,000
J17;64,000;0,500;3,833;10,568;16,000;0,000;16,000;rrrrrrGGGgggrrrrrrrrrrrrrGGGGggrrrrrr;15,000
J17;64,000;0,500;3,833;10,568;16,000;0,000;16,000;rrrrrrGGGgggrrrrrrrrrrrrrGGGGggrrrrrr;15,000
J17;64,000;0,500;3,833;10,568;16,000;15,277;31,277;rrrrrrGGGgggrrrrrrrrrrrrrGGGGggrrrrrr;30,277
J17;64,000;0,500;3,833;10,568;16,000;15,277;31,277;rrrrrrGGGgggrrrrrrrrrrrrrGGGGggrrrrrr;30,277
J17;64,000;0,500;3,833;10,568;16,000;15,277;31,277;rrrrrrGGGgggrrrrrrrrrrrrrGGGGggrrrrrr;30,277
J17;64,000;0,500;3,833;10,568;16,000;15,277;31,277;rrrrrrGGGgggrrrrrrrrrrrrrGGGGggrrrrrr;30,277
J17;64,000;0,500;3,833;10,568;16,000;15,277;31,277;rrrrrrGGGgggrrrrrrrrrrrrrGGGGggrrrrrr;30,277
J17;64,000;0,500;3,833;10,568;2,000;8,000;10,000;rrrrrrrrrrrrrrrrrrrrrrrrrrrGGGGrrrrrr;10,000
J17;65,000;0,583;4,417;10,181;2,000;8,000;10,000;rrrrrrrrrrrrrrrrrrrrrrrrrrrGGGGrrrrrr;9,000
J17;65,000;0,583;4,417;10,181;2,000;8,000;10,000;rrrrrrrrrrrrrrrrrrrrrrrrrrrGGGGrrrrrr;9,000
J17;65,000;0,583;4,417;10,181;2,000;8,000;10,000;rrrrrrrrrrrrrrrrrrrrrrrrrrrGGGGrrrrrr;9,000
J17;65,000;0,583;4,417;10,181;2,000;8,000;10,000;rrrrrrrrrrrrrrrrrrrrrrrrrrrGGGGrrrrrr;9,000
J17;65,000;0,583;4,417;10,181;2,000;8,000;10,000;rrrrrrrrrrrrrrrrrrrrrrrrrrrGGGGrrrrrr;9,000
J17;65,000;0,583;4,417;10,181;2,000;8,000;10,000;rrrrrrrrrrrrrrrrrrrrrrrrrrrGGGGrrrrrr;9,000
J17;65,000;0,583;4,417;10,181;2,000;8,000;10,000;rrrrrrrrrrrrrrrrrrrrrrrrrrrGGGGrrrrrr;9,000
J17;65,000;0,583;4,417;10,181;2,000;8,000;10,000;rrrrrrrrrrrrrrrrrrrrrrrrrrrGGGGrrrrrr;9,000
J17;65,000;0,583;4,417;10,181;2,000;14,859;16,859;rrrrrrrrrrrrrrrrrrrrrrrrrrrGGGGrrrrrr;15,859
J17;65,000;0,583;4,417;10,181;2,000;14,859;16,859;rrrrrrrrrrrrrrrrrrrrrrrrrrrGGGGrrrrrr;15,859
J17;65,000;0,583;4,417;10,181;2,000;14,859;16,859;rrrrrrrrrrrrrrrrrrrrrrrrrrrGGGGrrrrrr;15,859
J17;65,000;0,583;4,417;10,181;2,000;14,859;16,859;rrrrrrrrrrrrrrrrrrrrrrrrrrrGGGGrrrrrr;15,859
J17;65,000;0,583;4,417;10,181;2,000;14,859;16,859;rrrrrrrrrrrrrrrrrrrrrrrrrrrGGGGrrrrrr;15,859
J17;65,000;0,583;4,417;10,181;2,000;14,859;16,859;rrrrrrrrrrrrrrrrrrrrrrrrrrrGGGGrrrrrr;16,859
J17;66,000;0,833;5,083;9,641;2,000;14,859;16,859;rrrrrrrrrrrrrrrrrrrrrrrrrrrGGGGrrrrrr;15,859
J17;66,000;0,833;5,083;9,641;2,000;14,859;16,859;rrrrrrrrrrrrrrrrrrrrrrrrrrrGGGGrrrrrr;15,859
J17;66,000;0,833;5,083;9,641;2,000;14,859;16,859;rrrrrrrrrrrrrrrrrrrrrrrrrrrGGGGrrrrrr;15,859
J17;66,000;0,833;5,083;9,641;2,000;14,859;16,859;rrrrrrrrrrrrrrrrrrrrrrrrrrrGGGGrrrrrr;15,859
J17;66,000;0,833;5,083;9,641;2,000;14,859;16,859;rrrrrrrrrrrrrrrrrrrrrrrrrrrGGGGrrrrrr;15,859
J17;66,000;0,833;5,083;9,641;2,000;14,859;16,859;rrrrrrrrrrrrrrrrrrrrrrrrrrrGGGGrrrrrr;15,859
J17;66,000;0,833;5,083;9,641;2,000;14,859;16,859;rrrrrrrrrrrrrrrrrrrrrrrrrrrGGGGrrrrrr;15,859
J17;66,000;0,833;5,083;9,641;2,000;14,859;16,859;rrrrrrrrrrrrrrrrrrrrrrrrrrrGGGGrrrrrr;15,859
J17;66,000;0,833;5,083;9,641;2,000;14,859;16,859;rrrrrrrrrrrrrrrrrrrrrrrrrrrGGGGrrrrrr;15,859
J17;66,000;0,833;5,083;9,641;2,000;13,174;15,174;rrrrrrrrrrrrrrrrrrrrrrrrrrrGGGGrrrrrr;14,174
J17;66,000;0,833;5,083;9,641;2,000;13,174;15,174;rrrrrrrrrrrrrrrrrrrrrrrrrrrGGGGrrrrrr;14,174
J17;66,000;0,833;5,083;9,641;2,000;13,174;15,174;rrrrrrrrrrrrrrrrrrrrrrrrrrrGGGGrrrrrr;14,174
J17;66,000;0,833;5,083;9,641;2,000;13,174;15,174;rrrrrrrrrrrrrrrrrrrrrrrrrrrGGGGrrrrrr;14,174
J17;66,000;0,833;5,083;9,641;2,000;13,174;15,174;rrrrrrrrrrrrrrrrrrrrrrrrrrrGGGGrrrrrr;15,174
J17;66,000;0,750;5,833;9,749;2,000;1,000;3,000;rrrrrrrrrrrrrrrrrrrrrrrrrrrGGGGrrrrrr;3,000
J17;67,000;0,750;5,833;9,749;2,000;1,000;3,000;rrrrrrrrrrrrrrrrrrrrrrrrrrrGGGGrrrrrr;2,000
J17;67,000;0,750;5,833;9,749;2,000;1,000;3,000;rrrrrrrrrrrrrrrrrrrrrrrrrrrGGGGrrrrrr;2,000
J17;67,000;0,750;5,833;9,749;2,000;1,000;3,000;rrrrrrrrrrrrrrrrrrrrrrrrrrrGGGGrrrrrr;2,000
J17;67,000;0,750;5,833;9,749;2,000;1,000;3,000;rrrrrrrrrrrrrrrrrrrrrrrrrrrGGGGrrrrrr;2,000
J17;67,000;0,750;5,833;9,749;2,000;1,000;3,000;rrrrrrrrrrrrrrrrrrrrrrrrrrrGGGGrrrrrr;2,000
J17;67,000;0,750;5,833;9,749;2,000;1,000;3,000;rrrrrrrrrrrrrrrrrrrrrrrrrrrGGGGrrrrrr;2,000
J17;67,000;0,750;5,833;9,749;2,000;1,000;3,000;rrrrrrrrrrrrrrrrrrrrrrrrrrrGGGGrrrrrr;2,000
J17;67,000;0,750;5,833;9,749;2,000;1,000;3,000;rrrrrrrrrrrrrrrrrrrrrrrrrrrGGGGrrrrrr;2,000
J17;67,000;0,750;5,833;9,749;2,000;1,000;3,000;rrrrrrrrrrrrrrrrrrrrrrrrrrrGGGGrrrrrr;2,000
J17;67,000;0,750;5,833;9,749;2,000;13,141;15,141;rrrrrrrrrrrrrrrrrrrrrrrrrrrGGGGrrrrrr;14,141
J17;67,000;0,750;5,833;9,749;2,000;13,141;15,141;rrrrrrrrrrrrrrrrrrrrrrrrrrrGGGGrrrrrr;14,141
J17;67,000;0,750;5,833;9,749;2,000;13,141;15,141;rrrrrrrrrrrrrrrrrrrrrrrrrrrGGGGrrrrrr;14,141
J17;67,000;0,750;5,833;9,749;2,000;13,141;15,141;rrrrrrrrrrrrrrrrrrrrrrrrrrrGGGGrrrrrr;14,141
J17;67,000;0,750;5,833;9,749;2,000;13,141;15,141;rrrrrrrrrrrrrrrrrrrrrrrrrrrGGGGrrrrrr;14,141
J17;67,000;0,750;5,833;9,749;2,000;13,141;15,141;rrrrrrrrrrrrrrrrrrrrrrrrrrrGGGGrrrrrr;15,141
J17;67,000;0,750;6,583;9,783;2,000;13,141;15,141;rrrrrrrrrrrrrrrrrrrrrrrrrrrGGGGrrrrrr;15,141
J17;68,000;0,750;6,583;9,783;2,000;13,141;15,141;rrrrrrrrrrrrrrrrrrrrrrrrrrrGGGGrrrrrr;14,141
J17;68,000;0,750;6,583;9,783;2,000;13,141;15,141;rrrrrrrrrrrrrrrrrrrrrrrrrrrGGGGrrrrrr;14,141
J17;68,000;0,750;6,583;9,783;2,000;13,141;15,141;rrrrrrrrrrrrrrrrrrrrrrrrrrrGGGGrrrrrr;14,141
J17;68,000;0,750;6,583;9,783;2,000;13,141;15,141;rrrrrrrrrrrrrrrrrrrrrrrrrrrGGGGrrrrrr;14,141
J17;68,000;0,750;6,583;9,783;2,000;13,141;15,141;rrrrrrrrrrrrrrrrrrrrrrrrrrrGGGGrrrrrr;14,141
J17;68,000;0,750;6,583;9,783;2,000;13,141;15,141;rrrrrrrrrrrrrrrrrrrrrrrrrrrGGGGrrrrrr;14,141
J17;68,000;0,750;6,583;9,783;2,000;13,141;15,141;rrrrrrrrrrrrrrrrrrrrrrrrrrrGGGGrrrrrr;14,141
J17;68,000;0,750;6,583;9,783;2,000;13,141;15,141;rrrrrrrrrrrrrrrrrrrrrrrrrrrGGGGrrrrrr;14,141
J17;68,000;0,750;6,583;9,783;2,000;13,141;15,141;rrrrrrrrrrrrrrrrrrrrrrrrrrrGGGGrrrrrr;14,141
J17;68,000;0,750;6,583;9,783;2,000;13,141;15,141;rrrrrrrrrrrrrrrrrrrrrrrrrrrGGGGrrrrrr;14,141
J17;68,000;0,750;6,583;9,783;2,000;13,141;15,141;rrrrrrrrrrrrrrrrrrrrrrrrrrrGGGGrrrrrr;14,141
J17;68,000;0,750;6,583;9,783;2,000;13,141;15,141;rrrrrrrrrrrrrrrrrrrrrrrrrrrGGGGrrrrrr;14,141
J17;68,000;0,750;6,583;9,783;2,000;13,141;15,141;rrrrrrrrrrrrrrrrrrrrrrrrrrrGGGGrrrrrr;14,141
J17;68,000;0,750;6,583;9,783;2,000;13,141;15,141;rrrrrrrrrrrrrrrrrrrrrrrrrrrGGGGrrrrrr;14,141
J17;68,000;0,750;6,583;9,783;2,000;13,141;15,141;rrrrrrrrrrrrrrrrrrrrrrrrrrrGGGGrrrrrr;15,141
J17;69,000;0,750;7,333;9,728;2,000;13,141;15,141;rrrrrrrrrrrrrrrrrrrrrrrrrrrGGGGrrrrrr;14,141
J17;69,000;0,750;7,333;9,728;2,000;13,141;15,141;rrrrrrrrrrrrrrrrrrrrrrrrrrrGGGGrrrrrr;14,141
J17;69,000;0,750;7,333;9,728;2,000;13,141;15,141;rrrrrrrrrrrrrrrrrrrrrrrrrrrGGGGrrrrrr;14,141
J17;69,000;0,750;7,333;9,728;2,000;13,141;15,141;rrrrrrrrrrrrrrrrrrrrrrrrrrrGGGGrrrrrr;14,141
J17;69,000;0,750;7,333;9,728;2,000;13,141;15,141;rrrrrrrrrrrrrrrrrrrrrrrrrrrGGGGrrrrrr;14,141
J17;69,000;0,750;7,333;9,728;2,000;13,141;15,141;rrrrrrrrrrrrrrrrrrrrrrrrrrrGGGGrrrrrr;14,141
J17;69,000;0,750;7,333;9,728;2,000;13,141;15,141;rrrrrrrrrrrrrrrrrrrrrrrrrrrGGGGrrrrrr;14,141
J17;69,000;0,750;7,333;9,728;2,000;13,141;15,141;rrrrrrrrrrrrrrrrrrrrrrrrrrrGGGGrrrrrr;14,141
J17;69,000;0,750;7,333;9,728;2,000;13,141;15,141;rrrrrrrrrrrrrrrrrrrrrrrrrrrGGGGrrrrrr;14,141
J17;69,000;0,750;7,333;9,728;2,000;13,141;15,141;rrrrrrrrrrrrrrrrrrrrrrrrrrrGGGGrrrrrr;14,141
J17;69,000;0,750;7,333;9,728;2,000;13,141;15,141;rrrrrrrrrrrrrrrrrrrrrrrrrrrGGGGrrrrrr;14,141
J17;69,000;0,750;7,333;9,728;2,000;13,141;15,141;rrrrrrrrrrrrrrrrrrrrrrrrrrrGGGGrrrrrr;15,141
J17;69,000;0,750;8,083;9,611;2,000;13,141;15,141;rrrrrrrrrrrrrrrrrrrrrrrrrrrGGGGrrrrrr;15,141
J17;70,000;0,750;8,083;9,611;2,000;13,141;15,141;rrrrrrrrrrrrrrrrrrrrrrrrrrrGGGGrrrrrr;14,141
J17;70,000;0,750;8,083;9,611;2,000;13,141;15,141;rrrrrrrrrrrrrrrrrrrrrrrrrrrGGGGrrrrrr;14,141
J17;70,000;0,750;8,083;9,611;2,000;13,141;15,141;rrrrrrrrrrrrrrrrrrrrrrrrrrrGGGGrrrrrr;14,141
J17;70,000;0,750;8,083;9,611;2,000;13,141;15,141;rrrrrrrrrrrrrrrrrrrrrrrrrrrGGGGrrrrrr;14,141
J17;70,000;0,750;8,083;9,611;2,000;13,141;15,141;rrrrrrrrrrrrrrrrrrrrrrrrrrrGGGGrrrrrr;14,141
J17;70,000;0,750;8,083;9,611;2,000;13,141;15,141;rrrrrrrrrrrrrrrrrrrrrrrrrrrGGGGrrrrrr;14,141
J17;70,000;0,750;8,083;9,611;2,000;13,141;15,141;rrrrrrrrrrrrrrrrrrrrrrrrrrrGGGGrrrrrr;14,141
J17;70,000;0,750;8,083;9,611;2,000;13,141;15,141;rrrrrrrrrrrrrrrrrrrrrrrrrrrGGGGrrrrrr;14,141
J17;70,000;0,750;8,083;9,611;2,000;13,141;15,141;rrrrrrrrrrrrrrrrrrrrrrrrrrrGGGGrrrrrr;14,141
J17;70,000;0,750;8,083;9,611;2,000;13,141;15,141;rrrrrrrrrrrrrrrrrrrrrrrrrrrGGGGrrrrrr;14,141
J17;70,000;0,750;8,083;9,611;2,000;13,141;15,141;rrrrrrrrrrrrrrrrrrrrrrrrrrrGGGGrrrrrr;14,141
J17;70,000;0,750;8,083;9,611;2,000;13,141;15,141;rrrrrrrrrrrrrrrrrrrrrrrrrrrGGGGrrrrrr;14,141
J17;70,000;0,750;8,083;9,611;2,000;13,141;15,141;rrrrrrrrrrrrrrrrrrrrrrrrrrrGGGGrrrrrr;15,141
J17;70,000;0,750;8,083;9,611;2,000;13,141;15,141;rrrrrrrrrrrrrrrrrrrrrrrrrrrGGGGrrrrrr;15,141
J17;71,000;0,750;8,833;9,266;2,000;13,141;15,141;rrrrrrrrrrrrrrrrrrrrrrrrrrrGGGGrrrrrr;14,141
J17;71,000;0,750;8,833;9,266;2,000;13,141;15,141;rrrrrrrrrrrrrrrrrrrrrrrrrrrGGGGrrrrrr;14,141
J17;71,000;0,750;8,833;9,266;2,000;13,141;15,141;rrrrrrrrrrrrrrrrrrrrrrrrrrrGGGGrrrrrr;14,141
J17;71,000;0,750;8,833;9,266;2,000;13,141;15,141;rrrrrrrrrrrrrrrrrrrrrrrrrrrGGGGrrrrrr;14,141
J17;71,000;0,750;8,833;9,266;2,000;13,141;15,141;rrrrrrrrrrrrrrrrrrrrrrrrrrrGGGGrrrrrr;14,141
J17;71,000;0,750;8,833;9,266;2,000;13,141;15,141;rrrrrrrrrrrrrrrrrrrrrrrrrrrGGGGrrrrrr;14,141
J17;71,000;0,750;8,833;9,266;2,000;13,650;15,650;rrrrrrrrrrrrrrrrrrrrrrrrrrrGGGGrrrrrr;14,650
J17;71,000;0,750;8,833;9,266;2,000;13,650;15,650;rrrrrrrrrrrrrrrrrrrrrrrrrrrGGGGrrrrrr;14,650
J17;71,000;0,750;8,833;9,266;2,000;13,650;15,650;rrrrrrrrrrrrrrrrrrrrrrrrrrrGGGGrrrrrr;14,650
J17;71,000;0,750;8,833;9,266;16,000;0,000;16,000;rrrrrrGGGgggrrrrrrrrrrrrrGGGGggrrrrrr;16,000
J17;71,000;0,750;8,833;9,266;16,000;0,000;16,000;rrrrrrGGGgggrrrrrrrrrrrrrGGGGggrrrrrr;16,000
J17;72,000;0,583;7,083;9,531;17,000;13,000;30,000;rrrrrrrrrrrrGGGgggrrrrrrrrrrrrrGGGGgg;29,000
J17;72,000;0,583;7,083;9,531;17,000;13,000;30,000;rrrrrrrrrrrrGGGgggrrrrrrrrrrrrrGGGGgg;29,000
J17;72,000;0,583;7,083;9,531;17,000;13,000;30,000;rrrrrrrrrrrrGGGgggrrrrrrrrrrrrrGGGGgg;29,000
J17;72,000;0,583;7,083;9,531;17,000;13,000;30,000;rrrrrrrrrrrrGGGgggrrrrrrrrrrrrrGGGGgg;29,000
J17;72,000;0,583;7,083;9,531;17,000;13,000;30,000;rrrrrrrrrrrrGGGgggrrrrrrrrrrrrrGGGGgg;29,000
J17;72,000;0,583;7,083;9,531;17,000;13,000;30,000;rrrrrrrrrrrrGGGgggrrrrrrrrrrrrrGGGGgg;29,000
J17;72,000;0,583;7,083;9,531;17,000;13,000;30,000;rrrrrrrrrrrrGGGgggrrrrrrrrrrrrrGGGGgg;29,000
J17;72,000;0,583;7,083;9,531;17,000;14,368;31,368;rrrrrrrrrrrrGGGgggrrrrrrrrrrrrrGGGGgg;30,368
J17;72,000;0,583;7,083;9,531;17,000;14,368;31,368;rrrrrrrrrrrrGGGgggrrrrrrrrrrrrrGGGGgg;30,368
J17;72,000;0,583;7,083;9,531;17,000;14,368;31,368;rrrrrrrrrrrrGGGgggrrrrrrrrrrrrrGGGGgg;30,368
J17;72,000;0,583;7,083;9,531;17,000;14,368;31,368;rrrrrrrrrrrrGGGgggrrrrrrrrrrrrrGGGGgg;30,368
J17;72,000;0,583;7,083;9,531;17,000;14,368;31,368;rrrrrrrrrrrrGGGgggrrrrrrrrrrrrrGGGGgg;30,368
J17;72,000;0,583;7,083;9,531;17,000;-13,000;4,000;rrrrrrrrrrrrGGGgggrrrrrrrrrrrrrGGGGgg;3,000
J17;73,000;0,750;6,250;9,814;17,000;-13,000;4,000;rrrrrrrrrrrrGGGgggrrrrrrrrrrrrrGGGGgg;2,000
J17;73,000;0,750;6,250;9,814;17,000;-13,000;4,000;rrrrrrrrrrrrGGGgggrrrrrrrrrrrrrGGGGgg;2,000
J17;73,000;0,750;6,250;9,814;17,000;-13,000;4,000;rrrrrrrrrrrrGGGgggrrrrrrrrrrrrrGGGGgg;2,000
J17;73,000;0,750;6,250;9,814;17,000;-13,000;4,000;rrrrrrrrrrrrGGGgggrrrrrrrrrrrrrGGGGgg;2,000
J17;73,000;0,750;6,250;9,814;17,000;-13,000;4,000;rrrrrrrrrrrrGGGgggrrrrrrrrrrrrrGGGGgg;2,000
J17;73,000;0,750;6,250;9,814;17,000;-13,000;4,000;rrrrrrrrrrrrGGGgggrrrrrrrrrrrrrGGGGgg;2,000
J17;73,000;0,750;6,250;9,814;17,000;14,636;31,636;rrrrrrrrrrrrGGGgggrrrrrrrrrrrrrGGGGgg;29,636
J17;73,000;0,750;6,250;9,814;17,000;14,636;31,636;rrrrrrrrrrrrGGGgggrrrrrrrrrrrrrGGGGgg;29,636
J17;73,000;0,750;6,250;9,814;17,000;14,636;31,636;rrrrrrrrrrrrGGGgggrrrrrrrrrrrrrGGGGgg;29,636
J17;73,000;0,750;6,250;9,814;17,000;14,636;31,636;rrrrrrrrrrrrGGGgggrrrrrrrrrrrrrGGGGgg;29,636
J17;73,000;0,750;6,250;9,814;17,000;14,636;31,636;rrrrrrrrrrrrGGGgggrrrrrrrrrrrrrGGGGgg;29,636
J17;73,000;0,750;6,250;9,814;17,000;-12,000;5,000;rrrrrrrrrrrrGGGgggrrrrrrrrrrrrrGGGGgg;3,000
J17;74,000;0,583;5,333;10,219;17,000;-12,000;5,000;rrrrrrrrrrrrGGGgggrrrrrrrrrrrrrGGGGgg;2,000
J17;74,000;0,583;5,333;10,219;17,000;-12,000;5,000;rrrrrrrrrrrrGGGgggrrrrrrrrrrrrrGGGGgg;2,000
J17;74,000;0,583;5,333;10,219;17,000;-12,000;5,000;rrrrrrrrrrrrGGGgggrrrrrrrrrrrrrGGGGgg;2,000
J17;74,000;0,583;5,333;10,219;17,000;-12,000;5,000;rrrrrrrrrrrrGGGgggrrrrrrrrrrrrrGGGGgg;2,000
J17;74,000;0,583;5,333;10,219;17,000;-12,000;5,000;rrrrrrrrrrrrGGGgggrrrrrrrrrrrrrGGGGgg;2,000
J17;74,000;0,583;5,333;10,219;17,000;-12,000;5,000;rrrrrrrrrrrrGGGgggrrrrrrrrrrrrrGGGGgg;2,000
J17;74,000;0,583;5,333;10,219;17,000;-12,000;5,000;rrrrrrrrrrrrGGGgggrrrrrrrrrrrrrGGGGgg;2,000
J17;74,000;0,583;5,333;10,219;17,000;-12,000;5,000;rrrrrrrrrrrrGGGgggrrrrrrrrrrrrrGGGGgg;2,000
J17;74,000;0,583;5,333;10,219;17,000;15,175;32,175;rrrrrrrrrrrrGGGgggrrrrrrrrrrrrrGGGGgg;29,175
J17;74,000;0,583;5,333;10,219;17,000;15,175;32,175;rrrrrrrrrrrrGGGgggrrrrrrrrrrrrrGGGGgg;29,175
J17;74,000;0,583;5,333;10,219;17,000;15,175;32,175;rrrrrrrrrrrrGGGgggrrrrrrrrrrrrrGGGGgg;29,175
J17;74,000;0,583;5,333;10,219;17,000;15,175;32,175;rrrrrrrrrrrrGGGgggrrrrrrrrrrrrrGGGGgg;29,175
J17;74,000;0,583;5,333;10,219;17,000;15,175;32,175;rrrrrrrrrrrrGGGgggrrrrrrrrrrrrrGGGGgg;29,175
J17;74,000;0,583;5,333;10,219;17,000;-11,000;6,000;rrrrrrrrrrrrGGGgggrrrrrrrrrrrrrGGGGgg;3,000
J17;75,000;0,583;4,250;10,231;17,000;-11,000;6,000;rrrrrrrrrrrrGGGgggrrrrrrrrrrrrrGGGGgg;2,000
J17;75,000;0,583;4,250;10,231;17,000;-11,000;6,000;rrrrrrrrrrrrGGGgggrrrrrrrrrrrrrGGGGgg;2,000
J17;75,000;0,583;4,250;10,231;17,000;-11,000;6,000;rrrrrrrrrrrrGGGgggrrrrrrrrrrrrrGGGGgg;2,000
J17;75,000;0,583;4,250;10,231;17,000;-11,000;6,000;rrrrrrrrrrrrGGGgggrrrrrrrrrrrrrGGGGgg;2,000
J17;75,000;0,583;4,250;10,231;17,000;-11,000;6,000;rrrrrrrrrrrrGGGgggrrrrrrrrrrrrrGGGGgg;2,000
J17;75,000;0,583;4,250;10,231;17,000;-11,000;6,000;rrrrrrrrrrrrGGGgggrrrrrrrrrrrrrGGGGgg;2,000
J17;75,000;0,583;4,250;10,231;17,000;14,395;31,395;rrrrrrrrrrrrGGGgggrrrrrrrrrrrrrGGGGgg;27,395
J17;75,000;0,583;4,250;10,231;17,000;14,395;31,395;rrrrrrrrrrrrGGGgggrrrrrrrrrrrrrGGGGgg;27,395
J17;75,000;0,583;4,250;10,231;17,000;14,395;31,395;rrrrrrrrrrrrGGGgggrrrrrrrrrrrrrGGGGgg;27,395
J17;75,000;0,583;4,250;10,231;17,000;14,395;31,395;rrrrrrrrrrrrGGGgggrrrrrrrrrrrrrGGGGgg;27,395
J17;75,000;0,583;4,250;10,231;17,000;14,395;31,395;rrrrrrrrrrrrGGGgggrrrrrrrrrrrrrGGGGgg;27,395
J17;75,000;0,583;4,250;10,231;17,000;14,395;31,395;rrrrrrrrrrrrGGGgggrrrrrrrrrrrrrGGGGgg;27,395
J17;75,000;0,583;4,250;10,231;3,000;6,000;9,000;rrrrrrrrrrrryyyyyyrrrrrrrrrrrrryyyyyy;5,000
J17;76,000;0,417;3,417;10,471;3,000;6,000;9,000;rrrrrrrrrrrryyyyyyrrrrrrrrrrrrryyyyyy;4,000
J17;76,000;0,417;3,417;10,471;3,000;6,000;9,000;rrrrrrrrrrrryyyyyyrrrrrrrrrrrrryyyyyy;4,000
J17;76,000;0,417;3,417;10,471;3,000;6,000;9,000;rrrrrrrrrrrryyyyyyrrrrrrrrrrrrryyyyyy;4,000
J17;76,000;0,417;3,417;10,471;1,000;6,000;7,000;rrrrrrrrrrrrrrrrrrrrrrrrrrrrrrrrrrrrr;2,000
J17;76,000;0,417;3,417;10,471;1,000;6,000;7,000;rrrrrrrrrrrrrrrrrrrrrrrrrrrrrrrrrrrrr;2,000
J17;76,000;0,417;3,417;10,471;1,000;6,000;7,000;rrrrrrrrrrrrrrrrrrrrrrrrrrrrrrrrrrrrr;2,000
J17;76,000;0,417;3,417;10,471;1,000;6,000;7,000;rrrrrrrrrrrrrrrrrrrrrrrrrrrrrrrrrrrrr;2,000
J17;76,000;0,417;3,417;10,471;1,000;6,000;7,000;rrrrrrrrrrrrrrrrrrrrrrrrrrrrrrrrrrrrr;2,000
J17;76,000;0,417;3,417;10,471;1,000;6,000;7,000;rrrrrrrrrrrrrrrrrrrrrrrrrrrrrrrrrrrrr;2,000
J17;76,000;0,417;3,417;10,471;16,000;0,000;16,000;rrrrrrGGGgggrrrrrrrrrrrrrGGGGggrrrrrr;16,000
J17;77,000;0,333;1,917;11,118;16,000;0,000;16,000;rrrrrrGGGgggrrrrrrrrrrrrrGGGGggrrrrrr;15,000
J17;77,000;0,333;1,917;11,118;16,000;0,000;16,000;rrrrrrGGGgggrrrrrrrrrrrrrGGGGggrrrrrr;15,000
J17;77,000;0,333;1,917;11,118;16,000;0,000;16,000;rrrrrrGGGgggrrrrrrrrrrrrrGGGGggrrrrrr;15,000
J17;77,000;0,333;1,917;11,118;16,000;0,000;16,000;rrrrrrGGGgggrrrrrrrrrrrrrGGGGggrrrrrr;15,000
J17;77,000;0,333;1,917;11,118;16,000;0,000;16,000;rrrrrrGGGgggrrrrrrrrrrrrrGGGGggrrrrrr;15,000
J17;77,000;0,333;1,917;11,118;16,000;0,000;16,000;rrrrrrGGGgggrrrrrrrrrrrrrGGGGggrrrrrr;15,000
J17;77,000;0,333;1,917;11,118;16,000;0,000;16,000;rrrrrrGGGgggrrrrrrrrrrrrrGGGGggrrrrrr;15,000
J17;77,000;0,333;1,917;11,118;16,000;0,000;16,000;rrrrrrGGGgggrrrrrrrrrrrrrGGGGggrrrrrr;15,000
J17;77,000;0,333;1,917;11,118;16,000;16,612;32,612;rrrrrrGGGgggrrrrrrrrrrrrrGGGGggrrrrrr;31,612
J17;77,000;0,333;1,917;11,118;16,000;16,612;32,612;rrrrrrGGGgggrrrrrrrrrrrrrGGGGggrrrrrr;31,612
J17;77,000;0,333;1,917;11,118;16,000;16,612;32,612;rrrrrrGGGgggrrrrrrrrrrrrrGGGGggrrrrrr;31,612
J17;77,000;0,333;1,917;11,118;16,000;16,612;32,612;rrrrrrGGGgggrrrrrrrrrrrrrGGGGggrrrrrr;31,612
J17;77,000;0,333;1,917;11,118;16,000;16,612;32,612;rrrrrrGGGgggrrrrrrrrrrrrrGGGGggrrrrrr;31,612
J17;77,000;0,333;1,917;11,118;16,000;16,612;32,612;rrrrrrGGGgggrrrrrrrrrrrrrGGGGggrrrrrr;31,612
J17;77,000;0,333;1,917;11,118;16,000;0,000;16,000;rrrrrrGGGgggrrrrrrrrrrrrrGGGGggrrrrrr;16,000
J17;78,000;0,167;1,250;10,545;16,000;0,000;16,000;rrrrrrGGGgggrrrrrrrrrrrrrGGGGggrrrrrr;15,000
J17;78,000;0,167;1,250;10,545;16,000;0,000;16,000;rrrrrrGGGgggrrrrrrrrrrrrrGGGGggrrrrrr;15,000
J17;78,000;0,167;1,250;10,545;16,000;0,000;16,000;rrrrrrGGGgggrrrrrrrrrrrrrGGGGggrrrrrr;15,000
J17;78,000;0,167;1,250;10,545;16,000;0,000;16,000;rrrrrrGGGgggrrrrrrrrrrrrrGGGGggrrrrrr;15,000
J17;78,000;0,167;1,250;10,545;16,000;0,000;16,000;rrrrrrGGGgggrrrrrrrrrrrrrGGGGggrrrrrr;15,000
J17;78,000;0,167;1,250;10,545;16,000;0,000;16,000;rrrrrrGGGgggrrrrrrrrrrrrrGGGGggrrrrrr;15,000
J17;78,000;0,167;1,250;10,545;16,000;0,000;16,000;rrrrrrGGGgggrrrrrrrrrrrrrGGGGggrrrrrr;15,000
J17;78,000;0,167;1,250;10,545;16,000;0,000;16,000;rrrrrrGGGgggrrrrrrrrrrrrrGGGGggrrrrrr;15,000
J17;78,000;0,167;1,250;10,545;16,000;-11,000;5,000;rrrrrrGGGgggrrrrrrrrrrrrrGGGGggrrrrrr;4,000
J17;78,000;0,167;1,250;10,545;16,000;-11,000;5,000;rrrrrrGGGgggrrrrrrrrrrrrrGGGGggrrrrrr;4,000
J17;78,000;0,167;1,250;10,545;16,000;-11,000;5,000;rrrrrrGGGgggrrrrrrrrrrrrrGGGGggrrrrrr;4,000
J17;78,000;0,167;1,250;10,545;16,000;-11,000;5,000;rrrrrrGGGgggrrrrrrrrrrrrrGGGGggrrrrrr;4,000
J17;78,000;0,167;1,250;10,545;16,000;-11,000;5,000;rrrrrrGGGgggrrrrrrrrrrrrrGGGGggrrrrrr;4,000
J17;78,000;0,167;1,250;10,545;16,000;0,000;16,000;rrrrrrGGGgggrrrrrrrrrrrrrGGGGggrrrrrr;16,000
J17;78,000;0,083;1,167;10,551;16,000;0,000;16,000;rrrrrrGGGgggrrrrrrrrrrrrrGGGGggrrrrrr;16,000
J17;79,000;0,083;1,167;10,551;16,000;0,000;16,000;rrrrrrGGGgggrrrrrrrrrrrrrGGGGggrrrrrr;15,000
J17;79,000;0,083;1,167;10,551;16,000;0,000;16,000;rrrrrrGGGgggrrrrrrrrrrrrrGGGGggrrrrrr;15,000
J17;79,000;0,083;1,167;10,551;16,000;0,000;16,000;rrrrrrGGGgggrrrrrrrrrrrrrGGGGggrrrrrr;15,000
J17;79,000;0,083;1,167;10,551;16,000;0,000;16,000;rrrrrrGGGgggrrrrrrrrrrrrrGGGGggrrrrrr;15,000
J17;79,000;0,083;1,167;10,551;16,000;0,000;16,000;rrrrrrGGGgggrrrrrrrrrrrrrGGGGggrrrrrr;15,000
J17;79,000;0,083;1,167;10,551;16,000;0,000;16,000;rrrrrrGGGgggrrrrrrrrrrrrrGGGGggrrrrrr;15,000
J17;79,000;0,083;1,167;10,551;16,000;0,000;16,000;rrrrrrGGGgggrrrrrrrrrrrrrGGGGggrrrrrr;15,000
J17;79,000;0,083;1,167;10,551;16,000;0,000;16,000;rrrrrrGGGgggrrrrrrrrrrrrrGGGGggrrrrrr;15,000
J17;79,000;0,083;1,167;10,551;16,000;-11,000;5,000;rrrrrrGGGgggrrrrrrrrrrrrrGGGGggrrrrrr;4,000
J17;79,000;0,083;1,167;10,551;16,000;-11,000;5,000;rrrrrrGGGgggrrrrrrrrrrrrrGGGGggrrrrrr;4,000
J17;79,000;0,083;1,167;10,551;16,000;-11,000;5,000;rrrrrrGGGgggrrrrrrrrrrrrrGGGGggrrrrrr;4,000
J17;79,000;0,083;1,167;10,551;16,000;-11,000;5,000;rrrrrrGGGgggrrrrrrrrrrrrrGGGGggrrrrrr;4,000
J17;79,000;0,083;1,167;10,551;16,000;-11,000;5,000;rrrrrrGGGgggrrrrrrrrrrrrrGGGGggrrrrrr;4,000
J17;79,000;0,083;1,167;10,551;16,000;-11,000;5,000;rrrrrrGGGgggrrrrrrrrrrrrrGGGGggrrrrrr;4,000
J17;79,000;0,167;1,333;10,511;16,000;0,000;16,000;rrrrrrGGGgggrrrrrrrrrrrrrGGGGggrrrrrr;16,000
J17;80,000;0,167;1,333;10,511;16,000;0,000;16,000;rrrrrrGGGgggrrrrrrrrrrrrrGGGGggrrrrrr;15,000
J17;80,000;0,167;1,333;10,511;16,000;0,000;16,000;rrrrrrGGGgggrrrrrrrrrrrrrGGGGggrrrrrr;15,000
J17;80,000;0,167;1,333;10,511;16,000;0,000;16,000;rrrrrrGGGgggrrrrrrrrrrrrrGGGGggrrrrrr;15,000
J17;80,000;0,167;1,333;10,511;16,000;0,000;16,000;rrrrrrGGGgggrrrrrrrrrrrrrGGGGggrrrrrr;15,000
J17;80,000;0,167;1,333;10,511;16,000;0,000;16,000;rrrrrrGGGgggrrrrrrrrrrrrrGGGGggrrrrrr;15,000
J17;80,000;0,167;1,333;10,511;16,000;0,000;16,000;rrrrrrGGGgggrrrrrrrrrrrrrGGGGggrrrrrr;15,000
J17;80,000;0,167;1,333;10,511;16,000;-11,000;5,000;rrrrrrGGGgggrrrrrrrrrrrrrGGGGggrrrrrr;4,000
J17;80,000;0,167;1,333;10,511;16,000;-11,000;5,000;rrrrrrGGGgggrrrrrrrrrrrrrGGGGggrrrrrr;4,000
J17;80,000;0,167;1,333;10,511;16,000;-11,000;5,000;rrrrrrGGGgggrrrrrrrrrrrrrGGGGggrrrrrr;4,000
J17;80,000;0,167;1,333;10,511;16,000;-11,000;5,000;rrrrrrGGGgggrrrrrrrrrrrrrGGGGggrrrrrr;4,000
J17;80,000;0,167;1,333;10,511;16,000;-11,000;5,000;rrrrrrGGGgggrrrrrrrrrrrrrGGGGggrrrrrr;4,000
J17;80,000;0,167;1,333;10,511;16,000;-11,000;5,000;rrrrrrGGGgggrrrrrrrrrrrrrGGGGggrrrrrr;4,000
J17;80,000;0,167;1,333;10,511;16,000;0,000;16,000;rrrrrrGGGgggrrrrrrrrrrrrrGGGGggrrrrrr;16,000
J17;81,000;0,417;1,583;11,324;16,000;0,000;16,000;rrrrrrGGGgggrrrrrrrrrrrrrGGGGggrrrrrr;15,000
J17;81,000;0,417;1,583;11,324;16,000;0,000;16,000;rrrrrrGGGgggrrrrrrrrrrrrrGGGGggrrrrrr;15,000
J17;81,000;0,417;1,583;11,324;16,000;0,000;16,000;rrrrrrGGGgggrrrrrrrrrrrrrGGGGggrrrrrr;15,000
J17;81,000;0,417;1,583;11,324;16,000;0,000;16,000;rrrrrrGGGgggrrrrrrrrrrrrrGGGGggrrrrrr;15,000
J17;81,000;0,417;1,583;11,324;16,000;0,000;16,000;rrrrrrGGGgggrrrrrrrrrrrrrGGGGggrrrrrr;15,000
J17;81,000;0,417;1,583;11,324;16,000;0,000;16,000;rrrrrrGGGgggrrrrrrrrrrrrrGGGGggrrrrrr;15,000
J17;81,000;0,417;1,583;11,324;16,000;0,000;16,000;rrrrrrGGGgggrrrrrrrrrrrrrGGGGggrrrrrr;15,000
J17;81,000;0,417;1,583;11,324;16,000;16,469;32,469;rrrrrrGGGgggrrrrrrrrrrrrrGGGGggrrrrrr;31,469
J17;81,000;0,417;1,583;11,324;16,000;16,469;32,469;rrrrrrGGGgggrrrrrrrrrrrrrGGGGggrrrrrr;31,469
J17;81,000;0,417;1,583;11,324;16,000;16,469;32,469;rrrrrrGGGgggrrrrrrrrrrrrrGGGGggrrrrrr;31,469
J17;81,000;0,417;1,583;11,324;16,000;16,469;32,469;rrrrrrGGGgggrrrrrrrrrrrrrGGGGggrrrrrr;31,469
J17;81,000;0,417;1,583;11,324;16,000;16,469;32,469;rrrrrrGGGgggrrrrrrrrrrrrrGGGGggrrrrrr;31,469
J17;81,000;0,417;1,583;11,324;16,000;16,469;32,469;rrrrrrGGGgggrrrrrrrrrrrrrGGGGggrrrrrr;31,469
J17;81,000;0,417;1,583;11,324;16,000;0,000;16,000;rrrrrrGGGgggrrrrrrrrrrrrrGGGGggrrrrrr;16,000
J17;82,000;0,250;1,833;11,349;16,000;0,000;16,000;rrrrrrGGGgggrrrrrrrrrrrrrGGGGggrrrrrr;15,000
J17;82,000;0,250;1,833;11,349;16,000;0,000;16,000;rrrrrrGGGgggrrrrrrrrrrrrrGGGGggrrrrrr;15,000
J17;82,000;0,250;1,833;11,349;16,000;0,000;16,000;rrrrrrGGGgggrrrrrrrrrrrrrGGGGggrrrrrr;15,000
J17;82,000;0,250;1,833;11,349;16,000;0,000;16,000;rrrrrrGGGgggrrrrrrrrrrrrrGGGGggrrrrrr;15,000
J17;82,000;0,250;1,833;11,349;16,000;0,000;16,000;rrrrrrGGGgggrrrrrrrrrrrrrGGGGggrrrrrr;15,000
J17;82,000;0,250;1,833;11,349;16,000;0,000;16,000;rrrrrrGGGgggrrrrrrrrrrrrrGGGGggrrrrrr;15,000
J17;82,000;0,250;1,833;11,349;16,000;0,000;16,000;rrrrrrGGGgggrrrrrrrrrrrrrGGGGggrrrrrr;15,000
J17;82,000;0,250;1,833;11,349;16,000;0,000;16,000;rrrrrrGGGgggrrrrrrrrrrrrrGGGGggrrrrrr;15,000
J17;82,000;0,250;1,833;11,349;16,000;-11,000;5,000;rrrrrrGGGgggrrrrrrrrrrrrrGGGGggrrrrrr;4,000
J17;82,000;0,250;1,833;11,349;16,000;-11,000;5,000;rrrrrrGGGgggrrrrrrrrrrrrrGGGGggrrrrrr;4,000
J17;82,000;0,250;1,833;11,349;16,000;-11,000;5,000;rrrrrrGGGgggrrrrrrrrrrrrrGGGGggrrrrrr;4,000
J17;82,000;0,250;1,833;11,349;16,000;-11,000;5,000;rrrrrrGGGgggrrrrrrrrrrrrrGGGGggrrrrrr;4,000
J17;82,000;0,250;1,833;11,349;16,000;-11,000;5,000;rrrrrrGGGgggrrrrrrrrrrrrrGGGGggrrrrrr;4,000
J17;82,000;0,250;1,833;11,349;16,000;-11,000;5,000;rrrrrrGGGgggrrrrrrrrrrrrrGGGGggrrrrrr;4,000
J17;82,000;0,250;1,833;11,349;16,000;-11,000;5,000;rrrrrrGGGgggrrrrrrrrrrrrrGGGGggrrrrrr;4,000
J17;83,000;0,333;2,167;11,493;3,000;2,000;5,000;rrrrrryyyyyyrrrrrrrrrrrrryyyyyyrrrrrr;3,000
J17;83,000;0,333;2,167;11,493;3,000;2,000;5,000;rrrrrryyyyyyrrrrrrrrrrrrryyyyyyrrrrrr;3,000
J17;83,000;0,333;2,167;11,493;3,000;2,000;5,000;rrrrrryyyyyyrrrrrrrrrrrrryyyyyyrrrrrr;3,000
J17;83,000;0,333;2,167;11,493;3,000;2,000;5,000;rrrrrryyyyyyrrrrrrrrrrrrryyyyyyrrrrrr;3,000
J17;83,000;0,333;2,167;11,493;16,000;0,000;16,000;rrrrrrGGGgggrrrrrrrrrrrrrGGGGggrrrrrr;16,000
J17;83,000;0,333;2,167;11,493;16,000;0,000;16,000;rrrrrrGGGgggrrrrrrrrrrrrrGGGGggrrrrrr;16,000
J17;83,000;0,333;2,167;11,493;16,000;0,000;16,000;rrrrrrGGGgggrrrrrrrrrrrrrGGGGggrrrrrr;16,000
J17;83,000;0,333;2,500;11,224;16,000;0,000;16,000;rrrrrrGGGgggrrrrrrrrrrrrrGGGGggrrrrrr;16,000
J17;84,000;0,333;2,500;11,224;16,000;0,000;16,000;rrrrrrGGGgggrrrrrrrrrrrrrGGGGggrrrrrr;15,000
J17;84,000;0,333;2,500;11,224;16,000;0,000;16,000;rrrrrrGGGgggrrrrrrrrrrrrrGGGGggrrrrrr;15,000
J17;84,000;0,333;2,500;11,224;16,000;0,000;16,000;rrrrrrGGGgggrrrrrrrrrrrrrGGGGggrrrrrr;15,000
J17;84,000;0,333;2,500;11,224;16,000;0,000;16,000;rrrrrrGGGgggrrrrrrrrrrrrrGGGGggrrrrrr;15,000
J17;84,000;0,333;2,500;11,224;16,000;0,000;16,000;rrrrrrGGGgggrrrrrrrrrrrrrGGGGggrrrrrr;15,000
J17;84,000;0,333;2,500;11,224;16,000;0,000;16,000;rrrrrrGGGgggrrrrrrrrrrrrrGGGGggrrrrrr;15,000
J17;84,000;0,333;2,500;11,224;16,000;0,000;16,000;rrrrrrGGGgggrrrrrrrrrrrrrGGGGggrrrrrr;15,000
J17;84,000;0,333;2,500;11,224;16,000;0,000;16,000;rrrrrrGGGgggrrrrrrrrrrrrrGGGGggrrrrrr;15,000
J17;84,000;0,333;2,500;11,224;16,000;-11,000;5,000;rrrrrrGGGgggrrrrrrrrrrrrrGGGGggrrrrrr;4,000
J17;84,000;0,333;2,500;11,224;16,000;-11,000;5,000;rrrrrrGGGgggrrrrrrrrrrrrrGGGGggrrrrrr;4,000
J17;84,000;0,333;2,500;11,224;16,000;-11,000;5,000;rrrrrrGGGgggrrrrrrrrrrrrrGGGGggrrrrrr;4,000
J17;84,000;0,333;2,500;11,224;16,000;-11,000;5,000;rrrrrrGGGgggrrrrrrrrrrrrrGGGGggrrrrrr;4,000
J17;84,000;0,333;2,500;11,224;16,000;-11,000;5,000;rrrrrrGGGgggrrrrrrrrrrrrrGGGGggrrrrrr;4,000
J17;84,000;0,333;2,500;11,224;16,000;-11,000;5,000;rrrrrrGGGgggrrrrrrrrrrrrrGGGGggrrrrrr;4,000
J17;84,000;0,333;2,500;11,224;16,000;-11,000;5,000;rrrrrrGGGgggrrrrrrrrrrrrrGGGGggrrrrrr;4,000
J17;85,000;0,333;2,833;11,150;16,000;-11,000;5,000;rrrrrrGGGgggrrrrrrrrrrrrrGGGGggrrrrrr;3,000
J17;85,000;0,333;2,833;11,150;16,000;-11,000;5,000;rrrrrrGGGgggrrrrrrrrrrrrrGGGGggrrrrrr;3,000
J17;85,000;0,333;2,833;11,150;16,000;-11,000;5,000;rrrrrrGGGgggrrrrrrrrrrrrrGGGGggrrrrrr;3,000
J17;85,000;0,333;2,833;11,150;16,000;-11,000;5,000;rrrrrrGGGgggrrrrrrrrrrrrrGGGGggrrrrrr;3,000
J17;85,000;0,333;2,833;11,150;16,000;-11,000;5,000;rrrrrrGGGgggrrrrrrrrrrrrrGGGGggrrrrrr;3,000
J17;85,000;0,333;2,833;11,150;16,000;-11,000;5,000;rrrrrrGGGgggrrrrrrrrrrrrrGGGGggrrrrrr;3,000
J17;85,000;0,333;2,833;11,150;16,000;-11,000;5,000;rrrrrrGGGgggrrrrrrrrrrrrrGGGGggrrrrrr;3,000
J17;85,000;0,333;2,833;11,150;16,000;-11,000;5,000;rrrrrrGGGgggrrrrrrrrrrrrrGGGGggrrrrrr;3,000
J17;85,000;0,333;2,833;11,150;16,000;-10,000;6,000;rrrrrrGGGgggrrrrrrrrrrrrrGGGGggrrrrrr;4,000
J17;85,000;0,333;2,833;11,150;16,000;-10,000;6,000;rrrrrrGGGgggrrrrrrrrrrrrrGGGGggrrrrrr;4,000
J17;85,000;0,333;2,833;11,150;16,000;-10,000;6,000;rrrrrrGGGgggrrrrrrrrrrrrrGGGGggrrrrrr;4,000
J17;85,000;0,333;2,833;11,150;16,000;-10,000;6,000;rrrrrrGGGgggrrrrrrrrrrrrrGGGGggrrrrrr;4,000
J17;85,000;0,333;2,833;11,150;16,000;-10,000;6,000;rrrrrrGGGgggrrrrrrrrrrrrrGGGGggrrrrrr;4,000
J17;85,000;0,333;2,833;11,150;16,000;-10,000;6,000;rrrrrrGGGgggrrrrrrrrrrrrrGGGGggrrrrrr;4,000
J17;85,000;0,333;2,833;11,150;16,000;-10,000;6,000;rrrrrrGGGgggrrrrrrrrrrrrrGGGGggrrrrrr;4,000
J17;85,000;0,333;2,833;11,150;16,000;-10,000;6,000;rrrrrrGGGgggrrrrrrrrrrrrrGGGGggrrrrrr;4,000
J17;86,000;0,417;3,250;10,788;16,000;-10,000;6,000;rrrrrrGGGgggrrrrrrrrrrrrrGGGGggrrrrrr;3,000
J17;86,000;0,417;3,250;10,788;16,000;-10,000;6,000;rrrrrrGGGgggrrrrrrrrrrrrrGGGGggrrrrrr;3,000
J17;86,000;0,417;3,250;10,788;16,000;-10,000;6,000;rrrrrrGGGgggrrrrrrrrrrrrrGGGGggrrrrrr;3,000
J17;86,000;0,417;3,250;10,788;16,000;-10,000;6,000;rrrrrrGGGgggrrrrrrrrrrrrrGGGGggrrrrrr;3,000
J17;86,000;0,417;3,250;10,788;16,000;-10,000;6,000;rrrrrrGGGgggrrrrrrrrrrrrrGGGGggrrrrrr;3,000
J17;86,000;0,417;3,250;10,788;16,000;-10,000;6,000;rrrrrrGGGgggrrrrrrrrrrrrrGGGGggrrrrrr;3,000
J17;86,000;0,417;3,250;10,788;16,000;-10,000;6,000;rrrrrrGGGgggrrrrrrrrrrrrrGGGGggrrrrrr;3,000
J17;86,000;0,417;3,250;10,788;16,000;-10,000;6,000;rrrrrrGGGgggrrrrrrrrrrrrrGGGGggrrrrrr;3,000
J17;86,000;0,417;3,250;10,788;16,000;-9,000;7,000;rrrrrrGGGgggrrrrrrrrrrrrrGGGGggrrrrrr;4,000
J17;86,000;0,417;3,250;10,788;16,000;-9,000;7,000;rrrrrrGGGgggrrrrrrrrrrrrrGGGGggrrrrrr;4,000
J17;86,000;0,417;3,250;10,788;16,000;-9,000;7,000;rrrrrrGGGgggrrrrrrrrrrrrrGGGGggrrrrrr;4,000
J17;86,000;0,417;3,250;10,788;16,000;-9,000;7,000;rrrrrrGGGgggrrrrrrrrrrrrrGGGGggrrrrrr;4,000
J17;86,000;0,417;3,250;10,788;16,000;-9,000;7,000;rrrrrrGGGgggrrrrrrrrrrrrrGGGGggrrrrrr;4,000
J17;86,000;0,417;3,250;10,788;16,000;-9,000;7,000;rrrrrrGGGgggrrrrrrrrrrrrrGGGGggrrrrrr;4,000
J17;86,000;0,417;3,250;10,788;16,000;-9,000;7,000;rrrrrrGGGgggrrrrrrrrrrrrrGGGGggrrrrrr;4,000
J17;86,000;0,417;3,250;10,788;16,000;-9,000;7,000;rrrrrrGGGgggrrrrrrrrrrrrrGGGGggrrrrrr;4,000
J17;87,000;0,500;3,750;10,603;16,000;-9,000;7,000;rrrrrrGGGgggrrrrrrrrrrrrrGGGGggrrrrrr;3,000
J17;87,000;0,500;3,750;10,603;16,000;-9,000;7,000;rrrrrrGGGgggrrrrrrrrrrrrrGGGGggrrrrrr;3,000
J17;87,000;0,500;3,750;10,603;16,000;-9,000;7,000;rrrrrrGGGgggrrrrrrrrrrrrrGGGGggrrrrrr;3,000
J17;87,000;0,500;3,750;10,603;16,000;-9,000;7,000;rrrrrrGGGgggrrrrrrrrrrrrrGGGGggrrrrrr;3,000
J17;87,000;0,500;3,750;10,603;16,000;-9,000;7,000;rrrrrrGGGgggrrrrrrrrrrrrrGGGGggrrrrrr;3,000
J17;87,000;0,500;3,750;10,603;16,000;-9,000;7,000;rrrrrrGGGgggrrrrrrrrrrrrrGGGGggrrrrrr;3,000
J17;87,000;0,500;3,750;10,603;16,000;-9,000;7,000;rrrrrrGGGgggrrrrrrrrrrrrrGGGGggrrrrrr;3,000
J17;87,000;0,500;3,750;10,603;16,000;-9,000;7,000;rrrrrrGGGgggrrrrrrrrrrrrrGGGGggrrrrrr;3,000
J17;87,000;0,500;3,750;10,603;16,000;-8,000;8,000;rrrrrrGGGgggrrrrrrrrrrrrrGGGGggrrrrrr;4,000
J17;87,000;0,500;3,750;10,603;16,000;-8,000;8,000;rrrrrrGGGgggrrrrrrrrrrrrrGGGGggrrrrrr;4,000
J17;87,000;0,500;3,750;10,603;16,000;-8,000;8,000;rrrrrrGGGgggrrrrrrrrrrrrrGGGGggrrrrrr;4,000
J17;87,000;0,500;3,750;10,603;16,000;-8,000;8,000;rrrrrrGGGgggrrrrrrrrrrrrrGGGGggrrrrrr;4,000
J17;87,000;0,500;3,750;10,603;16,000;-8,000;8,000;rrrrrrGGGgggrrrrrrrrrrrrrGGGGggrrrrrr;4,000
J17;87,000;0,500;3,750;10,603;16,000;-8,000;8,000;rrrrrrGGGgggrrrrrrrrrrrrrGGGGggrrrrrr;4,000
J17;87,000;0,500;3,750;10,603;16,000;-8,000;8,000;rrrrrrGGGgggrrrrrrrrrrrrrGGGGggrrrrrr;4,000
J17;88,000;0,833;4,417;10,086;16,000;-8,000;8,000;rrrrrrGGGgggrrrrrrrrrrrrrGGGGggrrrrrr;3,000
J17;88,000;0,833;4,417;10,086;16,000;-8,000;8,000;rrrrrrGGGgggrrrrrrrrrrrrrGGGGggrrrrrr;3,000
J17;88,000;0,833;4,417;10,086;16,000;-8,000;8,000;rrrrrrGGGgggrrrrrrrrrrrrrGGGGggrrrrrr;3,000
J17;88,000;0,833;4,417;10,086;16,000;-8,000;8,000;rrrrrrGGGgggrrrrrrrrrrrrrGGGGggrrrrrr;3,000
J17;88,000;0,833;4,417;10,086;16,000;-8,000;8,000;rrrrrrGGGgggrrrrrrrrrrrrrGGGGggrrrrrr;3,000
J17;88,000;0,833;4,417;10,086;16,000;-8,000;8,000;rrrrrrGGGgggrrrrrrrrrrrrrGGGGggrrrrrr;3,000
J17;88,000;0,833;4,417;10,086;16,000;-8,000;8,000;rrrrrrGGGgggrrrrrrrrrrrrrGGGGggrrrrrr;3,000
J17;88,000;0,833;4,417;10,086;16,000;-8,000;8,000;rrrrrrGGGgggrrrrrrrrrrrrrGGGGggrrrrrr;3,000
J17;88,000;0,833;4,417;10,086;16,000;12,053;28,053;rrrrrrGGGgggrrrrrrrrrrrrrGGGGggrrrrrr;23,053
J17;88,000;0,833;4,417;10,086;16,000;12,053;28,053;rrrrrrGGGgggrrrrrrrrrrrrrGGGGggrrrrrr;23,053
J17;88,000;0,833;4,417;10,086;16,000;12,053;28,053;rrrrrrGGGgggrrrrrrrrrrrrrGGGGggrrrrrr;23,053
J17;88,000;0,833;4,417;10,086;16,000;12,053;28,053;rrrrrrGGGgggrrrrrrrrrrrrrGGGGggrrrrrr;23,053
J17;88,000;0,833;4,417;10,086;16,000;12,053;28,053;rrrrrrGGGgggrrrrrrrrrrrrrGGGGggrrrrrr;23,053
J17;88,000;0,833;4,417;10,086;16,000;12,053;28,053;rrrrrrGGGgggrrrrrrrrrrrrrGGGGggrrrrrr;23,053
J17;88,000;0,833;4,417;10,086;16,000;12,053;28,053;rrrrrrGGGgggrrrrrrrrrrrrrGGGGggrrrrrr;23,053
J17;88,000;0,750;5,167;10,320;16,000;12,053;28,053;rrrrrrGGGgggrrrrrrrrrrrrrGGGGggrrrrrr;23,053
J17;89,000;0,750;5,167;10,320;16,000;12,053;28,053;rrrrrrGGGgggrrrrrrrrrrrrrGGGGggrrrrrr;22,053
J17;89,000;0,750;5,167;10,320;16,000;12,053;28,053;rrrrrrGGGgggrrrrrrrrrrrrrGGGGggrrrrrr;22,053
J17;89,000;0,750;5,167;10,320;16,000;12,053;28,053;rrrrrrGGGgggrrrrrrrrrrrrrGGGGggrrrrrr;22,053
J17;89,000;0,750;5,167;10,320;16,000;12,053;28,053;rrrrrrGGGgggrrrrrrrrrrrrrGGGGggrrrrrr;22,053
J17;89,000;0,750;5,167;10,320;16,000;12,053;28,053;rrrrrrGGGgggrrrrrrrrrrrrrGGGGggrrrrrr;22,053
J17;89,000;0,750;5,167;10,320;16,000;12,053;28,053;rrrrrrGGGgggrrrrrrrrrrrrrGGGGggrrrrrr;22,053
J17;89,000;0,750;5,167;10,320;16,000;12,053;28,053;rrrrrrGGGgggrrrrrrrrrrrrrGGGGggrrrrrr;22,053
J17;89,000;0,750;5,167;10,320;16,000;-6,000;10,000;rrrrrrGGGgggrrrrrrrrrrrrrGGGGggrrrrrr;4,000
J17;89,000;0,750;5,167;10,320;16,000;-6,000;10,000;rrrrrrGGGgggrrrrrrrrrrrrrGGGGggrrrrrr;4,000
J17;89,000;0,750;5,167;10,320;16,000;-6,000;10,000;rrrrrrGGGgggrrrrrrrrrrrrrGGGGggrrrrrr;4,000
J17;89,000;0,750;5,167;10,320;16,000;-6,000;10,000;rrrrrrGGGgggrrrrrrrrrrrrrGGGGggrrrrrr;4,000
J17;89,000;0,750;5,167;10,320;16,000;-6,000;10,000;rrrrrrGGGgggrrrrrrrrrrrrrGGGGggrrrrrr;4,000
J17;89,000;0,750;5,167;10,320;16,000;-6,000;10,000;rrrrrrGGGgggrrrrrrrrrrrrrGGGGggrrrrrr;4,000
J17;89,000;0,750;5,167;10,320;16,000;-6,000;10,000;rrrrrrGGGgggrrrrrrrrrrrrrGGGGggrrrrrr;4,000
J17;90,000;0,917;6,083;10,340;16,000;-6,000;10,000;rrrrrrGGGgggrrrrrrrrrrrrrGGGGggrrrrrr;3,000
J17;90,000;0,917;6,083;10,340;16,000;-6,000;10,000;rrrrrrGGGgggrrrrrrrrrrrrrGGGGggrrrrrr;3,000
J17;90,000;0,917;6,083;10,340;16,000;-6,000;10,000;rrrrrrGGGgggrrrrrrrrrrrrrGGGGggrrrrrr;3,000
J17;90,000;0,917;6,083;10,340;16,000;-6,000;10,000;rrrrrrGGGgggrrrrrrrrrrrrrGGGGggrrrrrr;3,000
J17;90,000;0,917;6,083;10,340;16,000;-6,000;10,000;rrrrrrGGGgggrrrrrrrrrrrrrGGGGggrrrrrr;3,000
J17;90,000;0,917;6,083;10,340;16,000;-6,000;10,000;rrrrrrGGGgggrrrrrrrrrrrrrGGGGggrrrrrr;3,000
J17;90,000;0,917;6,083;10,340;16,000;-6,000;10,000;rrrrrrGGGgggrrrrrrrrrrrrrGGGGggrrrrrr;3,000
J17;90,000;0,917;6,083;10,340;16,000;-6,000;10,000;rrrrrrGGGgggrrrrrrrrrrrrrGGGGggrrrrrr;3,000
J17;90,000;0,917;6,083;10,340;16,000;-6,000;10,000;rrrrrrGGGgggrrrrrrrrrrrrrGGGGggrrrrrr;3,000
J17;90,000;0,917;6,083;10,340;16,000;-5,000;11,000;rrrrrrGGGgggrrrrrrrrrrrrrGGGGggrrrrrr;4,000
J17;90,000;0,917;6,083;10,340;16,000;-5,000;11,000;rrrrrrGGGgggrrrrrrrrrrrrrGGGGggrrrrrr;4,000
J17;90,000;0,917;6,083;10,340;16,000;-5,000;11,000;rrrrrrGGGgggrrrrrrrrrrrrrGGGGggrrrrrr;4,000
J17;90,000;0,917;6,083;10,340;16,000;-5,000;11,000;rrrrrrGGGgggrrrrrrrrrrrrrGGGGggrrrrrr;4,000
J17;90,000;0,917;6,083;10,340;16,000;-5,000;11,000;rrrrrrGGGgggrrrrrrrrrrrrrGGGGggrrrrrr;4,000
J17;90,000;0,917;6,083;10,340;16,000;-5,000;11,000;rrrrrrGGGgggrrrrrrrrrrrrrGGGGggrrrrrr;4,000
J17;90,000;0,917;6,083;10,340;16,000;-5,000;11,000;rrrrrrGGGgggrrrrrrrrrrrrrGGGGggrrrrrr;4,000
J17;90,000;0,917;6,083;10,340;16,000;-5,000;11,000;rrrrrrGGGgggrrrrrrrrrrrrrGGGGggrrrrrr;4,000
J17;91,000;1,000;7,083;10,304;16,000;-5,000;11,000;rrrrrrGGGgggrrrrrrrrrrrrrGGGGggrrrrrr;3,000
J17;91,000;1,000;7,083;10,304;16,000;-5,000;11,000;rrrrrrGGGgggrrrrrrrrrrrrrGGGGggrrrrrr;3,000
J17;91,000;1,000;7,083;10,304;16,000;-5,000;11,000;rrrrrrGGGgggrrrrrrrrrrrrrGGGGggrrrrrr;3,000
J17;91,000;1,000;7,083;10,304;16,000;-5,000;11,000;rrrrrrGGGgggrrrrrrrrrrrrrGGGGggrrrrrr;3,000
J17;91,000;1,000;7,083;10,304;16,000;-5,000;11,000;rrrrrrGGGgggrrrrrrrrrrrrrGGGGggrrrrrr;3,000
J17;91,000;1,000;7,083;10,304;16,000;-5,000;11,000;rrrrrrGGGgggrrrrrrrrrrrrrGGGGggrrrrrr;3,000
J17;91,000;1,000;7,083;10,304;16,000;-5,000;11,000;rrrrrrGGGgggrrrrrrrrrrrrrGGGGggrrrrrr;3,000
J17;91,000;1,000;7,083;10,304;16,000;-5,000;11,000;rrrrrrGGGgggrrrrrrrrrrrrrGGGGggrrrrrr;3,000
J17;91,000;1,000;7,083;10,304;16,000;-4,000;12,000;rrrrrrGGGgggrrrrrrrrrrrrrGGGGggrrrrrr;4,000
J17;91,000;1,000;7,083;10,304;16,000;-4,000;12,000;rrrrrrGGGgggrrrrrrrrrrrrrGGGGggrrrrrr;4,000
J17;91,000;1,000;7,083;10,304;16,000;-4,000;12,000;rrrrrrGGGgggrrrrrrrrrrrrrGGGGggrrrrrr;4,000
J17;91,000;1,000;7,083;10,304;16,000;-4,000;12,000;rrrrrrGGGgggrrrrrrrrrrrrrGGGGggrrrrrr;4,000
J17;91,000;1,000;7,083;10,304;16,000;-4,000;12,000;rrrrrrGGGgggrrrrrrrrrrrrrGGGGggrrrrrr;4,000
J17;91,000;1,000;7,083;10,304;16,000;-4,000;12,000;rrrrrrGGGgggrrrrrrrrrrrrrGGGGggrrrrrr;4,000
J17;91,000;1,000;7,083;10,304;16,000;-4,000;12,000;rrrrrrGGGgggrrrrrrrrrrrrrGGGGggrrrrrr;4,000
J17;91,000;1,000;7,083;10,304;16,000;-4,000;12,000;rrrrrrGGGgggrrrrrrrrrrrrrGGGGggrrrrrr;4,000
J17;91,000;1,000;7,083;10,304;16,000;-4,000;12,000;rrrrrrGGGgggrrrrrrrrrrrrrGGGGggrrrrrr;4,000
J17;91,000;1,000;7,083;10,304;16,000;-4,000;12,000;rrrrrrGGGgggrrrrrrrrrrrrrGGGGggrrrrrr;4,000
J17;92,000;1,000;6,667;10,108;17,000;13,000;30,000;rrrrrrrrrrrrGGGgggrrrrrrrrrrrrrGGGGgg;29,000
J17;92,000;1,000;6,667;10,108;17,000;13,000;30,000;rrrrrrrrrrrrGGGgggrrrrrrrrrrrrrGGGGgg;29,000
J17;92,000;1,000;6,667;10,108;17,000;13,000;30,000;rrrrrrrrrrrrGGGgggrrrrrrrrrrrrrGGGGgg;29,000
J17;92,000;1,000;6,667;10,108;17,000;13,000;30,000;rrrrrrrrrrrrGGGgggrrrrrrrrrrrrrGGGGgg;29,000
J17;92,000;1,000;6,667;10,108;17,000;13,000;30,000;rrrrrrrrrrrrGGGgggrrrrrrrrrrrrrGGGGgg;29,000
J17;92,000;1,000;6,667;10,108;17,000;13,000;30,000;rrrrrrrrrrrrGGGgggrrrrrrrrrrrrrGGGGgg;29,000
J17;92,000;1,000;6,667;10,108;17,000;13,000;30,000;rrrrrrrrrrrrGGGgggrrrrrrrrrrrrrGGGGgg;29,000
J17;92,000;1,000;6,667;10,108;17,000;7,775;24,775;rrrrrrrrrrrrGGGgggrrrrrrrrrrrrrGGGGgg;23,775
J17;92,000;1,000;6,667;10,108;17,000;7,775;24,775;rrrrrrrrrrrrGGGgggrrrrrrrrrrrrrGGGGgg;23,775
J17;92,000;1,000;6,667;10,108;17,000;7,775;24,775;rrrrrrrrrrrrGGGgggrrrrrrrrrrrrrGGGGgg;23,775
J17;92,000;1,000;6,667;10,108;17,000;7,775;24,775;rrrrrrrrrrrrGGGgggrrrrrrrrrrrrrGGGGgg;23,775
J17;92,000;1,000;6,667;10,108;17,000;7,775;24,775;rrrrrrrrrrrrGGGgggrrrrrrrrrrrrrGGGGgg;23,775
J17;92,000;1,000;6,667;10,108;17,000;7,775;24,775;rrrrrrrrrrrrGGGgggrrrrrrrrrrrrrGGGGgg;23,775
J17;92,000;1,000;6,667;10,108;17,000;7,775;24,775;rrrrrrrrrrrrGGGgggrrrrrrrrrrrrrGGGGgg;23,775
J17;92,000;1,000;6,667;10,108;17,000;7,775;24,775;rrrrrrrrrrrrGGGgggrrrrrrrrrrrrrGGGGgg;23,775
J17;93,000;1,000;6,417;10,117;17,000;7,775;24,775;rrrrrrrrrrrrGGGgggrrrrrrrrrrrrrGGGGgg;22,775
J17;93,000;1,000;6,417;10,117;17,000;7,775;24,775;rrrrrrrrrrrrGGGgggrrrrrrrrrrrrrGGGGgg;22,775
J17;93,000;1,000;6,417;10,117;17,000;7,775;24,775;rrrrrrrrrrrrGGGgggrrrrrrrrrrrrrGGGGgg;22,775
J17;93,000;1,000;6,417;10,117;17,000;7,775;24,775;rrrrrrrrrrrrGGGgggrrrrrrrrrrrrrGGGGgg;22,775
J17;93,000;1,000;6,417;10,117;17,000;7,775;24,775;rrrrrrrrrrrrGGGgggrrrrrrrrrrrrrGGGGgg;22,775
J17;93,000;1,000;6,417;10,117;17,000;7,775;24,775;rrrrrrrrrrrrGGGgggrrrrrrrrrrrrrGGGGgg;22,775
J17;93,000;1,000;6,417;10,117;17,000;7,775;24,775;rrrrrrrrrrrrGGGgggrrrrrrrrrrrrrGGGGgg;22,775
J17;93,000;1,000;6,417;10,117;17,000;7,775;24,775;rrrrrrrrrrrrGGGgggrrrrrrrrrrrrrGGGGgg;22,775
J17;93,000;1,000;6,417;10,117;17,000;7,775;24,775;rrrrrrrrrrrrGGGgggrrrrrrrrrrrrrGGGGgg;22,775
J17;93,000;1,000;6,417;10,117;17,000;7,775;24,775;rrrrrrrrrrrrGGGgggrrrrrrrrrrrrrGGGGgg;22,775
J17;93,000;1,000;6,417;10,117;17,000;7,775;24,775;rrrrrrrrrrrrGGGgggrrrrrrrrrrrrrGGGGgg;22,775
J17;93,000;1,000;6,417;10,117;17,000;7,775;24,775;rrrrrrrrrrrrGGGgggrrrrrrrrrrrrrGGGGgg;22,775
J17;93,000;1,000;6,417;10,117;17,000;7,775;24,775;rrrrrrrrrrrrGGGgggrrrrrrrrrrrrrGGGGgg;22,775
J17;93,000;1,000;6,417;10,117;17,000;7,775;24,775;rrrrrrrrrrrrGGGgggrrrrrrrrrrrrrGGGGgg;22,775
J17;93,000;1,000;6,417;10,117;17,000;7,775;24,775;rrrrrrrrrrrrGGGgggrrrrrrrrrrrrrGGGGgg;22,775
J17;93,000;1,000;6,417;10,117;17,000;7,775;24,775;rrrrrrrrrrrrGGGgggrrrrrrrrrrrrrGGGGgg;22,775
J17;94,000;0,917;6,250;10,301;17,000;7,775;24,775;rrrrrrrrrrrrGGGgggrrrrrrrrrrrrrGGGGgg;21,775
J17;94,000;0,917;6,250;10,301;17,000;7,775;24,775;rrrrrrrrrrrrGGGgggrrrrrrrrrrrrrGGGGgg;21,775
J17;94,000;0,917;6,250;10,301;17,000;7,775;24,775;rrrrrrrrrrrrGGGgggrrrrrrrrrrrrrGGGGgg;21,775
J17;94,000;0,917;6,250;10,301;17,000;7,775;24,775;rrrrrrrrrrrrGGGgggrrrrrrrrrrrrrGGGGgg;21,775
J17;94,000;0,917;6,250;10,301;17,000;7,775;24,775;rrrrrrrrrrrrGGGgggrrrrrrrrrrrrrGGGGgg;21,775
J17;94,000;0,917;6,250;10,301;17,000;7,775;24,775;rrrrrrrrrrrrGGGgggrrrrrrrrrrrrrGGGGgg;21,775
J17;94,000;0,917;6,250;10,301;17,000;7,775;24,775;rrrrrrrrrrrrGGGgggrrrrrrrrrrrrrGGGGgg;21,775
J17;94,000;0,917;6,250;10,301;17,000;7,775;24,775;rrrrrrrrrrrrGGGgggrrrrrrrrrrrrrGGGGgg;21,775
J17;94,000;0,917;6,250;10,301;17,000;7,775;24,775;rrrrrrrrrrrrGGGgggrrrrrrrrrrrrrGGGGgg;21,775
J17;94,000;0,917;6,250;10,301;17,000;7,775;24,775;rrrrrrrrrrrrGGGgggrrrrrrrrrrrrrGGGGgg;21,775
J17;94,000;0,917;6,250;10,301;17,000;7,775;24,775;rrrrrrrrrrrrGGGgggrrrrrrrrrrrrrGGGGgg;21,775
J17;94,000;0,917;6,250;10,301;17,000;7,775;24,775;rrrrrrrrrrrrGGGgggrrrrrrrrrrrrrGGGGgg;21,775
J17;94,000;0,917;6,250;10,301;17,000;7,775;24,775;rrrrrrrrrrrrGGGgggrrrrrrrrrrrrrGGGGgg;21,775
J17;94,000;0,917;6,250;10,301;17,000;7,775;24,775;rrrrrrrrrrrrGGGgggrrrrrrrrrrrrrGGGGgg;21,775
J17;94,000;0,917;6,250;10,301;17,000;7,775;24,775;rrrrrrrrrrrrGGGgggrrrrrrrrrrrrrGGGGgg;21,775
J17;94,000;0,917;6,250;10,301;17,000;7,775;24,775;rrrrrrrrrrrrGGGgggrrrrrrrrrrrrrGGGGgg;21,775
J17;94,000;0,917;6,667;10,098;17,000;7,775;24,775;rrrrrrrrrrrrGGGgggrrrrrrrrrrrrrGGGGgg;21,775
J17;95,000;0,917;6,333;10,098;17,000;7,775;24,775;rrrrrrrrrrrrGGGgggrrrrrrrrrrrrrGGGGgg;20,775
J17;95,000;0,917;6,333;10,098;17,000;7,775;24,775;rrrrrrrrrrrrGGGgggrrrrrrrrrrrrrGGGGgg;20,775
J17;95,000;0,917;6,333;10,098;17,000;7,775;24,775;rrrrrrrrrrrrGGGgggrrrrrrrrrrrrrGGGGgg;20,775
J17;95,000;0,917;6,333;10,098;17,000;7,775;24,775;rrrrrrrrrrrrGGGgggrrrrrrrrrrrrrGGGGgg;20,775
J17;95,000;0,917;6,333;10,098;17,000;7,775;24,775;rrrrrrrrrrrrGGGgggrrrrrrrrrrrrrGGGGgg;20,775
J17;95,000;0,917;6,333;10,098;17,000;7,775;24,775;rrrrrrrrrrrrGGGgggrrrrrrrrrrrrrGGGGgg;20,775
J17;95,000;0,917;6,333;10,098;17,000;7,775;24,775;rrrrrrrrrrrrGGGgggrrrrrrrrrrrrrGGGGgg;20,775
J17;95,000;0,917;6,333;10,098;17,000;7,775;24,775;rrrrrrrrrrrrGGGgggrrrrrrrrrrrrrGGGGgg;20,775
J17;95,000;0,917;6,333;10,098;17,000;7,775;24,775;rrrrrrrrrrrrGGGgggrrrrrrrrrrrrrGGGGgg;20,775
J17;95,000;0,917;6,333;10,098;17,000;7,393;24,393;rrrrrrrrrrrrGGGgggrrrrrrrrrrrrrGGGGgg;20,393
J17;95,000;0,917;6,333;10,098;17,000;7,393;24,393;rrrrrrrrrrrrGGGgggrrrrrrrrrrrrrGGGGgg;20,393
J17;95,000;0,917;6,333;10,098;17,000;7,393;24,393;rrrrrrrrrrrrGGGgggrrrrrrrrrrrrrGGGGgg;20,393
J17;95,000;0,917;6,333;10,098;17,000;7,393;24,393;rrrrrrrrrrrrGGGgggrrrrrrrrrrrrrGGGGgg;20,393
J17;95,000;0,917;6,333;10,098;17,000;7,393;24,393;rrrrrrrrrrrrGGGgggrrrrrrrrrrrrrGGGGgg;20,393
J17;95,000;0,917;6,333;10,098;17,000;7,393;24,393;rrrrrrrrrrrrGGGgggrrrrrrrrrrrrrGGGGgg;20,393
J17;95,000;0,917;6,333;10,098;17,000;7,393;24,393;rrrrrrrrrrrrGGGgggrrrrrrrrrrrrrGGGGgg;20,393
J17;95,000;0,917;6,333;10,098;17,000;7,393;24,393;rrrrrrrrrrrrGGGgggrrrrrrrrrrrrrGGGGgg;20,393
J17;96,000;0,750;6,417;10,110;17,000;7,393;24,393;rrrrrrrrrrrrGGGgggrrrrrrrrrrrrrGGGGgg;19,393
J17;96,000;0,750;6,417;10,110;17,000;7,393;24,393;rrrrrrrrrrrrGGGgggrrrrrrrrrrrrrGGGGgg;19,393
J17;96,000;0,750;6,417;10,110;17,000;7,393;24,393;rrrrrrrrrrrrGGGgggrrrrrrrrrrrrrGGGGgg;19,393
J17;96,000;0,750;6,417;10,110;17,000;7,393;24,393;rrrrrrrrrrrrGGGgggrrrrrrrrrrrrrGGGGgg;19,393
J17;96,000;0,750;6,417;10,110;17,000;7,393;24,393;rrrrrrrrrrrrGGGgggrrrrrrrrrrrrrGGGGgg;19,393
J17;96,000;0,750;6,417;10,110;17,000;7,393;24,393;rrrrrrrrrrrrGGGgggrrrrrrrrrrrrrGGGGgg;19,393
J17;96,000;0,750;6,417;10,110;17,000;7,393;24,393;rrrrrrrrrrrrGGGgggrrrrrrrrrrrrrGGGGgg;19,393
J17;96,000;0,750;6,417;10,110;17,000;8,468;25,468;rrrrrrrrrrrrGGGgggrrrrrrrrrrrrrGGGGgg;20,468
J17;96,000;0,750;6,417;10,110;17,000;8,468;25,468;rrrrrrrrrrrrGGGgggrrrrrrrrrrrrrGGGGgg;20,468
J17;96,000;0,750;6,417;10,110;17,000;8,468;25,468;rrrrrrrrrrrrGGGgggrrrrrrrrrrrrrGGGGgg;20,468
J17;96,000;0,750;6,417;10,110;17,000;8,468;25,468;rrrrrrrrrrrrGGGgggrrrrrrrrrrrrrGGGGgg;20,468
J17;96,000;0,750;6,417;10,110;17,000;8,468;25,468;rrrrrrrrrrrrGGGgggrrrrrrrrrrrrrGGGGgg;20,468
J17;96,000;0,750;6,417;10,110;17,000;8,468;25,468;rrrrrrrrrrrrGGGgggrrrrrrrrrrrrrGGGGgg;20,468
J17;96,000;0,750;6,417;10,110;17,000;8,468;25,468;rrrrrrrrrrrrGGGgggrrrrrrrrrrrrrGGGGgg;20,468
J17;97,000;0,750;6,583;10,018;17,000;8,468;25,468;rrrrrrrrrrrrGGGgggrrrrrrrrrrrrrGGGGgg;19,468
J17;97,000;0,750;6,583;10,018;17,000;8,468;25,468;rrrrrrrrrrrrGGGgggrrrrrrrrrrrrrGGGGgg;19,468
J17;97,000;0,750;6,583;10,018;17,000;8,468;25,468;rrrrrrrrrrrrGGGgggrrrrrrrrrrrrrGGGGgg;19,468
J17;97,000;0,750;6,583;10,018;17,000;8,468;25,468;rrrrrrrrrrrrGGGgggrrrrrrrrrrrrrGGGGgg;19,468
J17;97,000;0,750;6,583;10,018;17,000;8,468;25,468;rrrrrrrrrrrrGGGgggrrrrrrrrrrrrrGGGGgg;19,468
J17;97,000;0,750;6,583;10,018;17,000;8,468;25,468;rrrrrrrrrrrrGGGgggrrrrrrrrrrrrrGGGGgg;19,468
J17;97,000;0,750;6,583;10,018;17,000;8,468;25,468;rrrrrrrrrrrrGGGgggrrrrrrrrrrrrrGGGGgg;19,468
J17;97,000;0,750;6,583;10,018;17,000;8,468;25,468;rrrrrrrrrrrrGGGgggrrrrrrrrrrrrrGGGGgg;19,468
J17;97,000;0,750;6,583;10,018;17,000;8,468;25,468;rrrrrrrrrrrrGGGgggrrrrrrrrrrrrrGGGGgg;19,468
J17;97,000;0,750;6,583;10,018;17,000;8,924;25,924;rrrrrrrrrrrrGGGgggrrrrrrrrrrrrrGGGGgg;19,924
J17;97,000;0,750;6,583;10,018;17,000;8,924;25,924;rrrrrrrrrrrrGGGgggrrrrrrrrrrrrrGGGGgg;19,924
J17;97,000;0,750;6,583;10,018;17,000;8,924;25,924;rrrrrrrrrrrrGGGgggrrrrrrrrrrrrrGGGGgg;19,924
J17;97,000;0,750;6,583;10,018;17,000;8,924;25,924;rrrrrrrrrrrrGGGgggrrrrrrrrrrrrrGGGGgg;19,924
J17;97,000;0,750;6,833;10,459;17,000;8,924;25,924;rrrrrrrrrrrrGGGgggrrrrrrrrrrrrrGGGGgg;19,924
J17;98,000;0,750;6,833;10,459;17,000;8,924;25,924;rrrrrrrrrrrrGGGgggrrrrrrrrrrrrrGGGGgg;18,924
J17;98,000;0,750;6,833;10,459;17,000;8,924;25,924;rrrrrrrrrrrrGGGgggrrrrrrrrrrrrrGGGGgg;18,924
J17;98,000;0,750;6,833;10,459;17,000;8,924;25,924;rrrrrrrrrrrrGGGgggrrrrrrrrrrrrrGGGGgg;18,924
J17;98,000;0,750;6,833;10,459;17,000;8,924;25,924;rrrrrrrrrrrrGGGgggrrrrrrrrrrrrrGGGGgg;18,924
J17;98,000;0,750;6,833;10,459;17,000;8,924;25,924;rrrrrrrrrrrrGGGgggrrrrrrrrrrrrrGGGGgg;18,924
J17;98,000;0,750;6,833;10,459;17,000;8,924;25,924;rrrrrrrrrrrrGGGgggrrrrrrrrrrrrrGGGGgg;18,924
J17;98,000;0,750;6,833;10,459;17,000;8,924;25,924;rrrrrrrrrrrrGGGgggrrrrrrrrrrrrrGGGGgg;18,924
J17;98,000;0,750;6,833;10,459;17,000;8,924;25,924;rrrrrrrrrrrrGGGgggrrrrrrrrrrrrrGGGGgg;18,924
J17;98,000;0,750;6,833;10,459;17,000;10,302;27,302;rrrrrrrrrrrrGGGgggrrrrrrrrrrrrrGGGGgg;20,302
J17;98,000;0,750;6,833;10,459;17,000;10,302;27,302;rrrrrrrrrrrrGGGgggrrrrrrrrrrrrrGGGGgg;20,302
J17;98,000;0,750;6,833;10,459;17,000;10,302;27,302;rrrrrrrrrrrrGGGgggrrrrrrrrrrrrrGGGGgg;20,302
J17;98,000;0,750;6,833;10,459;17,000;10,302;27,302;rrrrrrrrrrrrGGGgggrrrrrrrrrrrrrGGGGgg;20,302
J17;98,000;0,750;7,083;10,495;17,000;10,302;27,302;rrrrrrrrrrrrGGGgggrrrrrrrrrrrrrGGGGgg;20,302
J17;99,000;0,750;7,083;10,495;17,000;10,302;27,302;rrrrrrrrrrrrGGGgggrrrrrrrrrrrrrGGGGgg;19,302
J17;99,000;0,750;7,083;10,495;17,000;10,302;27,302;rrrrrrrrrrrrGGGgggrrrrrrrrrrrrrGGGGgg;19,302
J17;99,000;0,750;7,083;10,495;17,000;10,302;27,302;rrrrrrrrrrrrGGGgggrrrrrrrrrrrrrGGGGgg;19,302
J17;99,000;0,750;7,083;10,495;17,000;10,302;27,302;rrrrrrrrrrrrGGGgggrrrrrrrrrrrrrGGGGgg;19,302
J17;99,000;0,750;7,083;10,495;17,000;10,302;27,302;rrrrrrrrrrrrGGGgggrrrrrrrrrrrrrGGGGgg;19,302
J17;99,000;0,750;7,083;10,495;17,000;10,302;27,302;rrrrrrrrrrrrGGGgggrrrrrrrrrrrrrGGGGgg;19,302
J17;99,000;0,750;7,083;10,495;17,000;10,302;27,302;rrrrrrrrrrrrGGGgggrrrrrrrrrrrrrGGGGgg;19,302
J17;99,000;0,750;7,083;10,495;17,000;10,302;27,302;rrrrrrrrrrrrGGGgggrrrrrrrrrrrrrGGGGgg;19,302
J17;99,000;0,750;7,083;10,495;17,000;10,302;27,302;rrrrrrrrrrrrGGGgggrrrrrrrrrrrrrGGGGgg;19,302
J17;99,000;0,750;7,083;10,495;17,000;10,716;27,716;rrrrrrrrrrrrGGGgggrrrrrrrrrrrrrGGGGgg;19,716
J17;99,000;0,750;7,083;10,495;17,000;10,716;27,716;rrrrrrrrrrrrGGGgggrrrrrrrrrrrrrGGGGgg;19,716
J17;99,000;0,750;7,083;10,495;17,000;10,716;27,716;rrrrrrrrrrrrGGGgggrrrrrrrrrrrrrGGGGgg;19,716
J17;99,000;0,750;7,083;10,495;17,000;10,716;27,716;rrrrrrrrrrrrGGGgggrrrrrrrrrrrrrGGGGgg;19,716
J17;99,000;0,750;7,083;10,495;17,000;10,716;27,716;rrrrrrrrrrrrGGGgggrrrrrrrrrrrrrGGGGgg;19,716
J17;100,000;0,750;7,833;10,551;17,000;0,000;17,000;rrrrrrrrrrrrGGGgggrrrrrrrrrrrrrGGGGgg;16,000
J17;100,000;0,750;7,833;10,551;17,000;0,000;17,000;rrrrrrrrrrrrGGGgggrrrrrrrrrrrrrGGGGgg;16,000
J17;100,000;0,750;7,833;10,551;17,000;0,000;17,000;rrrrrrrrrrrrGGGgggrrrrrrrrrrrrrGGGGgg;16,000
J17;100,000;0,750;7,833;10,551;17,000;0,000;17,000;rrrrrrrrrrrrGGGgggrrrrrrrrrrrrrGGGGgg;16,000
J17;100,000;0,750;7,833;10,551;17,000;0,000;17,000;rrrrrrrrrrrrGGGgggrrrrrrrrrrrrrGGGGgg;16,000
J17;100,000;0,750;7,833;10,551;17,000;0,000;17,000;rrrrrrrrrrrrGGGgggrrrrrrrrrrrrrGGGGgg;16,000
J17;100,000;0,750;7,833;10,551;17,000;0,000;17,000;rrrrrrrrrrrrGGGgggrrrrrrrrrrrrrGGGGgg;16,000
J17;100,000;0,750;7,833;10,551;17,000;0,000;17,000;rrrrrrrrrrrrGGGgggrrrrrrrrrrrrrGGGGgg;16,000
J17;100,000;0,750;7,833;10,551;17,000;0,000;17,000;rrrrrrrrrrrrGGGgggrrrrrrrrrrrrrGGGGgg;16,000
J17;100,000;0,750;7,833;10,551;17,000;0,000;17,000;rrrrrrrrrrrrGGGgggrrrrrrrrrrrrrGGGGgg;16,000
J17;100,000;0,750;7,833;10,551;17,000;0,000;17,000;rrrrrrrrrrrrGGGgggrrrrrrrrrrrrrGGGGgg;16,000
J17;100,000;0,750;7,833;10,551;17,000;0,000;17,000;rrrrrrrrrrrrGGGgggrrrrrrrrrrrrrGGGGgg;16,000
J17;100,000;0,750;7,833;10,551;17,000;0,000;17,000;rrrrrrrrrrrrGGGgggrrrrrrrrrrrrrGGGGgg;16,000
J17;100,000;0,750;7,833;10,551;17,000;11,022;28,022;rrrrrrrrrrrrGGGgggrrrrrrrrrrrrrGGGGgg;27,022
J17;100,000;0,750;7,833;10,551;17,000;11,022;28,022;rrrrrrrrrrrrGGGgggrrrrrrrrrrrrrGGGGgg;27,022
J17;100,000;0,750;7,833;10,551;17,000;11,022;28,022;rrrrrrrrrrrrGGGgggrrrrrrrrrrrrrGGGGgg;27,022
J17;100,000;0,750;7,833;10,551;17,000;11,022;28,022;rrrrrrrrrrrrGGGgggrrrrrrrrrrrrrGGGGgg;27,022
J17;100,000;0,750;7,833;10,551;17,000;11,022;28,022;rrrrrrrrrrrrGGGgggrrrrrrrrrrrrrGGGGgg;27,022
J17;100,000;0,750;7,833;10,551;17,000;11,022;28,022;rrrrrrrrrrrrGGGgggrrrrrrrrrrrrrGGGGgg;27,022
J17;101,000;0,750;8,167;10,315;17,000;11,022;28,022;rrrrrrrrrrrrGGGgggrrrrrrrrrrrrrGGGGgg;26,022
J17;101,000;0,750;8,167;10,315;17,000;11,022;28,022;rrrrrrrrrrrrGGGgggrrrrrrrrrrrrrGGGGgg;26,022
J17;101,000;0,750;8,167;10,315;17,000;11,022;28,022;rrrrrrrrrrrrGGGgggrrrrrrrrrrrrrGGGGgg;26,022
J17;101,000;0,750;8,167;10,315;17,000;11,022;28,022;rrrrrrrrrrrrGGGgggrrrrrrrrrrrrrGGGGgg;26,022
J17;101,000;0,750;8,167;10,315;17,000;11,022;28,022;rrrrrrrrrrrrGGGgggrrrrrrrrrrrrrGGGGgg;26,022
J17;101,000;0,750;8,167;10,315;17,000;11,022;28,022;rrrrrrrrrrrrGGGgggrrrrrrrrrrrrrGGGGgg;26,022
J17;101,000;0,750;8,167;10,315;17,000;11,022;28,022;rrrrrrrrrrrrGGGgggrrrrrrrrrrrrrGGGGgg;26,022
J17;101,000;0,750;8,167;10,315;17,000;11,022;28,022;rrrrrrrrrrrrGGGgggrrrrrrrrrrrrrGGGGgg;26,022
J17;101,000;0,750;8,167;10,315;17,000;11,022;28,022;rrrrrrrrrrrrGGGgggrrrrrrrrrrrrrGGGGgg;26,022
J17;101,000;0,750;8,167;10,315;17,000;11,022;28,022;rrrrrrrrrrrrGGGgggrrrrrrrrrrrrrGGGGgg;26,022
J17;101,000;0,750;8,167;10,315;17,000;11,022;28,022;rrrrrrrrrrrrGGGgggrrrrrrrrrrrrrGGGGgg;26,022
J17;101,000;0,750;8,167;10,315;17,000;11,022;28,022;rrrrrrrrrrrrGGGgggrrrrrrrrrrrrrGGGGgg;26,022
J17;101,000;0,750;8,167;10,315;17,000;11,022;28,022;rrrrrrrrrrrrGGGgggrrrrrrrrrrrrrGGGGgg;26,022
J17;101,000;0,750;8,167;10,315;17,000;11,022;28,022;rrrrrrrrrrrrGGGgggrrrrrrrrrrrrrGGGGgg;26,022
J17;101,000;0,750;8,167;10,315;17,000;11,022;28,022;rrrrrrrrrrrrGGGgggrrrrrrrrrrrrrGGGGgg;26,022
J17;101,000;0,750;8,167;10,315;17,000;11,022;28,022;rrrrrrrrrrrrGGGgggrrrrrrrrrrrrrGGGGgg;26,022
J17;101,000;0,750;8,167;10,315;17,000;11,022;28,022;rrrrrrrrrrrrGGGgggrrrrrrrrrrrrrGGGGgg;26,022
J17;101,000;0,750;8,167;10,315;3,000;3,000;6,000;rrrrrrrrrrrryyyyyyrrrrrrrrrrrrryyyyyy;4,000
J17;102,000;0,750;8,583;10,493;3,000;3,000;6,000;rrrrrrrrrrrryyyyyyrrrrrrrrrrrrryyyyyy;3,000
J17;102,000;0,750;8,583;10,493;3,000;3,000;6,000;rrrrrrrrrrrryyyyyyrrrrrrrrrrrrryyyyyy;3,000
J17;102,000;0,750;8,583;10,493;3,000;3,000;6,000;rrrrrrrrrrrryyyyyyrrrrrrrrrrrrryyyyyy;3,000
J17;102,000;0,750;8,583;10,493;3,000;3,000;6,000;rrrrrrrrrrrryyyyyyrrrrrrrrrrrrryyyyyy;3,000
J17;102,000;0,750;8,583;10,493;3,000;3,000;6,000;rrrrrrrrrrrryyyyyyrrrrrrrrrrrrryyyyyy;3,000
J17;102,000;0,750;8,583;10,493;3,000;3,000;6,000;rrrrrrrrrrrryyyyyyrrrrrrrrrrrrryyyyyy;3,000
J17;102,000;0,750;8,583;10,493;3,000;3,000;6,000;rrrrrrrrrrrryyyyyyrrrrrrrrrrrrryyyyyy;3,000
J17;102,000;0,750;8,583;10,493;3,000;3,000;6,000;rrrrrrrrrrrryyyyyyrrrrrrrrrrrrryyyyyy;3,000
J17;102,000;0,750;8,583;10,493;3,000;3,000;6,000;rrrrrrrrrrrryyyyyyrrrrrrrrrrrrryyyyyy;3,000
J17;102,000;0,750;8,583;10,493;3,000;3,000;6,000;rrrrrrrrrrrryyyyyyrrrrrrrrrrrrryyyyyy;3,000
J17;102,000;0,750;8,583;10,493;3,000;3,000;6,000;rrrrrrrrrrrryyyyyyrrrrrrrrrrrrryyyyyy;3,000
J17;102,000;0,750;8,583;10,493;3,000;3,000;6,000;rrrrrrrrrrrryyyyyyrrrrrrrrrrrrryyyyyy;3,000
J17;102,000;0,750;8,583;10,493;3,000;3,000;6,000;rrrrrrrrrrrryyyyyyrrrrrrrrrrrrryyyyyy;3,000
J17;102,000;0,750;9,333;10,638;3,000;3,000;6,000;rrrrrrrrrrrryyyyyyrrrrrrrrrrrrryyyyyy;3,000
J17;103,000;0,750;9,333;10,638;3,000;3,000;6,000;rrrrrrrrrrrryyyyyyrrrrrrrrrrrrryyyyyy;2,000
J17;103,000;0,750;9,333;10,638;3,000;3,000;6,000;rrrrrrrrrrrryyyyyyrrrrrrrrrrrrryyyyyy;2,000
J17;103,000;0,750;9,333;10,638;3,000;3,000;6,000;rrrrrrrrrrrryyyyyyrrrrrrrrrrrrryyyyyy;2,000
J17;103,000;0,750;9,333;10,638;3,000;3,000;6,000;rrrrrrrrrrrryyyyyyrrrrrrrrrrrrryyyyyy;2,000
J17;103,000;0,750;9,333;10,638;3,000;3,000;6,000;rrrrrrrrrrrryyyyyyrrrrrrrrrrrrryyyyyy;2,000
J17;103,000;0,750;9,333;10,638;3,000;3,000;6,000;rrrrrrrrrrrryyyyyyrrrrrrrrrrrrryyyyyy;2,000
J17;103,000;0,750;9,333;10,638;3,000;3,000;6,000;rrrrrrrrrrrryyyyyyrrrrrrrrrrrrryyyyyy;2,000
J17;103,000;0,750;9,333;10,638;3,000;3,000;6,000;rrrrrrrrrrrryyyyyyrrrrrrrrrrrrryyyyyy;2,000
J17;103,000;0,750;9,333;10,638;3,000;3,000;6,000;rrrrrrrrrrrryyyyyyrrrrrrrrrrrrryyyyyy;2,000
J17;103,000;0,750;9,333;10,638;3,000;3,000;6,000;rrrrrrrrrrrryyyyyyrrrrrrrrrrrrryyyyyy;2,000
J17;103,000;0,750;9,333;10,638;3,000;3,000;6,000;rrrrrrrrrrrryyyyyyrrrrrrrrrrrrryyyyyy;2,000
J17;104,000;0,833;10,083;10,384;3,000;3,000;6,000;rrrrrrrrrrrryyyyyyrrrrrrrrrrrrryyyyyy;1,000
J17;104,000;0,833;10,083;10,384;3,000;3,000;6,000;rrrrrrrrrrrryyyyyyrrrrrrrrrrrrryyyyyy;1,000
J17;104,000;0,833;10,083;10,384;3,000;3,000;6,000;rrrrrrrrrrrryyyyyyrrrrrrrrrrrrryyyyyy;1,000
J17;104,000;0,833;10,083;10,384;3,000;3,000;6,000;rrrrrrrrrrrryyyyyyrrrrrrrrrrrrryyyyyy;1,000
J17;104,000;0,833;10,083;10,384;3,000;3,000;6,000;rrrrrrrrrrrryyyyyyrrrrrrrrrrrrryyyyyy;1,000
J17;104,000;0,833;10,083;10,384;3,000;3,000;6,000;rrrrrrrrrrrryyyyyyrrrrrrrrrrrrryyyyyy;1,000
J17;104,000;0,833;10,083;10,384;3,000;3,000;6,000;rrrrrrrrrrrryyyyyyrrrrrrrrrrrrryyyyyy;1,000
J17;104,000;0,833;10,083;10,384;3,000;3,000;6,000;rrrrrrrrrrrryyyyyyrrrrrrrrrrrrryyyyyy;1,000
J17;104,000;0,833;10,083;10,384;3,000;3,000;6,000;rrrrrrrrrrrryyyyyyrrrrrrrrrrrrryyyyyy;1,000
J17;104,000;0,833;10,083;10,384;3,000;3,000;6,000;rrrrrrrrrrrryyyyyyrrrrrrrrrrrrryyyyyy;1,000
J17;104,000;0,833;10,083;10,384;3,000;3,000;6,000;rrrrrrrrrrrryyyyyyrrrrrrrrrrrrryyyyyy;1,000
J17;104,000;0,833;10,083;10,384;3,000;3,000;6,000;rrrrrrrrrrrryyyyyyrrrrrrrrrrrrryyyyyy;1,000
J17;104,000;0,833;10,083;10,384;3,000;3,000;6,000;rrrrrrrrrrrryyyyyyrrrrrrrrrrrrryyyyyy;1,000
J17;104,000;0,833;10,083;10,384;3,000;3,000;6,000;rrrrrrrrrrrryyyyyyrrrrrrrrrrrrryyyyyy;1,000
J17;105,000;0,750;10,833;10,344;3,000;3,000;6,000;rrrrrrrrrrrryyyyyyrrrrrrrrrrrrryyyyyy;0,000
J17;105,000;0,750;10,833;10,344;3,000;3,000;6,000;rrrrrrrrrrrryyyyyyrrrrrrrrrrrrryyyyyy;0,000
J17;105,000;0,750;10,833;10,344;3,000;3,000;6,000;rrrrrrrrrrrryyyyyyrrrrrrrrrrrrryyyyyy;0,000
J17;105,000;0,750;10,833;10,344;3,000;3,000;6,000;rrrrrrrrrrrryyyyyyrrrrrrrrrrrrryyyyyy;0,000
J17;105,000;0,750;10,833;10,344;3,000;3,000;6,000;rrrrrrrrrrrryyyyyyrrrrrrrrrrrrryyyyyy;0,000
J17;105,000;0,750;10,833;10,344;3,000;3,000;6,000;rrrrrrrrrrrryyyyyyrrrrrrrrrrrrryyyyyy;0,000
J17;105,000;0,750;10,833;10,344;3,000;3,000;6,000;rrrrrrrrrrrryyyyyyrrrrrrrrrrrrryyyyyy;0,000
J17;105,000;0,750;10,833;10,344;3,000;3,000;6,000;rrrrrrrrrrrryyyyyyrrrrrrrrrrrrryyyyyy;0,000
J17;105,000;0,750;10,833;10,344;3,000;3,000;6,000;rrrrrrrrrrrryyyyyyrrrrrrrrrrrrryyyyyy;0,000
J17;105,000;0,750;10,833;10,344;3,000;3,000;6,000;rrrrrrrrrrrryyyyyyrrrrrrrrrrrrryyyyyy;0,000
J17;105,000;0,750;10,833;10,344;3,000;3,000;6,000;rrrrrrrrrrrryyyyyyrrrrrrrrrrrrryyyyyy;0,000
J17;105,000;0,750;10,833;10,344;17,000;0,000;17,000;GGGGggrrrrrrrrrrrrGGGGGggrrrrrrrrrrrr;17,000
J17;105,000;0,667;8,167;10,063;17,000;0,000;17,000;GGGGggrrrrrrrrrrrrGGGGGggrrrrrrrrrrrr;17,000
J17;106,000;0,667;8,167;10,063;17,000;0,000;17,000;GGGGggrrrrrrrrrrrrGGGGGggrrrrrrrrrrrr;16,000
J17;106,000;0,667;8,167;10,063;17,000;0,000;17,000;GGGGggrrrrrrrrrrrrGGGGGggrrrrrrrrrrrr;16,000
J17;106,000;0,667;8,167;10,063;17,000;0,000;17,000;GGGGggrrrrrrrrrrrrGGGGGggrrrrrrrrrrrr;16,000
J17;106,000;0,667;8,167;10,063;17,000;0,000;17,000;GGGGggrrrrrrrrrrrrGGGGGggrrrrrrrrrrrr;16,000
J17;106,000;0,667;8,167;10,063;17,000;0,000;17,000;GGGGggrrrrrrrrrrrrGGGGGggrrrrrrrrrrrr;16,000
J17;106,000;0,667;8,167;10,063;17,000;0,000;17,000;GGGGggrrrrrrrrrrrrGGGGGggrrrrrrrrrrrr;16,000
J17;107,000;0,583;7,167;10,028;3,000;2,000;5,000;yyyyyyrrrrrrrrrrrryyyyyyyrrrrrrrrrrrr;3,000
J17;107,000;0,583;7,167;10,028;3,000;2,000;5,000;yyyyyyrrrrrrrrrrrryyyyyyyrrrrrrrrrrrr;3,000
J17;107,000;0,583;7,167;10,028;3,000;2,000;5,000;yyyyyyrrrrrrrrrrrryyyyyyyrrrrrrrrrrrr;3,000
J17;107,000;0,583;7,167;10,028;3,000;2,000;5,000;yyyyyyrrrrrrrrrrrryyyyyyyrrrrrrrrrrrr;3,000
J17;107,000;0,583;7,167;10,028;3,000;2,000;5,000;yyyyyyrrrrrrrrrrrryyyyyyyrrrrrrrrrrrr;3,000
J17;107,000;0,583;7,167;10,028;3,000;2,000;5,000;yyyyyyrrrrrrrrrrrryyyyyyyrrrrrrrrrrrr;3,000
J17;107,000;0,583;7,167;10,028;3,000;2,000;5,000;yyyyyyrrrrrrrrrrrryyyyyyyrrrrrrrrrrrr;3,000
J17;108,000;0,667;6,250;9,941;3,000;2,000;5,000;yyyyyyrrrrrrrrrrrryyyyyyyrrrrrrrrrrrr;2,000
J17;108,000;0,667;6,250;9,941;3,000;2,000;5,000;yyyyyyrrrrrrrrrrrryyyyyyyrrrrrrrrrrrr;2,000
J17;108,000;0,667;6,250;9,941;3,000;2,000;5,000;yyyyyyrrrrrrrrrrrryyyyyyyrrrrrrrrrrrr;2,000
J17;108,000;0,667;6,250;9,941;3,000;2,000;5,000;yyyyyyrrrrrrrrrrrryyyyyyyrrrrrrrrrrrr;2,000
J17;108,000;0,667;6,250;9,941;3,000;2,000;5,000;yyyyyyrrrrrrrrrrrryyyyyyyrrrrrrrrrrrr;2,000
J17;108,000;0,667;6,250;9,941;3,000;2,000;5,000;yyyyyyrrrrrrrrrrrryyyyyyyrrrrrrrrrrrr;2,000
J17;108,000;0,750;5,417;9,695;3,000;2,000;5,000;yyyyyyrrrrrrrrrrrryyyyyyyrrrrrrrrrrrr;2,000
J17;109,000;0,750;5,417;9,695;3,000;2,000;5,000;yyyyyyrrrrrrrrrrrryyyyyyyrrrrrrrrrrrr;1,000
J17;109,000;0,750;5,417;9,695;3,000;2,000;5,000;yyyyyyrrrrrrrrrrrryyyyyyyrrrrrrrrrrrr;1,000
J17;109,000;0,750;5,417;9,695;3,000;2,000;5,000;yyyyyyrrrrrrrrrrrryyyyyyyrrrrrrrrrrrr;1,000
J17;109,000;0,750;5,417;9,695;3,000;2,000;5,000;yyyyyyrrrrrrrrrrrryyyyyyyrrrrrrrrrrrr;1,000
J17;109,000;0,750;5,417;9,695;3,000;2,000;5,000;yyyyyyrrrrrrrrrrrryyyyyyyrrrrrrrrrrrr;1,000
J17;109,000;0,750;5,417;9,695;3,000;2,000;5,000;yyyyyyrrrrrrrrrrrryyyyyyyrrrrrrrrrrrr;1,000
J17;110,000;0,750;4,750;9,561;3,000;2,000;5,000;yyyyyyrrrrrrrrrrrryyyyyyyrrrrrrrrrrrr;0,000
J17;110,000;0,750;4,750;9,561;3,000;2,000;5,000;yyyyyyrrrrrrrrrrrryyyyyyyrrrrrrrrrrrr;0,000
J17;110,000;0,750;4,750;9,561;3,000;2,000;5,000;yyyyyyrrrrrrrrrrrryyyyyyyrrrrrrrrrrrr;0,000
J17;110,000;0,750;4,750;9,561;3,000;2,000;5,000;yyyyyyrrrrrrrrrrrryyyyyyyrrrrrrrrrrrr;0,000
J17;110,000;0,750;4,750;9,561;3,000;2,000;5,000;yyyyyyrrrrrrrrrrrryyyyyyyrrrrrrrrrrrr;0,000
J17;110,000;0,750;4,750;9,561;3,000;2,000;5,000;yyyyyyrrrrrrrrrrrryyyyyyyrrrrrrrrrrrr;0,000
J17;110,000;0,750;4,750;9,561;3,000;2,000;5,000;yyyyyyrrrrrrrrrrrryyyyyyyrrrrrrrrrrrr;0,000
J17;110,000;0,750;4,750;9,561;3,000;2,000;5,000;yyyyyyrrrrrrrrrrrryyyyyyyrrrrrrrrrrrr;0,000
J17;110,000;0,750;4,750;9,561;3,000;2,000;5,000;yyyyyyrrrrrrrrrrrryyyyyyyrrrrrrrrrrrr;0,000
J17;110,000;0,750;4,750;9,561;3,000;2,000;5,000;yyyyyyrrrrrrrrrrrryyyyyyyrrrrrrrrrrrr;0,000
J17;110,000;0,750;4,750;9,561;3,000;2,000;5,000;yyyyyyrrrrrrrrrrrryyyyyyyrrrrrrrrrrrr;0,000
J17;110,000;0,750;4,750;9,561;3,000;2,000;5,000;yyyyyyrrrrrrrrrrrryyyyyyyrrrrrrrrrrrr;0,000
J17;110,000;0,750;4,750;8,778;16,000;0,000;16,000;rrrrrrGGGgggrrrrrrrrrrrrrGGGGggrrrrrr;16,000
J17;111,000;0,750;3,000;8,778;16,000;0,000;16,000;rrrrrrGGGgggrrrrrrrrrrrrrGGGGggrrrrrr;15,000
J17;111,000;0,750;3,000;8,778;16,000;0,000;16,000;rrrrrrGGGgggrrrrrrrrrrrrrGGGGggrrrrrr;15,000
J17;111,000;0,750;3,000;8,778;16,000;0,000;16,000;rrrrrrGGGgggrrrrrrrrrrrrrGGGGggrrrrrr;15,000
J17;111,000;0,750;3,000;8,778;16,000;0,000;16,000;rrrrrrGGGgggrrrrrrrrrrrrrGGGGggrrrrrr;15,000
J17;111,000;0,750;3,000;8,778;16,000;0,000;16,000;rrrrrrGGGgggrrrrrrrrrrrrrGGGGggrrrrrr;15,000
J17;111,000;0,750;3,000;8,778;16,000;0,000;16,000;rrrrrrGGGgggrrrrrrrrrrrrrGGGGggrrrrrr;15,000
J17;111,000;0,750;3,000;8,778;16,000;0,000;16,000;rrrrrrGGGgggrrrrrrrrrrrrrGGGGggrrrrrr;15,000
J17;111,000;0,750;3,000;8,778;16,000;5,791;21,791;rrrrrrGGGgggrrrrrrrrrrrrrGGGGggrrrrrr;20,791
J17;111,000;0,750;3,000;8,778;16,000;5,791;21,791;rrrrrrGGGgggrrrrrrrrrrrrrGGGGggrrrrrr;20,791
J17;111,000;0,750;3,000;8,778;16,000;5,791;21,791;rrrrrrGGGgggrrrrrrrrrrrrrGGGGggrrrrrr;20,791
J17;111,000;0,750;3,000;8,778;16,000;5,791;21,791;rrrrrrGGGgggrrrrrrrrrrrrrGGGGggrrrrrr;20,791
J17;111,000;0,750;3,000;8,778;16,000;5,791;21,791;rrrrrrGGGgggrrrrrrrrrrrrrGGGGggrrrrrr;20,791
J17;111,000;0,750;3,000;8,778;16,000;5,791;21,791;rrrrrrGGGgggrrrrrrrrrrrrrGGGGggrrrrrr;20,791
J17;111,000;0,750;3,000;8,778;16,000;5,791;21,791;rrrrrrGGGgggrrrrrrrrrrrrrGGGGggrrrrrr;20,791
J17;111,000;0,750;3,000;8,778;16,000;5,791;21,791;rrrrrrGGGgggrrrrrrrrrrrrrGGGGggrrrrrr;20,791
J17;111,000;0,750;3,000;8,778;16,000;0,000;16,000;rrrrrrGGGgggrrrrrrrrrrrrrGGGGggrrrrrr;16,000
J17;112,000;0,833;2,250;8,785;16,000;0,000;16,000;rrrrrrGGGgggrrrrrrrrrrrrrGGGGggrrrrrr;15,000
J17;112,000;0,833;2,250;8,785;16,000;0,000;16,000;rrrrrrGGGgggrrrrrrrrrrrrrGGGGggrrrrrr;15,000
J17;112,000;0,833;2,250;8,785;16,000;0,000;16,000;rrrrrrGGGgggrrrrrrrrrrrrrGGGGggrrrrrr;15,000
J17;112,000;0,833;2,250;8,785;16,000;0,000;16,000;rrrrrrGGGgggrrrrrrrrrrrrrGGGGggrrrrrr;15,000
J17;112,000;0,833;2,250;8,785;16,000;0,000;16,000;rrrrrrGGGgggrrrrrrrrrrrrrGGGGggrrrrrr;15,000
J17;112,000;0,833;2,250;8,785;16,000;0,000;16,000;rrrrrrGGGgggrrrrrrrrrrrrrGGGGggrrrrrr;15,000
J17;112,000;0,833;2,250;8,785;16,000;0,000;16,000;rrrrrrGGGgggrrrrrrrrrrrrrGGGGggrrrrrr;15,000
J17;112,000;0,833;2,250;8,785;16,000;0,000;16,000;rrrrrrGGGgggrrrrrrrrrrrrrGGGGggrrrrrr;15,000
J17;112,000;0,833;2,250;8,785;16,000;0,000;16,000;rrrrrrGGGgggrrrrrrrrrrrrrGGGGggrrrrrr;15,000
J17;112,000;0,833;2,250;8,785;16,000;6,100;22,100;rrrrrrGGGgggrrrrrrrrrrrrrGGGGggrrrrrr;21,100
J17;112,000;0,833;2,250;8,785;16,000;6,100;22,100;rrrrrrGGGgggrrrrrrrrrrrrrGGGGggrrrrrr;21,100
J17;112,000;0,833;2,250;8,785;16,000;6,100;22,100;rrrrrrGGGgggrrrrrrrrrrrrrGGGGggrrrrrr;21,100
J17;112,000;0,833;2,250;8,785;16,000;6,100;22,100;rrrrrrGGGgggrrrrrrrrrrrrrGGGGggrrrrrr;21,100
J17;112,000;0,833;2,250;8,785;16,000;6,100;22,100;rrrrrrGGGgggrrrrrrrrrrrrrGGGGggrrrrrr;21,100
J17;112,000;0,833;2,250;8,785;16,000;6,100;22,100;rrrrrrGGGgggrrrrrrrrrrrrrGGGGggrrrrrr;21,100
J17;112,000;0,833;2,250;8,785;16,000;6,100;22,100;rrrrrrGGGgggrrrrrrrrrrrrrGGGGggrrrrrr;21,100
J17;112,000;0,833;2,250;8,785;16,000;6,100;22,100;rrrrrrGGGgggrrrrrrrrrrrrrGGGGggrrrrrr;21,100
J17;112,000;0,833;2,250;8,785;16,000;0,000;16,000;rrrrrrGGGgggrrrrrrrrrrrrrGGGGggrrrrrr;16,000
J19;1,000;0,000;0,000;13,890;42,000;0,000;42,000;rrGGGGGg;41,000
J19;1,000;0,000;0,000;13,890;42,000;0,000;42,000;rrGGGGGg;41,000
J19;1,000;0,000;0,000;13,890;42,000;0,000;42,000;rrGGGGGg;41,000
J19;1,000;0,000;0,000;13,890;42,000;0,000;42,000;rrGGGGGg;41,000
J19;1,000;0,000;0,000;13,890;42,000;0,000;42,000;rrGGGGGg;41,000
J19;1,000;0,000;0,000;13,890;42,000;0,000;42,000;rrGGGGGg;41,000
J19;1,000;0,000;0,000;13,890;42,000;0,000;42,000;rrGGGGGg;41,000
J19;1,000;0,000;0,000;13,890;42,000;0,000;42,000;rrGGGGGg;42,000
J19;2,000;0,000;0,000;13,890;42,000;0,000;42,000;rrGGGGGg;41,000
J19;2,000;0,000;0,000;13,890;42,000;0,000;42,000;rrGGGGGg;41,000
J19;2,000;0,000;0,000;13,890;42,000;0,000;42,000;rrGGGGGg;41,000
J19;2,000;0,000;0,000;13,890;42,000;0,000;42,000;rrGGGGGg;41,000
J19;2,000;0,000;0,000;13,890;42,000;0,000;42,000;rrGGGGGg;41,000
J19;2,000;0,000;0,000;13,890;42,000;0,000;42,000;rrGGGGGg;41,000
J19;2,000;0,000;0,000;13,890;42,000;0,000;42,000;rrGGGGGg;41,000
J19;2,000;0,000;0,000;13,890;42,000;0,000;42,000;rrGGGGGg;41,000
J19;2,000;0,000;0,000;13,890;42,000;0,000;42,000;rrGGGGGg;41,000
J19;2,000;0,000;0,000;13,890;42,000;-37,000;5,000;rrGGGGGg;4,000
J19;2,000;0,000;0,000;13,890;42,000;-37,000;5,000;rrGGGGGg;4,000
J19;2,000;0,000;0,000;13,890;42,000;-37,000;5,000;rrGGGGGg;4,000
J19;2,000;0,000;0,000;13,890;42,000;-37,000;5,000;rrGGGGGg;4,000
J19;2,000;0,000;0,000;13,890;42,000;-37,000;5,000;rrGGGGGg;4,000
J19;2,000;0,000;0,000;13,890;42,000;-37,000;5,000;rrGGGGGg;4,000
J19;2,000;0,000;0,000;13,890;42,000;0,000;42,000;rrGGGGGg;42,000
J19;3,000;0,000;0,000;13,890;42,000;0,000;42,000;rrGGGGGg;41,000
J19;3,000;0,000;0,000;13,890;42,000;0,000;42,000;rrGGGGGg;41,000
J19;3,000;0,000;0,000;13,890;42,000;0,000;42,000;rrGGGGGg;41,000
J19;3,000;0,000;0,000;13,890;42,000;0,000;42,000;rrGGGGGg;41,000
J19;3,000;0,000;0,000;13,890;42,000;0,000;42,000;rrGGGGGg;41,000
J19;3,000;0,000;0,000;13,890;42,000;0,000;42,000;rrGGGGGg;41,000
J19;3,000;0,000;0,000;13,890;42,000;0,000;42,000;rrGGGGGg;41,000
J19;3,000;0,000;0,000;13,890;42,000;0,000;42,000;rrGGGGGg;41,000
J19;3,000;0,000;0,000;13,890;42,000;0,000;42,000;rrGGGGGg;41,000
J19;3,000;0,000;0,000;13,890;42,000;-37,000;5,000;rrGGGGGg;4,000
J19;3,000;0,000;0,000;13,890;42,000;-37,000;5,000;rrGGGGGg;4,000
J19;3,000;0,000;0,000;13,890;42,000;-37,000;5,000;rrGGGGGg;4,000
J19;3,000;0,000;0,000;13,890;42,000;-37,000;5,000;rrGGGGGg;4,000
J19;3,000;0,000;0,000;13,890;42,000;-37,000;5,000;rrGGGGGg;4,000
J19;3,000;0,000;0,000;13,890;42,000;-37,000;5,000;rrGGGGGg;4,000
J19;3,000;0,000;0,000;13,890;3,000;7,000;10,000;yyGrrrrr;10,000
J19;4,000;0,000;0,000;13,890;3,000;7,000;10,000;yyGrrrrr;9,000
J19;4,000;0,000;0,000;13,890;3,000;7,000;10,000;yyGrrrrr;9,000
J19;4,000;0,000;0,000;13,890;3,000;7,000;10,000;yyGrrrrr;9,000
J19;4,000;0,000;0,000;13,890;3,000;7,000;10,000;yyGrrrrr;9,000
J19;4,000;0,000;0,000;13,890;3,000;7,000;10,000;yyGrrrrr;9,000
J19;4,000;0,000;0,000;13,890;3,000;7,000;10,000;yyGrrrrr;9,000
J19;4,000;0,000;0,000;13,890;3,000;7,000;10,000;yyGrrrrr;9,000
J19;4,000;0,000;0,000;13,890;3,000;7,000;10,000;yyGrrrrr;9,000
J19;4,000;0,000;0,000;13,890;3,000;7,000;10,000;yyGrrrrr;9,000
J19;4,000;0,000;0,000;13,890;3,000;2,000;5,000;yyGrrrrr;4,000
J19;4,000;0,000;0,000;13,890;3,000;2,000;5,000;yyGrrrrr;4,000
J19;4,000;0,000;0,000;13,890;3,000;2,000;5,000;yyGrrrrr;4,000
J19;4,000;0,000;0,000;13,890;3,000;2,000;5,000;yyGrrrrr;4,000
J19;4,000;0,000;0,000;13,890;3,000;2,000;5,000;yyGrrrrr;4,000
J19;4,000;0,000;0,000;13,890;3,000;2,000;5,000;yyGrrrrr;4,000
J19;4,000;0,000;0,000;13,890;42,000;0,000;42,000;rrGGGGGg;42,000
J19;5,000;0,000;0,000;13,890;42,000;0,000;42,000;rrGGGGGg;41,000
J19;5,000;0,000;0,000;13,890;42,000;0,000;42,000;rrGGGGGg;41,000
J19;5,000;0,000;0,000;13,890;42,000;0,000;42,000;rrGGGGGg;41,000
J19;5,000;0,000;0,000;13,890;42,000;0,000;42,000;rrGGGGGg;41,000
J19;5,000;0,000;0,000;13,890;42,000;0,000;42,000;rrGGGGGg;41,000
J19;5,000;0,000;0,000;13,890;42,000;0,000;42,000;rrGGGGGg;41,000
J19;5,000;0,000;0,000;13,890;42,000;0,000;42,000;rrGGGGGg;41,000
J19;5,000;0,000;0,000;13,890;42,000;0,000;42,000;rrGGGGGg;41,000
J19;5,000;0,000;0,000;13,890;42,000;0,000;42,000;rrGGGGGg;41,000
J19;5,000;0,000;0,000;13,890;42,000;-37,000;5,000;rrGGGGGg;4,000
J19;5,000;0,000;0,000;13,890;42,000;-37,000;5,000;rrGGGGGg;4,000
J19;5,000;0,000;0,000;13,890;42,000;0,000;42,000;rrGGGGGg;42,000
J19;5,000;0,000;0,000;13,890;42,000;0,000;42,000;rrGGGGGg;42,000
J19;6,000;0,000;0,000;13,890;42,000;0,000;42,000;rrGGGGGg;41,000
J19;6,000;0,000;0,000;13,890;42,000;0,000;42,000;rrGGGGGg;41,000
J19;6,000;0,000;0,000;13,890;42,000;0,000;42,000;rrGGGGGg;41,000
J19;6,000;0,000;0,000;13,890;42,000;0,000;42,000;rrGGGGGg;41,000
J19;6,000;0,000;0,000;13,890;42,000;0,000;42,000;rrGGGGGg;41,000
J19;6,000;0,000;0,000;13,890;42,000;0,000;42,000;rrGGGGGg;41,000
J19;6,000;0,000;0,000;13,890;42,000;0,000;42,000;rrGGGGGg;41,000
J19;6,000;0,000;0,000;13,890;42,000;0,000;42,000;rrGGGGGg;41,000
J19;6,000;0,000;0,000;13,890;42,000;0,000;42,000;rrGGGGGg;41,000
J19;6,000;0,000;0,000;13,890;42,000;-37,000;5,000;rrGGGGGg;4,000
J19;6,000;0,000;0,000;13,890;42,000;-37,000;5,000;rrGGGGGg;4,000
J19;6,000;0,000;0,000;13,890;42,000;-37,000;5,000;rrGGGGGg;4,000
J19;6,000;0,000;0,000;13,890;42,000;-37,000;5,000;rrGGGGGg;4,000
J19;6,000;0,000;0,000;13,890;42,000;-37,000;5,000;rrGGGGGg;4,000
J19;6,000;0,000;0,000;13,890;42,000;-37,000;5,000;rrGGGGGg;4,000
J19;6,000;0,000;0,000;13,890;42,000;-37,000;5,000;rrGGGGGg;4,000
J19;6,000;0,000;0,000;13,890;42,000;0,000;42,000;rrGGGGGg;42,000
J19;7,000;0,000;0,000;13,890;42,000;0,000;42,000;rrGGGGGg;41,000
J19;7,000;0,000;0,000;13,890;42,000;0,000;42,000;rrGGGGGg;41,000
J19;7,000;0,000;0,000;13,890;42,000;0,000;42,000;rrGGGGGg;41,000
J19;7,000;0,000;0,000;13,890;42,000;0,000;42,000;rrGGGGGg;41,000
J19;7,000;0,000;0,000;13,890;42,000;0,000;42,000;rrGGGGGg;41,000
J19;7,000;0,000;0,000;13,890;42,000;0,000;42,000;rrGGGGGg;41,000
J19;7,000;0,000;0,000;13,890;42,000;0,000;42,000;rrGGGGGg;41,000
J19;7,000;0,000;0,000;13,890;42,000;0,000;42,000;rrGGGGGg;41,000
J19;7,000;0,000;0,000;13,890;42,000;0,000;42,000;rrGGGGGg;41,000
J19;7,000;0,000;0,000;13,890;42,000;0,000;42,000;rrGGGGGg;41,000
J19;7,000;0,000;0,000;13,890;42,000;-37,000;5,000;rrGGGGGg;4,000
J19;7,000;0,000;0,000;13,890;42,000;-37,000;5,000;rrGGGGGg;4,000
J19;7,000;0,000;0,000;13,890;42,000;-37,000;5,000;rrGGGGGg;4,000
J19;7,000;0,000;0,000;13,890;42,000;-37,000;5,000;rrGGGGGg;4,000
J19;7,000;0,000;0,000;13,890;42,000;-37,000;5,000;rrGGGGGg;4,000
J19;7,000;0,000;0,000;13,890;42,000;-37,000;5,000;rrGGGGGg;4,000
J19;7,000;0,000;0,000;13,890;42,000;-37,000;5,000;rrGGGGGg;4,000
J19;7,000;0,000;0,000;13,890;3,000;7,000;10,000;yyGrrrrr;10,000
J19;7,000;0,000;0,000;13,890;3,000;7,000;10,000;yyGrrrrr;10,000
J19;8,000;0,000;0,000;13,890;3,000;7,000;10,000;yyGrrrrr;9,000
J19;8,000;0,000;0,000;13,890;3,000;7,000;10,000;yyGrrrrr;9,000
J19;8,000;0,000;0,000;13,890;3,000;7,000;10,000;yyGrrrrr;9,000
J19;8,000;0,000;0,000;13,890;3,000;7,000;10,000;yyGrrrrr;9,000
J19;8,000;0,000;0,000;13,890;3,000;7,000;10,000;yyGrrrrr;9,000
J19;8,000;0,000;0,000;13,890;3,000;7,000;10,000;yyGrrrrr;9,000
J19;8,000;0,000;0,000;13,890;3,000;7,000;10,000;yyGrrrrr;9,000
J19;8,000;0,000;0,000;13,890;3,000;7,000;10,000;yyGrrrrr;9,000
J19;8,000;0,000;0,000;13,890;3,000;7,000;10,000;yyGrrrrr;9,000
J19;8,000;0,000;0,000;13,890;3,000;2,000;5,000;yyGrrrrr;4,000
J19;8,000;0,000;0,000;13,890;3,000;2,000;5,000;yyGrrrrr;4,000
J19;8,000;0,000;0,000;13,890;3,000;2,000;5,000;yyGrrrrr;4,000
J19;8,000;0,000;0,000;13,890;3,000;2,000;5,000;yyGrrrrr;4,000
J19;8,000;0,000;0,000;13,890;3,000;2,000;5,000;yyGrrrrr;4,000
J19;8,000;0,000;0,000;13,890;3,000;2,000;5,000;yyGrrrrr;4,000
J19;8,000;0,000;0,000;13,890;42,000;0,000;42,000;rrGGGGGg;42,000
J19;8,000;0,000;0,000;13,890;42,000;0,000;42,000;rrGGGGGg;42,000
J19;9,000;0,000;0,000;13,890;42,000;0,000;42,000;rrGGGGGg;41,000
J19;9,000;0,000;0,000;13,890;42,000;0,000;42,000;rrGGGGGg;41,000
J19;9,000;0,000;0,000;13,890;42,000;0,000;42,000;rrGGGGGg;41,000
J19;9,000;0,000;0,000;13,890;42,000;0,000;42,000;rrGGGGGg;41,000
J19;9,000;0,000;0,000;13,890;42,000;0,000;42,000;rrGGGGGg;41,000
J19;9,000;0,000;0,000;13,890;42,000;0,000;42,000;rrGGGGGg;41,000
J19;9,000;0,000;0,000;13,890;42,000;0,000;42,000;rrGGGGGg;41,000
J19;9,000;0,000;0,000;13,890;42,000;0,000;42,000;rrGGGGGg;41,000
J19;9,000;0,000;0,000;13,890;42,000;-37,000;5,000;rrGGGGGg;4,000
J19;9,000;0,000;0,000;13,890;42,000;-37,000;5,000;rrGGGGGg;4,000
J19;9,000;0,000;0,000;13,890;42,000;-37,000;5,000;rrGGGGGg;4,000
J19;9,000;0,000;0,000;13,890;42,000;-37,000;5,000;rrGGGGGg;4,000
J19;9,000;0,000;0,000;13,890;42,000;0,000;42,000;rrGGGGGg;42,000
J19;10,000;0,000;0,000;13,890;42,000;0,000;42,000;rrGGGGGg;41,000
J19;10,000;0,000;0,000;13,890;42,000;0,000;42,000;rrGGGGGg;41,000
J19;10,000;0,000;0,000;13,890;42,000;0,000;42,000;rrGGGGGg;41,000
J19;10,000;0,000;0,000;13,890;42,000;0,000;42,000;rrGGGGGg;41,000
J19;10,000;0,000;0,000;13,890;42,000;0,000;42,000;rrGGGGGg;41,000
J19;10,000;0,000;0,000;13,890;42,000;0,000;42,000;rrGGGGGg;41,000
J19;10,000;0,000;0,000;13,890;42,000;0,000;42,000;rrGGGGGg;41,000
J19;10,000;0,000;0,000;13,890;42,000;0,000;42,000;rrGGGGGg;41,000
J19;10,000;0,000;0,000;13,890;42,000;0,000;42,000;rrGGGGGg;41,000
J19;10,000;0,000;0,000;13,890;42,000;0,000;42,000;rrGGGGGg;41,000
J19;10,000;0,000;0,000;13,890;42,000;-37,000;5,000;rrGGGGGg;4,000
J19;10,000;0,000;0,000;13,890;42,000;-37,000;5,000;rrGGGGGg;4,000
J19;10,000;0,000;0,000;13,890;42,000;-37,000;5,000;rrGGGGGg;4,000
J19;10,000;0,000;0,000;13,890;42,000;-37,000;5,000;rrGGGGGg;4,000
J19;10,000;0,000;0,000;13,890;42,000;-37,000;5,000;rrGGGGGg;4,000
J19;10,000;0,000;0,000;13,890;42,000;0,000;42,000;rrGGGGGg;42,000
J19;11,000;0,000;0,000;13,890;42,000;0,000;42,000;rrGGGGGg;41,000
J19;11,000;0,000;0,000;13,890;42,000;0,000;42,000;rrGGGGGg;41,000
J19;11,000;0,000;0,000;13,890;42,000;0,000;42,000;rrGGGGGg;41,000
J19;11,000;0,000;0,000;13,890;42,000;0,000;42,000;rrGGGGGg;41,000
J19;11,000;0,000;0,000;13,890;42,000;0,000;42,000;rrGGGGGg;41,000
J19;11,000;0,000;0,000;13,890;42,000;0,000;42,000;rrGGGGGg;41,000
J19;11,000;0,000;0,000;13,890;42,000;0,000;42,000;rrGGGGGg;41,000
J19;11,000;0,000;0,000;13,890;42,000;0,000;42,000;rrGGGGGg;41,000
J19;11,000;0,000;0,000;13,890;42,000;0,000;42,000;rrGGGGGg;41,000
J19;11,000;0,000;0,000;13,890;42,000;-37,000;5,000;rrGGGGGg;4,000
J19;11,000;0,000;0,000;13,890;42,000;-37,000;5,000;rrGGGGGg;4,000
J19;11,000;0,000;0,000;13,890;42,000;-37,000;5,000;rrGGGGGg;4,000
J19;11,000;0,000;0,000;13,890;42,000;-37,000;5,000;rrGGGGGg;4,000
J19;11,000;0,000;0,000;13,890;42,000;0,000;42,000;rrGGGGGg;42,000
J19;11,000;0,000;0,000;13,890;42,000;0,000;42,000;rrGGGGGg;42,000
J19;12,000;0,000;0,000;13,854;42,000;0,000;42,000;rrGGGGGg;41,000
J19;12,000;0,000;0,000;13,854;42,000;0,000;42,000;rrGGGGGg;41,000
J19;12,000;0,000;0,000;13,854;42,000;0,000;42,000;rrGGGGGg;41,000
J19;12,000;0,000;0,000;13,854;42,000;0,000;42,000;rrGGGGGg;41,000
J19;12,000;0,000;0,000;13,854;42,000;0,000;42,000;rrGGGGGg;41,000
J19;12,000;0,000;0,000;13,854;42,000;0,000;42,000;rrGGGGGg;41,000
J19;12,000;0,000;0,000;13,854;42,000;0,000;42,000;rrGGGGGg;41,000
J19;12,000;0,000;0,000;13,854;42,000;0,000;42,000;rrGGGGGg;41,000
J19;12,000;0,000;0,000;13,854;42,000;0,000;42,000;rrGGGGGg;41,000
J19;12,000;0,000;0,000;13,854;42,000;-37,000;5,000;rrGGGGGg;4,000
J19;12,000;0,000;0,000;13,854;42,000;-37,000;5,000;rrGGGGGg;4,000
J19;12,000;0,000;0,000;13,854;42,000;-37,000;5,000;rrGGGGGg;4,000
J19;12,000;0,000;0,000;13,854;42,000;-37,000;5,000;rrGGGGGg;4,000
J19;12,000;0,000;0,000;13,854;42,000;-37,000;5,000;rrGGGGGg;4,000
J19;12,000;0,000;0,000;13,854;42,000;-37,000;5,000;rrGGGGGg;4,000
J19;12,000;0,000;0,000;13,854;42,000;0,000;42,000;rrGGGGGg;42,000
J19;12,000;0,000;0,000;13,854;42,000;0,000;42,000;rrGGGGGg;42,000
J19;13,000;0,000;0,000;13,728;42,000;0,000;42,000;rrGGGGGg;41,000
J19;13,000;0,000;0,000;13,728;42,000;0,000;42,000;rrGGGGGg;41,000
J19;13,000;0,000;0,000;13,728;42,000;0,000;42,000;rrGGGGGg;41,000
J19;13,000;0,000;0,000;13,728;42,000;0,000;42,000;rrGGGGGg;41,000
J19;13,000;0,000;0,000;13,728;42,000;0,000;42,000;rrGGGGGg;41,000
J19;13,000;0,000;0,000;13,728;42,000;0,000;42,000;rrGGGGGg;41,000
J19;13,000;0,000;0,000;13,728;42,000;0,000;42,000;rrGGGGGg;41,000
J19;13,000;0,000;0,000;13,728;42,000;0,000;42,000;rrGGGGGg;41,000
J19;13,000;0,000;0,000;13,728;42,000;0,000;42,000;rrGGGGGg;41,000
J19;13,000;0,000;0,000;13,728;42,000;-37,000;5,000;rrGGGGGg;4,000
J19;13,000;0,000;0,000;13,728;42,000;-37,000;5,000;rrGGGGGg;4,000
J19;13,000;0,000;0,000;13,728;42,000;-37,000;5,000;rrGGGGGg;4,000
J19;13,000;0,000;0,000;13,728;42,000;-37,000;5,000;rrGGGGGg;4,000
J19;13,000;0,000;0,000;13,728;42,000;-37,000;5,000;rrGGGGGg;4,000
J19;13,000;0,000;0,000;13,728;42,000;-37,000;5,000;rrGGGGGg;4,000
J19;13,000;0,000;0,000;13,728;3,000;7,000;10,000;rrGyyyyy;10,000
J19;14,000;0,000;0,000;13,850;3,000;7,000;10,000;rrGyyyyy;9,000
J19;14,000;0,000;0,000;13,850;3,000;7,000;10,000;rrGyyyyy;9,000
J19;14,000;0,000;0,000;13,850;3,000;7,000;10,000;rrGyyyyy;9,000
J19;14,000;0,000;0,000;13,850;3,000;7,000;10,000;rrGyyyyy;9,000
J19;14,000;0,000;0,000;13,850;3,000;7,000;10,000;rrGyyyyy;9,000
J19;14,000;0,000;0,000;13,850;3,000;7,000;10,000;rrGyyyyy;9,000
J19;14,000;0,000;0,000;13,850;3,000;7,000;10,000;rrGyyyyy;9,000
J19;14,000;0,000;0,000;13,850;3,000;7,000;10,000;rrGyyyyy;9,000
J19;14,000;0,000;0,000;13,850;3,000;7,000;10,000;rrGyyyyy;9,000
J19;14,000;0,000;0,000;13,850;3,000;2,000;5,000;rrGyyyyy;4,000
J19;14,000;0,000;0,000;13,850;3,000;2,000;5,000;rrGyyyyy;4,000
J19;14,000;0,000;0,000;13,850;3,000;2,000;5,000;rrGyyyyy;4,000
J19;14,000;0,000;0,000;13,850;3,000;2,000;5,000;rrGyyyyy;4,000
J19;14,000;0,000;0,000;13,850;3,000;2,000;5,000;rrGyyyyy;4,000
J19;14,000;0,000;0,000;13,850;42,000;0,000;42,000;rrGGGGGg;42,000
J19;15,000;0,000;0,000;13,728;42,000;0,000;42,000;rrGGGGGg;41,000
J19;15,000;0,000;0,000;13,728;42,000;0,000;42,000;rrGGGGGg;41,000
J19;15,000;0,000;0,000;13,728;42,000;0,000;42,000;rrGGGGGg;41,000
J19;15,000;0,000;0,000;13,728;42,000;0,000;42,000;rrGGGGGg;41,000
J19;15,000;0,000;0,000;13,728;42,000;0,000;42,000;rrGGGGGg;41,000
J19;15,000;0,000;0,000;13,728;42,000;0,000;42,000;rrGGGGGg;41,000
J19;15,000;0,000;0,000;13,728;42,000;0,000;42,000;rrGGGGGg;41,000
J19;15,000;0,000;0,000;13,728;42,000;0,000;42,000;rrGGGGGg;41,000
J19;15,000;0,000;0,000;13,728;42,000;0,000;42,000;rrGGGGGg;41,000
J19;15,000;0,000;0,000;13,728;42,000;-37,000;5,000;rrGGGGGg;4,000
J19;15,000;0,000;0,000;13,728;42,000;-37,000;5,000;rrGGGGGg;4,000
J19;15,000;0,000;0,000;13,728;42,000;-37,000;5,000;rrGGGGGg;4,000
J19;15,000;0,000;0,000;13,728;42,000;-37,000;5,000;rrGGGGGg;4,000
J19;15,000;0,000;0,000;13,728;42,000;-37,000;5,000;rrGGGGGg;4,000
J19;15,000;0,000;0,000;13,728;42,000;-37,000;5,000;rrGGGGGg;4,000
J19;15,000;0,000;0,000;13,728;42,000;0,000;42,000;rrGGGGGg;42,000
J19;16,000;0,000;0,000;13,568;42,000;0,000;42,000;rrGGGGGg;41,000
J19;16,000;0,000;0,000;13,568;42,000;0,000;42,000;rrGGGGGg;41,000
J19;16,000;0,000;0,000;13,568;42,000;0,000;42,000;rrGGGGGg;41,000
J19;16,000;0,000;0,000;13,568;42,000;0,000;42,000;rrGGGGGg;41,000
J19;16,000;0,000;0,000;13,568;42,000;0,000;42,000;rrGGGGGg;41,000
J19;16,000;0,000;0,000;13,568;42,000;0,000;42,000;rrGGGGGg;41,000
J19;16,000;0,000;0,000;13,568;42,000;0,000;42,000;rrGGGGGg;41,000
J19;16,000;0,000;0,000;13,568;42,000;0,000;42,000;rrGGGGGg;41,000
J19;16,000;0,000;0,000;13,568;42,000;0,000;42,000;rrGGGGGg;41,000
J19;16,000;0,000;0,000;13,568;42,000;-37,000;5,000;rrGGGGGg;4,000
J19;16,000;0,000;0,000;13,568;42,000;-37,000;5,000;rrGGGGGg;4,000
J19;16,000;0,000;0,000;13,568;42,000;-37,000;5,000;rrGGGGGg;4,000
J19;16,000;0,000;0,000;13,568;42,000;0,000;42,000;rrGGGGGg;42,000
J19;16,000;0,000;0,000;13,568;42,000;0,000;42,000;rrGGGGGg;42,000
J19;17,000;0,000;0,000;13,322;42,000;0,000;42,000;rrGGGGGg;41,000
J19;17,000;0,000;0,000;13,322;42,000;0,000;42,000;rrGGGGGg;41,000
J19;17,000;0,000;0,000;13,322;42,000;0,000;42,000;rrGGGGGg;41,000
J19;17,000;0,000;0,000;13,322;42,000;0,000;42,000;rrGGGGGg;41,000
J19;17,000;0,000;0,000;13,322;42,000;0,000;42,000;rrGGGGGg;41,000
J19;17,000;0,000;0,000;13,322;42,000;0,000;42,000;rrGGGGGg;41,000
J19;17,000;0,000;0,000;13,322;42,000;0,000;42,000;rrGGGGGg;41,000
J19;17,000;0,000;0,000;13,322;42,000;0,000;42,000;rrGGGGGg;41,000
J19;17,000;0,000;0,000;13,322;42,000;0,000;42,000;rrGGGGGg;41,000
J19;17,000;0,000;0,000;13,322;42,000;-37,000;5,000;rrGGGGGg;4,000
J19;17,000;0,000;0,000;13,322;42,000;-37,000;5,000;rrGGGGGg;4,000
J19;17,000;0,000;0,000;13,322;42,000;-37,000;5,000;rrGGGGGg;4,000
J19;17,000;0,000;0,000;13,322;42,000;-37,000;5,000;rrGGGGGg;4,000
J19;17,000;0,000;0,000;13,322;42,000;-37,000;5,000;rrGGGGGg;4,000
J19;17,000;0,000;0,000;13,322;42,000;-37,000;5,000;rrGGGGGg;4,000
J19;17,000;0,000;0,000;13,322;42,000;-37,000;5,000;rrGGGGGg;4,000
J19;17,000;0,000;0,000;13,322;42,000;0,000;42,000;rrGGGGGg;42,000
J19;18,000;0,000;0,000;12,922;42,000;0,000;42,000;rrGGGGGg;41,000
J19;18,000;0,000;0,000;12,922;42,000;0,000;42,000;rrGGGGGg;41,000
J19;18,000;0,000;0,000;12,922;42,000;0,000;42,000;rrGGGGGg;41,000
J19;18,000;0,000;0,000;12,922;42,000;0,000;42,000;rrGGGGGg;41,000
J19;18,000;0,000;0,000;12,922;42,000;0,000;42,000;rrGGGGGg;41,000
J19;18,000;0,000;0,000;12,922;42,000;0,000;42,000;rrGGGGGg;41,000
J19;18,000;0,000;0,000;12,922;42,000;0,000;42,000;rrGGGGGg;41,000
J19;18,000;0,000;0,000;12,922;42,000;0,000;42,000;rrGGGGGg;41,000
J19;18,000;0,000;0,000;12,922;42,000;0,000;42,000;rrGGGGGg;41,000
J19;18,000;0,000;0,000;12,922;42,000;-37,000;5,000;rrGGGGGg;4,000
J19;18,000;0,000;0,000;12,922;42,000;-37,000;5,000;rrGGGGGg;4,000
J19;18,000;0,000;0,000;12,922;42,000;-37,000;5,000;rrGGGGGg;4,000
J19;18,000;0,000;0,000;12,922;42,000;-37,000;5,000;rrGGGGGg;4,000
J19;18,000;0,000;0,000;12,922;42,000;-37,000;5,000;rrGGGGGg;4,000
J19;18,000;0,000;0,000;12,922;42,000;-37,000;5,000;rrGGGGGg;4,000
J19;18,000;0,000;0,000;12,922;42,000;0,000;42,000;rrGGGGGg;42,000
J19;18,000;0,000;0,000;12,192;42,000;0,000;42,000;rrGGGGGg;42,000
J19;19,000;0,000;0,000;12,192;42,000;0,000;42,000;rrGGGGGg;41,000
J19;19,000;0,000;0,000;12,192;42,000;0,000;42,000;rrGGGGGg;41,000
J19;19,000;0,000;0,000;12,192;42,000;0,000;42,000;rrGGGGGg;41,000
J19;19,000;0,000;0,000;12,192;42,000;0,000;42,000;rrGGGGGg;41,000
J19;19,000;0,000;0,000;12,192;42,000;0,000;42,000;rrGGGGGg;41,000
J19;19,000;0,000;0,000;12,192;42,000;0,000;42,000;rrGGGGGg;41,000
J19;19,000;0,000;0,000;12,192;42,000;0,000;42,000;rrGGGGGg;41,000
J19;19,000;0,000;0,000;12,192;42,000;-37,000;5,000;rrGGGGGg;4,000
J19;19,000;0,000;0,000;12,192;42,000;-37,000;5,000;rrGGGGGg;4,000
J19;19,000;0,000;0,000;12,192;42,000;-37,000;5,000;rrGGGGGg;4,000
J19;19,000;0,000;0,000;12,192;42,000;-37,000;5,000;rrGGGGGg;4,000
J19;19,000;0,000;0,000;12,192;42,000;-37,000;5,000;rrGGGGGg;4,000
J19;19,000;0,000;0,000;12,192;42,000;-37,000;5,000;rrGGGGGg;4,000
J19;19,000;0,000;0,000;12,192;42,000;-37,000;5,000;rrGGGGGg;4,000
J19;19,000;0,000;0,000;10,884;42,000;0,000;42,000;rrGGGGGg;42,000
J19;20,000;0,000;0,000;10,884;42,000;0,000;42,000;rrGGGGGg;41,000
J19;20,000;0,000;0,000;10,884;42,000;0,000;42,000;rrGGGGGg;41,000
J19;20,000;0,000;0,000;10,884;42,000;0,000;42,000;rrGGGGGg;41,000
J19;20,000;0,000;0,000;10,884;42,000;0,000;42,000;rrGGGGGg;41,000
J19;20,000;0,000;0,000;10,884;42,000;0,000;42,000;rrGGGGGg;41,000
J19;20,000;0,000;0,000;10,884;42,000;0,000;42,000;rrGGGGGg;41,000
J19;20,000;0,000;0,000;10,884;42,000;0,000;42,000;rrGGGGGg;41,000
J19;20,000;0,000;0,000;10,884;42,000;0,000;42,000;rrGGGGGg;41,000
J19;20,000;0,000;0,000;10,884;42,000;0,000;42,000;rrGGGGGg;41,000
J19;20,000;0,000;0,000;10,884;42,000;0,000;42,000;rrGGGGGg;41,000
J19;20,000;0,000;0,000;10,884;42,000;-37,000;5,000;rrGGGGGg;4,000
J19;20,000;0,000;0,000;10,884;42,000;-37,000;5,000;rrGGGGGg;4,000
J19;20,000;0,000;0,000;10,884;42,000;-37,000;5,000;rrGGGGGg;4,000
J19;20,000;0,000;0,000;10,884;42,000;-37,000;5,000;rrGGGGGg;4,000
J19;20,000;0,000;0,000;10,884;42,000;-37,000;5,000;rrGGGGGg;4,000
J19;20,000;0,000;0,000;10,884;42,000;0,000;42,000;rrGGGGGg;42,000
J19;21,000;0,167;0,167;10,907;42,000;0,000;42,000;rrGGGGGg;41,000
J19;21,000;0,167;0,167;10,907;42,000;0,000;42,000;rrGGGGGg;41,000
J19;21,000;0,167;0,167;10,907;42,000;0,000;42,000;rrGGGGGg;41,000
J19;21,000;0,167;0,167;10,907;42,000;0,000;42,000;rrGGGGGg;41,000
J19;21,000;0,167;0,167;10,907;42,000;0,000;42,000;rrGGGGGg;41,000
J19;21,000;0,167;0,167;10,907;42,000;0,000;42,000;rrGGGGGg;41,000
J19;21,000;0,167;0,167;10,907;42,000;0,000;42,000;rrGGGGGg;41,000
J19;21,000;0,167;0,167;10,907;42,000;0,000;42,000;rrGGGGGg;41,000
J19;21,000;0,167;0,167;10,907;42,000;0,000;42,000;rrGGGGGg;41,000
J19;21,000;0,167;0,167;10,907;42,000;0,000;42,000;rrGGGGGg;41,000
J19;21,000;0,167;0,167;10,907;42,000;-37,000;5,000;rrGGGGGg;4,000
J19;21,000;0,167;0,167;10,907;42,000;-37,000;5,000;rrGGGGGg;4,000
J19;21,000;0,167;0,167;10,907;42,000;-37,000;5,000;rrGGGGGg;4,000
J19;21,000;0,167;0,167;10,907;42,000;-37,000;5,000;rrGGGGGg;4,000
J19;21,000;0,167;0,167;10,907;42,000;-37,000;5,000;rrGGGGGg;4,000
J19;21,000;0,167;0,167;10,907;42,000;0,000;42,000;rrGGGGGg;42,000
J19;21,000;0,167;0,333;11,235;42,000;0,000;42,000;rrGGGGGg;42,000
J19;22,000;0,167;0,333;11,235;42,000;0,000;42,000;rrGGGGGg;41,000
J19;22,000;0,167;0,333;11,235;42,000;0,000;42,000;rrGGGGGg;41,000
J19;22,000;0,167;0,333;11,235;42,000;0,000;42,000;rrGGGGGg;41,000
J19;22,000;0,167;0,333;11,235;42,000;0,000;42,000;rrGGGGGg;41,000
J19;22,000;0,167;0,333;11,235;42,000;0,000;42,000;rrGGGGGg;41,000
J19;22,000;0,167;0,333;11,235;42,000;0,000;42,000;rrGGGGGg;41,000
J19;22,000;0,167;0,333;11,235;42,000;0,000;42,000;rrGGGGGg;41,000
J19;22,000;0,167;0,333;11,235;42,000;0,000;42,000;rrGGGGGg;41,000
J19;22,000;0,167;0,333;11,235;42,000;0,000;42,000;rrGGGGGg;41,000
J19;22,000;0,167;0,333;11,235;42,000;-37,000;5,000;rrGGGGGg;4,000
J19;22,000;0,167;0,333;11,235;42,000;-37,000;5,000;rrGGGGGg;4,000
J19;22,000;0,167;0,333;11,235;42,000;-37,000;5,000;rrGGGGGg;4,000
J19;22,000;0,167;0,333;11,235;42,000;-37,000;5,000;rrGGGGGg;4,000
J19;22,000;0,167;0,333;11,235;42,000;0,000;42,000;rrGGGGGg;42,000
J19;23,000;0,167;0,500;11,467;42,000;0,000;42,000;rrGGGGGg;41,000
J19;23,000;0,167;0,500;11,467;42,000;0,000;42,000;rrGGGGGg;41,000
J19;23,000;0,167;0,500;11,467;42,000;0,000;42,000;rrGGGGGg;41,000
J19;23,000;0,167;0,500;11,467;42,000;0,000;42,000;rrGGGGGg;41,000
J19;23,000;0,167;0,500;11,467;42,000;0,000;42,000;rrGGGGGg;41,000
J19;23,000;0,167;0,500;11,467;42,000;0,000;42,000;rrGGGGGg;41,000
J19;23,000;0,167;0,500;11,467;42,000;0,000;42,000;rrGGGGGg;41,000
J19;23,000;0,167;0,500;11,467;42,000;0,000;42,000;rrGGGGGg;41,000
J19;23,000;0,167;0,500;11,467;42,000;0,000;42,000;rrGGGGGg;41,000
J19;23,000;0,167;0,500;11,467;42,000;-37,000;5,000;rrGGGGGg;4,000
J19;23,000;0,167;0,500;11,467;42,000;-37,000;5,000;rrGGGGGg;4,000
J19;23,000;0,167;0,500;11,467;42,000;-37,000;5,000;rrGGGGGg;4,000
J19;23,000;0,167;0,500;11,467;42,000;-37,000;5,000;rrGGGGGg;4,000
J19;23,000;0,167;0,500;11,467;42,000;0,000;42,000;rrGGGGGg;42,000
J19;24,000;0,167;0,667;11,592;42,000;0,000;42,000;rrGGGGGg;41,000
J19;24,000;0,167;0,667;11,592;42,000;0,000;42,000;rrGGGGGg;41,000
J19;24,000;0,167;0,667;11,592;42,000;0,000;42,000;rrGGGGGg;41,000
J19;24,000;0,167;0,667;11,592;42,000;0,000;42,000;rrGGGGGg;41,000
J19;24,000;0,167;0,667;11,592;42,000;0,000;42,000;rrGGGGGg;41,000
J19;24,000;0,167;0,667;11,592;42,000;-37,000;5,000;rrGGGGGg;4,000
J19;24,000;0,167;0,667;11,592;42,000;-37,000;5,000;rrGGGGGg;4,000
J19;24,000;0,167;0,667;11,592;42,000;-37,000;5,000;rrGGGGGg;4,000
J19;24,000;0,167;0,667;11,592;42,000;-37,000;5,000;rrGGGGGg;4,000
J19;24,000;0,167;0,667;11,592;42,000;1,000;43,000;rrGGGGGg;42,000
J19;24,000;0,167;0,833;10,803;42,000;0,000;42,000;rrGGGGGg;42,000
J19;25,000;0,167;0,833;10,803;42,000;0,000;42,000;rrGGGGGg;41,000
J19;25,000;0,167;0,833;10,803;42,000;0,000;42,000;rrGGGGGg;41,000
J19;25,000;0,167;0,833;10,803;42,000;0,000;42,000;rrGGGGGg;41,000
J19;25,000;0,167;0,833;10,803;42,000;0,000;42,000;rrGGGGGg;41,000
J19;25,000;0,167;0,833;10,803;42,000;0,000;42,000;rrGGGGGg;41,000
J19;25,000;0,167;0,833;10,803;42,000;0,000;42,000;rrGGGGGg;41,000
J19;25,000;0,167;0,833;10,803;42,000;0,000;42,000;rrGGGGGg;41,000
J19;25,000;0,167;0,833;10,803;42,000;0,000;42,000;rrGGGGGg;41,000
J19;25,000;0,167;0,833;10,803;42,000;0,000;42,000;rrGGGGGg;41,000
J19;25,000;0,167;0,833;10,803;42,000;-37,000;5,000;rrGGGGGg;4,000
J19;25,000;0,167;0,833;10,803;42,000;-37,000;5,000;rrGGGGGg;4,000
J19;25,000;0,167;0,833;10,803;42,000;-37,000;5,000;rrGGGGGg;4,000
J19;25,000;0,167;0,833;10,803;42,000;-37,000;5,000;rrGGGGGg;4,000
J19;25,000;0,167;0,833;10,803;42,000;-37,000;5,000;rrGGGGGg;4,000
J19;25,000;0,167;0,833;10,803;42,000;0,000;42,000;rrGGGGGg;42,000
J19;26,000;0,167;1,000;10,846;42,000;0,000;42,000;rrGGGGGg;41,000
J19;26,000;0,167;1,000;10,846;42,000;0,000;42,000;rrGGGGGg;41,000
J19;26,000;0,167;1,000;10,846;42,000;0,000;42,000;rrGGGGGg;41,000
J19;26,000;0,167;1,000;10,846;42,000;0,000;42,000;rrGGGGGg;41,000
J19;26,000;0,167;1,000;10,846;42,000;0,000;42,000;rrGGGGGg;41,000
J19;26,000;0,167;1,000;10,846;42,000;0,000;42,000;rrGGGGGg;41,000
J19;26,000;0,167;1,000;10,846;42,000;0,000;42,000;rrGGGGGg;41,000
J19;26,000;0,167;1,000;10,846;42,000;0,000;42,000;rrGGGGGg;41,000
J19;26,000;0,167;1,000;10,846;42,000;0,000;42,000;rrGGGGGg;41,000
J19;26,000;0,167;1,000;10,846;42,000;0,000;42,000;rrGGGGGg;41,000
J19;26,000;0,167;1,000;10,846;42,000;0,000;42,000;rrGGGGGg;41,000
J19;26,000;0,167;1,000;10,846;42,000;0,000;42,000;rrGGGGGg;41,000
J19;26,000;0,167;1,000;10,846;42,000;0,000;42,000;rrGGGGGg;41,000
J19;26,000;0,167;1,000;10,846;42,000;0,000;42,000;rrGGGGGg;41,000
J19;26,000;0,167;1,000;10,846;42,000;0,000;42,000;rrGGGGGg;41,000
J19;26,000;0,167;1,000;10,846;42,000;0,000;42,000;rrGGGGGg;42,000
J19;27,000;0,167;1,167;10,517;42,000;0,000;42,000;rrGGGGGg;41,000
J19;27,000;0,167;1,167;10,517;42,000;0,000;42,000;rrGGGGGg;41,000
J19;27,000;0,167;1,167;10,517;42,000;0,000;42,000;rrGGGGGg;41,000
J19;27,000;0,167;1,167;10,517;42,000;0,000;42,000;rrGGGGGg;41,000
J19;27,000;0,167;1,167;10,517;42,000;0,000;42,000;rrGGGGGg;41,000
J19;27,000;0,167;1,167;10,517;42,000;0,000;42,000;rrGGGGGg;41,000
J19;27,000;0,167;1,167;10,517;42,000;0,000;42,000;rrGGGGGg;41,000
J19;27,000;0,167;1,167;10,517;42,000;0,000;42,000;rrGGGGGg;41,000
J19;27,000;0,167;1,167;10,517;42,000;0,000;42,000;rrGGGGGg;41,000
J19;27,000;0,167;1,167;10,517;42,000;0,000;42,000;rrGGGGGg;41,000
J19;27,000;0,167;1,167;10,517;42,000;0,000;42,000;rrGGGGGg;41,000
J19;27,000;0,167;1,167;10,517;42,000;0,000;42,000;rrGGGGGg;41,000
J19;27,000;0,167;1,167;10,517;42,000;0,000;42,000;rrGGGGGg;41,000
J19;27,000;0,167;1,167;10,517;42,000;0,000;42,000;rrGGGGGg;41,000
J19;27,000;0,167;1,167;10,517;42,000;0,000;42,000;rrGGGGGg;41,000
J19;27,000;0,167;1,167;10,517;42,000;0,000;42,000;rrGGGGGg;42,000
J19;28,000;0,333;1,500;11,035;42,000;0,000;42,000;rrGGGGGg;41,000
J19;28,000;0,333;1,500;11,035;42,000;0,000;42,000;rrGGGGGg;41,000
J19;28,000;0,333;1,500;11,035;42,000;0,000;42,000;rrGGGGGg;41,000
J19;28,000;0,333;1,500;11,035;42,000;0,000;42,000;rrGGGGGg;41,000
J19;28,000;0,333;1,500;11,035;42,000;0,000;42,000;rrGGGGGg;41,000
J19;28,000;0,333;1,500;11,035;42,000;0,000;42,000;rrGGGGGg;41,000
J19;28,000;0,333;1,500;11,035;42,000;0,000;42,000;rrGGGGGg;41,000
J19;28,000;0,333;1,500;11,035;42,000;0,000;42,000;rrGGGGGg;41,000
J19;28,000;0,333;1,500;11,035;42,000;0,000;42,000;rrGGGGGg;41,000
J19;28,000;0,333;1,500;11,035;42,000;0,000;42,000;rrGGGGGg;41,000
J19;28,000;0,333;1,500;11,035;42,000;0,000;42,000;rrGGGGGg;41,000
J19;28,000;0,333;1,500;11,035;42,000;0,000;42,000;rrGGGGGg;41,000
J19;28,000;0,333;1,500;11,035;42,000;0,000;42,000;rrGGGGGg;41,000
J19;28,000;0,333;1,500;11,035;42,000;0,000;42,000;rrGGGGGg;41,000
J19;28,000;0,333;1,500;11,035;42,000;0,000;42,000;rrGGGGGg;42,000
J19;28,000;0,333;1,833;11,014;42,000;0,000;42,000;rrGGGGGg;42,000
J19;29,000;0,333;1,833;11,014;42,000;0,000;42,000;rrGGGGGg;41,000
J19;29,000;0,333;1,833;11,014;42,000;0,000;42,000;rrGGGGGg;41,000
J19;29,000;0,333;1,833;11,014;42,000;0,000;42,000;rrGGGGGg;41,000
J19;29,000;0,333;1,833;11,014;42,000;0,000;42,000;rrGGGGGg;41,000
J19;29,000;0,333;1,833;11,014;42,000;0,000;42,000;rrGGGGGg;41,000
J19;29,000;0,333;1,833;11,014;42,000;0,000;42,000;rrGGGGGg;41,000
J19;29,000;0,333;1,833;11,014;42,000;0,000;42,000;rrGGGGGg;41,000
J19;29,000;0,333;1,833;11,014;42,000;0,000;42,000;rrGGGGGg;41,000
J19;29,000;0,333;1,833;11,014;42,000;0,000;42,000;rrGGGGGg;41,000
J19;29,000;0,333;1,833;11,014;42,000;0,000;42,000;rrGGGGGg;41,000
J19;29,000;0,333;1,833;11,014;42,000;0,000;42,000;rrGGGGGg;41,000
J19;29,000;0,333;1,833;11,014;42,000;0,000;42,000;rrGGGGGg;42,000
J19;29,000;0,500;2,333;10,693;42,000;0,000;42,000;rrGGGGGg;42,000
J19;30,000;0,500;2,333;10,693;42,000;0,000;42,000;rrGGGGGg;41,000
J19;30,000;0,500;2,333;10,693;42,000;0,000;42,000;rrGGGGGg;41,000
J19;30,000;0,500;2,333;10,693;42,000;0,000;42,000;rrGGGGGg;41,000
J19;30,000;0,500;2,333;10,693;42,000;0,000;42,000;rrGGGGGg;41,000
J19;30,000;0,500;2,333;10,693;42,000;0,000;42,000;rrGGGGGg;41,000
J19;30,000;0,500;2,333;10,693;42,000;0,000;42,000;rrGGGGGg;41,000
J19;30,000;0,500;2,333;10,693;42,000;0,000;42,000;rrGGGGGg;41,000
J19;30,000;0,500;2,333;10,693;42,000;0,000;42,000;rrGGGGGg;41,000
J19;30,000;0,500;2,333;10,693;42,000;0,000;42,000;rrGGGGGg;41,000
J19;30,000;0,500;2,333;10,693;42,000;0,000;42,000;rrGGGGGg;41,000
J19;30,000;0,500;2,333;10,693;42,000;0,000;42,000;rrGGGGGg;41,000
J19;30,000;0,500;2,333;10,693;42,000;0,000;42,000;rrGGGGGg;42,000
J19;31,000;0,500;2,833;10,917;42,000;0,000;42,000;rrGGGGGg;41,000
J19;31,000;0,500;2,833;10,917;42,000;0,000;42,000;rrGGGGGg;41,000
J19;31,000;0,500;2,833;10,917;42,000;0,000;42,000;rrGGGGGg;41,000
J19;31,000;0,500;2,833;10,917;42,000;0,000;42,000;rrGGGGGg;41,000
J19;31,000;0,500;2,833;10,917;42,000;0,000;42,000;rrGGGGGg;41,000
J19;31,000;0,500;2,833;10,917;42,000;0,000;42,000;rrGGGGGg;41,000
J19;31,000;0,500;2,833;10,917;42,000;0,000;42,000;rrGGGGGg;41,000
J19;31,000;0,500;2,833;10,917;42,000;0,000;42,000;rrGGGGGg;41,000
J19;31,000;0,500;2,833;10,917;42,000;0,000;42,000;rrGGGGGg;41,000
J19;31,000;0,500;2,833;10,917;42,000;0,000;42,000;rrGGGGGg;41,000
J19;31,000;0,500;2,833;10,917;42,000;0,000;42,000;rrGGGGGg;41,000
J19;31,000;0,500;2,833;10,917;42,000;0,000;42,000;rrGGGGGg;42,000
J19;31,000;0,500;2,833;10,917;42,000;0,000;42,000;rrGGGGGg;42,000
J19;32,000;0,500;3,333;10,713;42,000;0,000;42,000;rrGGGGGg;41,000
J19;32,000;0,500;3,333;10,713;42,000;0,000;42,000;rrGGGGGg;41,000
J19;32,000;0,500;3,333;10,713;42,000;0,000;42,000;rrGGGGGg;41,000
J19;32,000;0,500;3,333;10,713;42,000;0,000;42,000;rrGGGGGg;41,000
J19;32,000;0,500;3,333;10,713;42,000;0,000;42,000;rrGGGGGg;41,000
J19;32,000;0,500;3,333;10,713;42,000;0,000;42,000;rrGGGGGg;41,000
J19;32,000;0,500;3,333;10,713;42,000;0,000;42,000;rrGGGGGg;41,000
J19;32,000;0,500;3,333;10,713;42,000;0,000;42,000;rrGGGGGg;41,000
J19;32,000;0,500;3,333;10,713;42,000;0,000;42,000;rrGGGGGg;41,000
J19;32,000;0,500;3,333;10,713;42,000;0,000;42,000;rrGGGGGg;41,000
J19;32,000;0,500;3,833;10,441;42,000;0,000;42,000;rrGGGGGg;42,000
J19;33,000;0,500;3,833;10,441;42,000;0,000;42,000;rrGGGGGg;41,000
J19;33,000;0,500;3,833;10,441;42,000;0,000;42,000;rrGGGGGg;41,000
J19;33,000;0,500;3,833;10,441;42,000;0,000;42,000;rrGGGGGg;41,000
J19;33,000;0,500;3,833;10,441;42,000;0,000;42,000;rrGGGGGg;41,000
J19;33,000;0,500;3,833;10,441;42,000;0,000;42,000;rrGGGGGg;41,000
J19;33,000;0,500;3,833;10,441;42,000;0,000;42,000;rrGGGGGg;41,000
J19;33,000;0,500;3,833;10,441;42,000;0,000;42,000;rrGGGGGg;41,000
J19;33,000;0,500;3,833;10,441;42,000;0,000;42,000;rrGGGGGg;41,000
J19;33,000;0,500;3,833;10,441;42,000;0,000;42,000;rrGGGGGg;41,000
J19;33,000;0,500;3,833;10,441;42,000;0,000;42,000;rrGGGGGg;41,000
J19;33,000;0,500;3,833;10,441;42,000;0,000;42,000;rrGGGGGg;42,000
J19;34,000;0,667;4,500;8,498;42,000;0,000;42,000;rrGGGGGg;41,000
J19;34,000;0,667;4,500;8,498;42,000;0,000;42,000;rrGGGGGg;41,000
J19;34,000;0,667;4,500;8,498;42,000;0,000;42,000;rrGGGGGg;41,000
J19;34,000;0,667;4,500;8,498;42,000;0,000;42,000;rrGGGGGg;41,000
J19;34,000;0,667;4,500;8,498;42,000;0,000;42,000;rrGGGGGg;41,000
J19;34,000;0,667;4,500;8,498;42,000;0,000;42,000;rrGGGGGg;41,000
J19;34,000;0,667;4,500;8,498;42,000;0,000;42,000;rrGGGGGg;41,000
J19;34,000;0,667;4,500;8,498;42,000;0,000;42,000;rrGGGGGg;41,000
J19;34,000;0,667;4,500;8,498;42,000;0,000;42,000;rrGGGGGg;41,000
J19;34,000;0,667;4,500;8,498;42,000;-37,000;5,000;rrGGGGGg;4,000
J19;34,000;0,667;4,500;8,498;42,000;-37,000;5,000;rrGGGGGg;4,000
J19;34,000;0,667;4,500;8,498;42,000;-37,000;5,000;rrGGGGGg;4,000
J19;34,000;0,667;4,500;8,498;42,000;-37,000;5,000;rrGGGGGg;4,000
J19;34,000;0,667;4,500;8,498;42,000;-37,000;5,000;rrGGGGGg;4,000
J19;34,000;0,667;4,500;8,498;42,000;0,000;42,000;rrGGGGGg;42,000
J19;35,000;0,667;5,167;9,101;42,000;0,000;42,000;rrGGGGGg;41,000
J19;35,000;0,667;5,167;9,101;42,000;0,000;42,000;rrGGGGGg;41,000
J19;35,000;0,667;5,167;9,101;42,000;0,000;42,000;rrGGGGGg;41,000
J19;35,000;0,667;5,167;9,101;42,000;0,000;42,000;rrGGGGGg;41,000
J19;35,000;0,667;5,167;9,101;42,000;0,000;42,000;rrGGGGGg;41,000
J19;35,000;0,667;5,167;9,101;42,000;0,000;42,000;rrGGGGGg;41,000
J19;35,000;0,667;5,167;9,101;42,000;0,000;42,000;rrGGGGGg;41,000
J19;35,000;0,667;5,167;9,101;42,000;0,000;42,000;rrGGGGGg;41,000
J19;35,000;0,667;5,167;9,101;42,000;0,000;42,000;rrGGGGGg;41,000
J19;35,000;0,667;5,167;9,101;42,000;-37,000;5,000;rrGGGGGg;4,000
J19;35,000;0,667;5,167;9,101;42,000;-37,000;5,000;rrGGGGGg;4,000
J19;35,000;0,667;5,167;9,101;42,000;-37,000;5,000;rrGGGGGg;4,000
J19;35,000;0,667;5,167;9,101;42,000;-37,000;5,000;rrGGGGGg;4,000
J19;35,000;0,667;5,167;9,101;42,000;-37,000;5,000;rrGGGGGg;4,000
J19;35,000;0,667;5,167;9,101;42,000;0,000;42,000;rrGGGGGg;42,000
J19;36,000;0,833;6,000;9,445;42,000;0,000;42,000;rrGGGGGg;41,000
J19;36,000;0,833;6,000;9,445;42,000;0,000;42,000;rrGGGGGg;41,000
J19;36,000;0,833;6,000;9,445;42,000;0,000;42,000;rrGGGGGg;41,000
J19;36,000;0,833;6,000;9,445;42,000;0,000;42,000;rrGGGGGg;41,000
J19;36,000;0,833;6,000;9,445;42,000;0,000;42,000;rrGGGGGg;41,000
J19;36,000;0,833;6,000;9,445;42,000;0,000;42,000;rrGGGGGg;41,000
J19;36,000;0,833;6,000;9,445;42,000;0,000;42,000;rrGGGGGg;41,000
J19;36,000;0,833;6,000;9,445;42,000;0,000;42,000;rrGGGGGg;41,000
J19;36,000;0,833;6,000;9,445;42,000;0,000;42,000;rrGGGGGg;41,000
J19;36,000;0,833;6,000;9,445;42,000;-37,000;5,000;rrGGGGGg;4,000
J19;36,000;0,833;6,000;9,445;42,000;-37,000;5,000;rrGGGGGg;4,000
J19;36,000;0,833;6,000;9,445;42,000;-37,000;5,000;rrGGGGGg;4,000
J19;36,000;0,833;6,000;9,445;42,000;-37,000;5,000;rrGGGGGg;4,000
J19;36,000;0,833;6,000;9,445;42,000;0,000;42,000;rrGGGGGg;42,000
J19;37,000;0,833;6,833;9,485;42,000;0,000;42,000;rrGGGGGg;41,000
J19;37,000;0,833;6,833;9,485;42,000;0,000;42,000;rrGGGGGg;41,000
J19;37,000;0,833;6,833;9,485;42,000;0,000;42,000;rrGGGGGg;41,000
J19;37,000;0,833;6,833;9,485;42,000;0,000;42,000;rrGGGGGg;41,000
J19;37,000;0,833;6,833;9,485;42,000;0,000;42,000;rrGGGGGg;41,000
J19;37,000;0,833;6,833;9,485;42,000;0,000;42,000;rrGGGGGg;41,000
J19;37,000;0,833;6,833;9,485;42,000;0,000;42,000;rrGGGGGg;41,000
J19;37,000;0,833;6,833;9,485;42,000;0,000;42,000;rrGGGGGg;41,000
J19;37,000;0,833;6,833;9,485;42,000;0,000;42,000;rrGGGGGg;41,000
J19;37,000;0,833;6,833;9,485;42,000;0,000;42,000;rrGGGGGg;41,000
J19;37,000;0,833;6,833;9,485;42,000;-37,000;5,000;rrGGGGGg;4,000
J19;37,000;0,833;6,833;9,485;42,000;-37,000;5,000;rrGGGGGg;4,000
J19;37,000;0,833;6,833;9,485;42,000;-37,000;5,000;rrGGGGGg;4,000
J19;37,000;0,833;6,833;9,485;42,000;-37,000;5,000;rrGGGGGg;4,000
J19;37,000;0,833;6,833;9,485;42,000;0,000;42,000;rrGGGGGg;42,000
J19;37,000;0,833;7,667;9,656;42,000;0,000;42,000;rrGGGGGg;42,000
J19;38,000;0,833;7,667;9,656;42,000;0,000;42,000;rrGGGGGg;41,000
J19;38,000;0,833;7,667;9,656;42,000;0,000;42,000;rrGGGGGg;41,000
J19;38,000;0,833;7,667;9,656;42,000;0,000;42,000;rrGGGGGg;41,000
J19;38,000;0,833;7,667;9,656;42,000;0,000;42,000;rrGGGGGg;41,000
J19;38,000;0,833;7,667;9,656;42,000;0,000;42,000;rrGGGGGg;41,000
J19;38,000;0,833;7,667;9,656;42,000;0,000;42,000;rrGGGGGg;41,000
J19;38,000;0,833;7,667;9,656;42,000;0,000;42,000;rrGGGGGg;41,000
J19;38,000;0,833;7,667;9,656;42,000;0,000;42,000;rrGGGGGg;41,000
J19;38,000;0,833;7,667;9,656;42,000;0,000;42,000;rrGGGGGg;41,000
J19;38,000;0,833;7,667;9,656;42,000;0,000;42,000;rrGGGGGg;41,000
J19;38,000;0,833;7,667;9,656;42,000;-37,000;5,000;rrGGGGGg;4,000
J19;38,000;0,833;7,667;9,656;42,000;-37,000;5,000;rrGGGGGg;4,000
J19;38,000;0,833;7,667;9,656;42,000;-37,000;5,000;rrGGGGGg;4,000
J19;38,000;0,833;7,667;9,656;42,000;-37,000;5,000;rrGGGGGg;4,000
J19;38,000;0,833;7,667;9,656;42,000;0,000;42,000;GGGrrrrr;42,000
J19;39,000;0,500;3,333;10,012;42,000;0,000;42,000;GGGrrrrr;41,000
J19;39,000;0,500;3,333;10,012;42,000;0,000;42,000;GGGrrrrr;41,000
J19;39,000;0,500;3,333;10,012;42,000;0,000;42,000;GGGrrrrr;41,000
J19;39,000;0,500;3,333;10,012;42,000;0,000;42,000;GGGrrrrr;41,000
J19;39,000;0,500;3,333;10,012;42,000;0,000;42,000;GGGrrrrr;41,000
J19;39,000;0,500;3,333;10,012;42,000;0,000;42,000;GGGrrrrr;41,000
J19;39,000;0,500;3,333;10,012;42,000;0,000;42,000;GGGrrrrr;41,000
J19;39,000;0,500;3,333;10,012;42,000;0,000;42,000;GGGrrrrr;41,000
J19;39,000;0,500;3,333;10,012;42,000;0,000;42,000;GGGrrrrr;41,000
J19;39,000;0,500;3,333;10,012;42,000;16,546;58,546;GGGrrrrr;57,546
J19;39,000;0,500;3,333;10,012;42,000;16,546;58,546;GGGrrrrr;57,546
J19;39,000;0,500;3,333;10,012;42,000;16,546;58,546;GGGrrrrr;57,546
J19;39,000;0,500;3,333;10,012;42,000;16,546;58,546;GGGrrrrr;57,546
J19;39,000;0,500;3,333;10,012;42,000;-38,000;4,000;GGGrrrrr;3,000
J19;40,000;0,333;1,000;10,026;42,000;-38,000;4,000;GGGrrrrr;2,000
J19;40,000;0,333;1,000;10,026;42,000;-38,000;4,000;GGGrrrrr;2,000
J19;40,000;0,333;1,000;10,026;42,000;-38,000;4,000;GGGrrrrr;2,000
J19;40,000;0,333;1,000;10,026;42,000;-38,000;4,000;GGGrrrrr;2,000
J19;40,000;0,333;1,000;10,026;42,000;-38,000;4,000;GGGrrrrr;2,000
J19;40,000;0,333;1,000;10,026;42,000;-38,000;4,000;GGGrrrrr;2,000
J19;40,000;0,333;1,000;10,026;42,000;-38,000;4,000;GGGrrrrr;2,000
J19;40,000;0,333;1,000;10,026;42,000;-38,000;4,000;GGGrrrrr;2,000
J19;40,000;0,333;1,000;10,026;42,000;-38,000;4,000;GGGrrrrr;2,000
J19;40,000;0,333;1,000;10,026;42,000;-38,000;4,000;GGGrrrrr;2,000
J19;40,000;0,333;1,000;10,026;42,000;-38,000;4,000;GGGrrrrr;2,000
J19;40,000;0,333;1,000;10,026;42,000;17,265;59,265;GGGrrrrr;57,265
J19;40,000;0,333;1,000;10,026;42,000;17,265;59,265;GGGrrrrr;57,265
J19;40,000;0,333;1,000;10,026;42,000;17,265;59,265;GGGrrrrr;57,265
J19;40,000;0,333;1,000;10,026;42,000;17,265;59,265;GGGrrrrr;57,265
J19;40,000;0,333;1,000;10,026;3,000;7,000;10,000;yyGrrrrr;10,000
J19;40,000;0,000;0,000;10,412;3,000;7,000;10,000;yyGrrrrr;10,000
J19;41,000;0,000;0,000;10,412;3,000;7,000;10,000;yyGrrrrr;9,000
J19;41,000;0,000;0,000;10,412;3,000;7,000;10,000;yyGrrrrr;9,000
J19;41,000;0,000;0,000;10,412;3,000;7,000;10,000;yyGrrrrr;9,000
J19;41,000;0,000;0,000;10,412;3,000;7,000;10,000;yyGrrrrr;9,000
J19;41,000;0,000;0,000;10,412;3,000;7,000;10,000;yyGrrrrr;9,000
J19;41,000;0,000;0,000;10,412;3,000;7,000;10,000;yyGrrrrr;9,000
J19;41,000;0,000;0,000;10,412;3,000;7,000;10,000;yyGrrrrr;9,000
J19;41,000;0,000;0,000;10,412;3,000;7,000;10,000;yyGrrrrr;9,000
J19;41,000;0,000;0,000;10,412;3,000;7,000;10,000;yyGrrrrr;9,000
J19;41,000;0,000;0,000;10,412;3,000;7,000;10,000;yyGrrrrr;9,000
J19;41,000;0,000;0,000;10,412;3,000;2,000;5,000;yyGrrrrr;4,000
J19;41,000;0,000;0,000;10,412;3,000;2,000;5,000;yyGrrrrr;4,000
J19;41,000;0,000;0,000;10,412;3,000;2,000;5,000;yyGrrrrr;4,000
J19;41,000;0,000;0,000;10,412;42,000;0,000;42,000;rrGGGGGg;42,000
J19;42,000;0,000;0,000;10,073;42,000;0,000;42,000;rrGGGGGg;41,000
J19;42,000;0,000;0,000;10,073;42,000;0,000;42,000;rrGGGGGg;41,000
J19;42,000;0,000;0,000;10,073;42,000;0,000;42,000;rrGGGGGg;41,000
J19;42,000;0,000;0,000;10,073;42,000;0,000;42,000;rrGGGGGg;41,000
J19;42,000;0,000;0,000;10,073;42,000;0,000;42,000;rrGGGGGg;41,000
J19;42,000;0,000;0,000;10,073;42,000;0,000;42,000;rrGGGGGg;41,000
J19;42,000;0,000;0,000;10,073;42,000;0,000;42,000;rrGGGGGg;41,000
J19;42,000;0,000;0,000;10,073;42,000;-37,000;5,000;rrGGGGGg;4,000
J19;42,000;0,000;0,000;10,073;42,000;-37,000;5,000;rrGGGGGg;4,000
J19;43,000;0,000;0,000;10,325;42,000;0,000;42,000;rrGGGGGg;41,000
J19;43,000;0,000;0,000;10,325;42,000;0,000;42,000;rrGGGGGg;41,000
J19;43,000;0,000;0,000;10,325;42,000;0,000;42,000;rrGGGGGg;41,000
J19;43,000;0,000;0,000;10,325;42,000;0,000;42,000;rrGGGGGg;41,000
J19;43,000;0,000;0,000;10,325;42,000;0,000;42,000;rrGGGGGg;41,000
J19;43,000;0,000;0,000;10,325;42,000;0,000;42,000;rrGGGGGg;41,000
J19;43,000;0,000;0,000;10,325;42,000;0,000;42,000;rrGGGGGg;41,000
J19;43,000;0,000;0,000;10,325;42,000;-37,000;5,000;rrGGGGGg;4,000
J19;43,000;0,000;0,000;10,325;42,000;-37,000;5,000;rrGGGGGg;4,000
J19;43,000;0,000;0,000;10,325;42,000;-37,000;5,000;rrGGGGGg;4,000
J19;43,000;0,000;0,000;10,325;42,000;-37,000;5,000;rrGGGGGg;4,000
J19;44,000;0,167;0,167;10,055;42,000;0,000;42,000;rrGGGGGg;41,000
J19;44,000;0,167;0,167;10,055;42,000;0,000;42,000;rrGGGGGg;41,000
J19;44,000;0,167;0,167;10,055;42,000;0,000;42,000;rrGGGGGg;41,000
J19;44,000;0,167;0,167;10,055;42,000;0,000;42,000;rrGGGGGg;41,000
J19;44,000;0,167;0,167;10,055;42,000;0,000;42,000;rrGGGGGg;41,000
J19;44,000;0,167;0,167;10,055;42,000;0,000;42,000;rrGGGGGg;41,000
J19;44,000;0,167;0,167;10,055;42,000;0,000;42,000;rrGGGGGg;41,000
J19;44,000;0,167;0,167;10,055;42,000;0,000;42,000;rrGGGGGg;41,000
J19;44,000;0,167;0,167;10,055;42,000;0,000;42,000;rrGGGGGg;41,000
J19;45,000;0,333;0,500;10,432;42,000;-38,000;4,000;rrGGGGGg;2,000
J19;45,000;0,333;0,500;10,432;42,000;-38,000;4,000;rrGGGGGg;2,000
J19;45,000;0,333;0,500;10,432;42,000;-38,000;4,000;rrGGGGGg;2,000
J19;45,000;0,333;0,500;10,432;42,000;-38,000;4,000;rrGGGGGg;2,000
J19;45,000;0,333;0,500;10,432;42,000;-38,000;4,000;rrGGGGGg;2,000
J19;45,000;0,333;0,500;10,432;42,000;-38,000;4,000;rrGGGGGg;2,000
J19;45,000;0,333;0,500;10,432;42,000;-38,000;4,000;rrGGGGGg;2,000
J19;45,000;0,333;0,500;10,432;42,000;-38,000;4,000;rrGGGGGg;2,000
J19;46,000;0,333;0,833;10,335;42,000;-38,000;4,000;rrGGGGGg;1,000
J19;46,000;0,333;0,833;10,335;42,000;-38,000;4,000;rrGGGGGg;1,000
J19;46,000;0,333;0,833;10,335;42,000;-38,000;4,000;rrGGGGGg;1,000
J19;46,000;0,333;0,833;10,335;42,000;-38,000;4,000;rrGGGGGg;1,000
J19;46,000;0,333;0,833;10,335;42,000;-38,000;4,000;rrGGGGGg;1,000
J19;46,000;0,333;0,833;10,335;42,000;-38,000;4,000;rrGGGGGg;1,000
J19;46,000;0,333;0,833;10,335;42,000;-38,000;4,000;rrGGGGGg;1,000
J19;46,000;0,333;0,833;10,335;42,000;-38,000;4,000;rrGGGGGg;1,000
J19;46,000;0,333;0,833;10,335;42,000;-38,000;4,000;rrGGGGGg;1,000
J19;46,000;0,333;0,833;10,335;42,000;-38,000;4,000;rrGGGGGg;1,000
J19;46,000;0,333;0,833;10,335;42,000;-38,000;4,000;rrGGGGGg;1,000
J19;46,000;0,333;0,833;10,335;42,000;-38,000;4,000;rrGGGGGg;1,000
J19;46,000;0,333;0,833;10,335;42,000;-38,000;4,000;rrGGGGGg;1,000
J19;46,000;0,333;0,833;10,335;42,000;-38,000;4,000;rrGGGGGg;1,000
J19;47,000;0,667;1,500;10,123;42,000;-38,000;4,000;rrGGGGGg;0,000
J19;47,000;0,667;1,500;10,123;42,000;-38,000;4,000;rrGGGGGg;0,000
J19;47,000;0,667;1,500;10,123;42,000;-38,000;4,000;rrGGGGGg;0,000
J19;47,000;0,667;1,500;10,123;42,000;-38,000;4,000;rrGGGGGg;0,000
J19;47,000;0,667;1,500;10,123;42,000;-38,000;4,000;rrGGGGGg;0,000
J19;47,000;0,667;1,500;10,123;42,000;-38,000;4,000;rrGGGGGg;0,000
J19;47,000;0,667;1,500;10,123;42,000;-38,000;4,000;rrGGGGGg;0,000
J19;47,000;0,667;1,500;10,123;42,000;-38,000;4,000;rrGGGGGg;0,000
J19;47,000;0,833;2,333;10,422;3,000;4,000;7,000;rrGyyyyy;3,000
J19;48,000;0,833;2,333;10,422;3,000;4,000;7,000;rrGyyyyy;2,000
J19;48,000;0,833;2,333;10,422;3,000;4,000;7,000;rrGyyyyy;2,000
J19;48,000;0,833;2,333;10,422;3,000;4,000;7,000;rrGyyyyy;2,000
J19;48,000;0,833;2,333;10,422;3,000;4,000;7,000;rrGyyyyy;2,000
J19;48,000;0,833;2,333;10,422;3,000;4,000;7,000;rrGyyyyy;2,000
J19;48,000;0,833;2,333;10,422;3,000;4,000;7,000;rrGyyyyy;2,000
J19;48,000;0,833;2,333;10,422;3,000;4,000;7,000;rrGyyyyy;2,000
J19;48,000;0,833;2,333;10,422;3,000;4,000;7,000;rrGyyyyy;2,000
J19;48,000;0,833;2,333;10,422;3,000;4,000;7,000;rrGyyyyy;2,000
J19;48,000;0,833;2,333;10,422;3,000;4,000;7,000;rrGyyyyy;2,000
J19;49,000;1,000;3,333;10,305;42,000;-32,000;10,000;rrGGGGGg;9,000
J19;49,000;1,000;3,333;10,305;42,000;-32,000;10,000;rrGGGGGg;9,000
J19;49,000;1,000;3,333;10,305;42,000;-32,000;10,000;rrGGGGGg;9,000
J19;49,000;1,000;3,333;10,305;42,000;-32,000;10,000;rrGGGGGg;9,000
J19;49,000;1,000;3,333;10,305;42,000;-32,000;10,000;rrGGGGGg;9,000
J19;49,000;1,000;3,333;10,305;42,000;-32,000;10,000;rrGGGGGg;9,000
J19;49,000;1,000;3,333;10,305;42,000;-32,000;10,000;rrGGGGGg;9,000
J19;49,000;1,000;3,333;10,305;42,000;-32,000;10,000;rrGGGGGg;9,000
J19;49,000;1,000;3,333;10,305;42,000;-32,000;10,000;rrGGGGGg;9,000
J19;49,000;1,000;3,333;10,305;42,000;-32,000;10,000;rrGGGGGg;9,000
J19;50,000;1,000;4,333;10,231;42,000;-32,000;10,000;rrGGGGGg;8,000
J19;50,000;1,000;4,333;10,231;42,000;-32,000;10,000;rrGGGGGg;8,000
J19;50,000;1,000;4,333;10,231;42,000;-32,000;10,000;rrGGGGGg;8,000
J19;50,000;1,000;4,333;10,231;42,000;-32,000;10,000;rrGGGGGg;8,000
J19;50,000;1,000;4,333;10,231;42,000;-32,000;10,000;rrGGGGGg;8,000
J19;50,000;1,000;4,333;10,231;42,000;-32,000;10,000;rrGGGGGg;8,000
J19;50,000;1,000;4,333;10,231;42,000;-32,000;10,000;rrGGGGGg;8,000
J19;50,000;1,000;4,333;10,231;42,000;-32,000;10,000;rrGGGGGg;8,000
J19;50,000;1,000;4,333;10,231;42,000;-32,000;10,000;rrGGGGGg;8,000
J19;50,000;1,000;4,333;10,231;42,000;-32,000;10,000;rrGGGGGg;8,000
J19;50,000;1,000;4,333;10,231;42,000;-32,000;10,000;rrGGGGGg;8,000
J19;51,000;1,167;5,500;9,947;42,000;-32,000;10,000;rrGGGGGg;7,000
J19;51,000;1,167;5,500;9,947;42,000;-32,000;10,000;rrGGGGGg;7,000
J19;51,000;1,167;5,500;9,947;42,000;-32,000;10,000;rrGGGGGg;7,000
J19;51,000;1,167;5,500;9,947;42,000;-32,000;10,000;rrGGGGGg;7,000
J19;51,000;1,167;5,500;9,947;42,000;-32,000;10,000;rrGGGGGg;7,000
J19;51,000;1,167;5,500;9,947;42,000;-32,000;10,000;rrGGGGGg;7,000
J19;51,000;1,167;5,500;9,947;42,000;-32,000;10,000;rrGGGGGg;7,000
J19;51,000;1,167;5,500;9,947;42,000;-32,000;10,000;rrGGGGGg;7,000
J19;51,000;1,167;5,500;9,947;42,000;-32,000;10,000;rrGGGGGg;7,000
J19;51,000;1,167;5,500;9,947;42,000;-32,000;10,000;rrGGGGGg;7,000
J19;51,000;1,167;5,500;9,947;42,000;-32,000;10,000;rrGGGGGg;7,000
J19;51,000;1,167;5,500;9,947;42,000;-32,000;10,000;rrGGGGGg;7,000
J19;52,000;1,167;6,667;10,048;42,000;-32,000;10,000;rrGGGGGg;6,000
J19;52,000;1,167;6,667;10,048;42,000;-32,000;10,000;rrGGGGGg;6,000
J19;52,000;1,167;6,667;10,048;42,000;-32,000;10,000;rrGGGGGg;6,000
J19;52,000;1,167;6,667;10,048;42,000;-32,000;10,000;rrGGGGGg;6,000
J19;52,000;1,167;6,667;10,048;42,000;-32,000;10,000;rrGGGGGg;6,000
J19;52,000;1,167;6,667;10,048;42,000;-32,000;10,000;rrGGGGGg;6,000
J19;52,000;1,167;6,667;10,048;42,000;-32,000;10,000;rrGGGGGg;6,000
J19;52,000;1,167;6,667;10,048;42,000;-32,000;10,000;rrGGGGGg;6,000
J19;52,000;1,167;6,667;10,048;42,000;-32,000;10,000;rrGGGGGg;6,000
J19;52,000;1,167;6,667;10,048;42,000;-32,000;10,000;rrGGGGGg;6,000
J19;52,000;1,167;6,667;10,048;42,000;-32,000;10,000;rrGGGGGg;6,000
J19;52,000;1,167;6,667;10,048;42,000;-32,000;10,000;rrGGGGGg;6,000
J19;52,000;1,167;7,833;9,832;42,000;-32,000;10,000;rrGGGGGg;6,000
J19;53,000;1,167;7,833;9,832;42,000;-32,000;10,000;rrGGGGGg;5,000
J19;53,000;1,167;7,833;9,832;42,000;-32,000;10,000;rrGGGGGg;5,000
J19;53,000;1,167;7,833;9,832;42,000;-32,000;10,000;rrGGGGGg;5,000
J19;53,000;1,167;7,833;9,832;42,000;-32,000;10,000;rrGGGGGg;5,000
J19;53,000;1,167;7,833;9,832;42,000;-32,000;10,000;rrGGGGGg;5,000
J19;53,000;1,167;7,833;9,832;42,000;-32,000;10,000;rrGGGGGg;5,000
J19;53,000;1,167;7,833;9,832;42,000;-32,000;10,000;rrGGGGGg;5,000
J19;53,000;1,167;7,833;9,832;42,000;-32,000;10,000;rrGGGGGg;5,000
J19;53,000;1,167;7,833;9,832;42,000;-32,000;10,000;rrGGGGGg;5,000
J19;54,000;1,167;9,000;9,699;42,000;-32,000;10,000;rrGGGGGg;4,000
J19;54,000;1,167;9,000;9,699;42,000;-32,000;10,000;rrGGGGGg;4,000
J19;54,000;1,167;9,000;9,699;42,000;-32,000;10,000;rrGGGGGg;4,000
J19;54,000;1,167;9,000;9,699;42,000;-32,000;10,000;rrGGGGGg;4,000
J19;54,000;1,167;9,000;9,699;42,000;-32,000;10,000;rrGGGGGg;4,000
J19;54,000;1,167;9,000;9,699;42,000;-32,000;10,000;rrGGGGGg;4,000
J19;54,000;1,167;9,000;9,699;42,000;-32,000;10,000;rrGGGGGg;4,000
J19;54,000;1,167;9,000;9,699;42,000;-32,000;10,000;rrGGGGGg;4,000
J19;54,000;1,167;9,000;9,699;42,000;-32,000;10,000;rrGGGGGg;4,000
J19;54,000;1,500;10,500;9,639;42,000;-32,000;10,000;rrGGGGGg;4,000
J19;55,000;1,500;10,500;9,639;42,000;-32,000;10,000;rrGGGGGg;3,000
J19;55,000;1,500;10,500;9,639;42,000;-32,000;10,000;rrGGGGGg;3,000
J19;55,000;1,500;10,500;9,639;42,000;-32,000;10,000;rrGGGGGg;3,000
J19;55,000;1,500;10,500;9,639;42,000;-32,000;10,000;rrGGGGGg;3,000
J19;55,000;1,500;10,500;9,639;42,000;-32,000;10,000;rrGGGGGg;3,000
J19;55,000;1,500;10,500;9,639;42,000;-32,000;10,000;rrGGGGGg;3,000
J19;55,000;1,500;10,500;9,639;42,000;-32,000;10,000;rrGGGGGg;3,000
J19;55,000;1,500;10,500;9,639;42,000;-32,000;10,000;rrGGGGGg;3,000
J19;55,000;1,500;10,500;9,639;42,000;-32,000;10,000;rrGGGGGg;3,000
J19;55,000;1,500;10,500;9,639;42,000;-32,000;10,000;rrGGGGGg;3,000
J19;55,000;1,500;10,500;9,639;42,000;-32,000;10,000;rrGGGGGg;3,000
J19;56,000;1,500;12,000;7,718;42,000;-32,000;10,000;rrGGGGGg;2,000
J19;56,000;1,500;12,000;7,718;42,000;-32,000;10,000;rrGGGGGg;2,000
J19;56,000;1,500;12,000;7,718;42,000;-32,000;10,000;rrGGGGGg;2,000
J19;56,000;1,500;12,000;7,718;42,000;-32,000;10,000;rrGGGGGg;2,000
J19;56,000;1,500;12,000;7,718;42,000;-32,000;10,000;rrGGGGGg;2,000
J19;56,000;1,500;12,000;7,718;42,000;-32,000;10,000;rrGGGGGg;2,000
J19;56,000;1,500;12,000;7,718;42,000;-32,000;10,000;rrGGGGGg;2,000
J19;56,000;1,500;12,000;7,718;42,000;-30,000;12,000;rrGGGGGg;4,000
J19;56,000;1,500;12,000;7,718;42,000;-30,000;12,000;rrGGGGGg;4,000
J19;56,000;1,500;12,000;7,718;42,000;-30,000;12,000;rrGGGGGg;4,000
J19;56,000;1,500;12,000;7,718;42,000;-30,000;12,000;rrGGGGGg;4,000
J19;57,000;1,500;13,500;7,971;42,000;-30,000;12,000;rrGGGGGg;3,000
J19;57,000;1,500;13,500;7,971;42,000;-30,000;12,000;rrGGGGGg;3,000
J19;57,000;1,500;13,500;7,971;42,000;-30,000;12,000;rrGGGGGg;3,000
J19;57,000;1,500;13,500;7,971;42,000;-30,000;12,000;rrGGGGGg;3,000
J19;57,000;1,500;13,500;7,971;42,000;-30,000;12,000;rrGGGGGg;3,000
J19;57,000;1,500;13,500;7,971;42,000;-30,000;12,000;rrGGGGGg;3,000
J19;57,000;1,500;13,500;7,971;42,000;-30,000;12,000;rrGGGGGg;3,000
J19;57,000;1,500;13,500;7,971;42,000;-30,000;12,000;rrGGGGGg;3,000
J19;57,000;1,500;13,500;7,971;42,000;-30,000;12,000;rrGGGGGg;3,000
J19;57,000;1,500;13,500;7,971;42,000;-30,000;12,000;rrGGGGGg;3,000
J19;57,000;1,500;13,500;7,971;42,000;-29,000;13,000;rrGGGGGg;4,000
J19;57,000;1,500;13,500;7,971;42,000;-29,000;13,000;rrGGGGGg;4,000
J19;57,000;1,500;13,500;7,971;42,000;-29,000;13,000;rrGGGGGg;4,000
J19;57,000;1,500;13,500;7,971;42,000;-29,000;13,000;rrGGGGGg;4,000
J19;58,000;1,500;15,000;8,469;42,000;-29,000;13,000;rrGGGGGg;3,000
J19;58,000;1,500;15,000;8,469;42,000;-29,000;13,000;rrGGGGGg;3,000
J19;58,000;1,500;15,000;8,469;42,000;-29,000;13,000;rrGGGGGg;3,000
J19;58,000;1,500;15,000;8,469;42,000;-29,000;13,000;rrGGGGGg;3,000
J19;58,000;1,500;15,000;8,469;42,000;-29,000;13,000;rrGGGGGg;3,000
J19;58,000;1,500;15,000;8,469;42,000;-29,000;13,000;rrGGGGGg;3,000
J19;58,000;1,500;15,000;8,469;42,000;-29,000;13,000;rrGGGGGg;3,000
J19;58,000;1,500;15,000;8,469;42,000;-29,000;13,000;rrGGGGGg;3,000
J19;58,000;1,500;15,000;8,469;42,000;-29,000;13,000;rrGGGGGg;3,000
J19;58,000;1,500;15,000;8,469;42,000;-28,000;14,000;rrGGGGGg;4,000
J19;58,000;1,500;15,000;8,469;42,000;-28,000;14,000;rrGGGGGg;4,000
J19;58,000;1,500;15,000;8,469;42,000;-28,000;14,000;rrGGGGGg;4,000
J19;58,000;1,500;15,000;8,469;42,000;-28,000;14,000;rrGGGGGg;4,000
J19;58,000;1,500;15,000;8,469;42,000;-28,000;14,000;rrGGGGGg;4,000
J19;59,000;1,500;16,500;8,321;42,000;-28,000;14,000;rrGGGGGg;3,000
J19;59,000;1,500;16,500;8,321;42,000;-28,000;14,000;rrGGGGGg;3,000
J19;59,000;1,500;16,500;8,321;42,000;-28,000;14,000;rrGGGGGg;3,000
J19;59,000;1,500;16,500;8,321;42,000;-28,000;14,000;rrGGGGGg;3,000
J19;59,000;1,500;16,500;8,321;42,000;-28,000;14,000;rrGGGGGg;3,000
J19;59,000;1,500;16,500;8,321;42,000;-28,000;14,000;rrGGGGGg;3,000
J19;59,000;1,500;16,500;8,321;42,000;-28,000;14,000;rrGGGGGg;3,000
J19;59,000;1,500;16,500;8,321;42,000;-28,000;14,000;rrGGGGGg;3,000
J19;59,000;1,500;16,500;8,321;42,000;-28,000;14,000;rrGGGGGg;3,000
J19;59,000;1,500;16,500;8,321;42,000;-29,465;12,535;rrGGGGGg;1,535
J19;59,000;1,500;16,500;8,321;42,000;-29,465;12,535;rrGGGGGg;1,535
J19;59,000;1,500;16,500;8,321;42,000;-29,465;12,535;rrGGGGGg;1,535
J19;59,000;1,500;16,500;8,321;42,000;-29,465;12,535;rrGGGGGg;1,535
J19;59,000;1,500;16,500;8,321;42,000;-29,465;12,535;rrGGGGGg;1,535
J19;60,000;1,500;18,000;9,068;42,000;-29,465;12,535;rrGGGGGg;0,535
J19;60,000;1,500;18,000;9,068;42,000;-29,465;12,535;rrGGGGGg;0,535
J19;60,000;1,500;18,000;9,068;42,000;-29,465;12,535;rrGGGGGg;0,535
J19;60,000;1,500;18,000;9,068;42,000;-29,465;12,535;rrGGGGGg;0,535
J19;60,000;1,500;18,000;9,068;42,000;-29,465;12,535;rrGGGGGg;0,535
J19;60,000;1,500;18,000;9,068;42,000;-29,465;12,535;rrGGGGGg;0,535
J19;60,000;1,500;18,000;9,068;42,000;-29,465;12,535;rrGGGGGg;0,535
J19;60,000;1,500;18,000;9,068;42,000;-29,465;12,535;rrGGGGGg;0,535
J19;60,000;1,500;18,000;9,068;42,000;-29,465;12,535;rrGGGGGg;0,535
J19;60,000;1,500;18,000;9,068;42,000;-29,465;12,535;rrGGGGGg;0,535
J19;60,000;1,500;18,000;9,068;42,000;-28,280;13,720;rrGGGGGg;1,720
J19;60,000;1,500;18,000;9,068;42,000;-28,280;13,720;rrGGGGGg;1,720
J19;60,000;1,500;18,000;9,068;42,000;-28,280;13,720;rrGGGGGg;1,720
J19;60,000;1,500;18,000;9,068;42,000;-28,280;13,720;rrGGGGGg;1,720
J19;60,000;1,500;18,000;9,068;42,000;-28,280;13,720;rrGGGGGg;1,720
J19;60,000;1,500;18,000;9,068;42,000;-28,280;13,720;rrGGGGGg;1,720
J19;60,000;1,500;18,000;9,068;42,000;-28,280;13,720;rrGGGGGg;1,720
J19;60,000;1,500;18,000;9,068;42,000;-28,280;13,720;rrGGGGGg;1,720
J19;61,000;1,667;19,667;9,205;42,000;-28,280;13,720;rrGGGGGg;0,720
J19;61,000;1,667;19,667;9,205;42,000;-28,280;13,720;rrGGGGGg;0,720
J19;61,000;1,667;19,667;9,205;42,000;-28,280;13,720;rrGGGGGg;0,720
J19;61,000;1,667;19,667;9,205;42,000;-28,280;13,720;rrGGGGGg;0,720
J19;61,000;1,667;19,667;9,205;42,000;-28,280;13,720;rrGGGGGg;0,720
J19;61,000;1,667;19,667;9,205;42,000;-28,280;13,720;rrGGGGGg;0,720
J19;61,000;1,667;19,667;9,205;42,000;-28,280;13,720;rrGGGGGg;0,720
J19;61,000;1,667;19,667;9,205;42,000;-28,280;13,720;rrGGGGGg;0,720
J19;61,000;1,667;19,667;9,205;42,000;-28,280;13,720;rrGGGGGg;0,720
J19;61,000;1,667;19,667;9,205;42,000;-28,280;13,720;rrGGGGGg;0,720
J19;61,000;1,667;19,667;9,205;42,000;-28,280;13,720;rrGGGGGg;0,720
J19;61,000;1,667;19,667;9,205;42,000;-28,280;13,720;rrGGGGGg;0,720
J19;61,000;1,667;19,667;9,205;42,000;-28,280;13,720;rrGGGGGg;0,720
J19;61,000;1,667;19,667;9,205;42,000;-28,280;13,720;rrGGGGGg;0,720
J19;61,000;1,667;19,667;9,205;42,000;-28,280;13,720;rrGGGGGg;0,720
J19;62,000;1,667;21,333;8,770;3,000;13,720;16,720;rrGyyyyy;2,720
J19;62,000;1,667;21,333;8,770;3,000;13,720;16,720;rrGyyyyy;2,720
J19;62,000;1,667;21,333;8,770;3,000;13,720;16,720;rrGyyyyy;2,720
J19;62,000;1,667;21,333;8,770;3,000;13,720;16,720;rrGyyyyy;2,720
J19;62,000;1,667;21,333;8,770;3,000;13,720;16,720;rrGyyyyy;2,720
J19;62,000;1,667;21,333;8,770;3,000;13,720;16,720;rrGyyyyy;2,720
J19;62,000;1,667;21,333;8,770;3,000;13,720;16,720;rrGyyyyy;2,720
J19;62,000;1,667;21,333;8,770;3,000;13,720;16,720;rrGyyyyy;2,720
J19;62,000;1,667;21,333;8,770;3,000;11,000;14,000;rrGyyyyy;0,000
J19;62,000;1,667;21,333;8,770;3,000;11,000;14,000;rrGyyyyy;0,000
J19;62,000;1,667;21,333;8,770;3,000;11,000;14,000;rrGyyyyy;0,000
J19;62,000;1,667;21,333;8,770;3,000;11,000;14,000;rrGyyyyy;0,000
J19;62,000;1,667;21,333;8,770;3,000;11,000;14,000;rrGyyyyy;0,000
J19;62,000;1,667;21,333;8,770;3,000;11,000;14,000;rrGyyyyy;0,000
J19;62,000;1,667;21,333;8,770;3,000;11,000;14,000;rrGyyyyy;0,000
J19;62,000;1,333;16,500;9,079;42,000;0,000;42,000;GGGrrrrr;42,000
J19;63,000;1,333;16,500;9,079;42,000;0,000;42,000;GGGrrrrr;41,000
J19;63,000;1,333;16,500;9,079;42,000;0,000;42,000;GGGrrrrr;41,000
J19;63,000;1,333;16,500;9,079;42,000;0,000;42,000;GGGrrrrr;41,000
J19;63,000;1,333;16,500;9,079;42,000;0,000;42,000;GGGrrrrr;41,000
J19;63,000;1,333;16,500;9,079;42,000;0,000;42,000;GGGrrrrr;41,000
J19;63,000;1,333;16,500;9,079;42,000;0,000;42,000;GGGrrrrr;41,000
J19;63,000;1,333;16,500;9,079;42,000;0,000;42,000;GGGrrrrr;41,000
J19;63,000;1,333;16,500;9,079;42,000;0,000;42,000;GGGrrrrr;41,000
J19;63,000;1,333;16,500;9,079;42,000;7,248;49,248;GGGrrrrr;48,248
J19;63,000;1,333;16,500;9,079;42,000;7,248;49,248;GGGrrrrr;48,248
J19;63,000;1,333;16,500;9,079;42,000;7,248;49,248;GGGrrrrr;48,248
J19;63,000;1,333;16,500;9,079;42,000;7,248;49,248;GGGrrrrr;48,248
J19;63,000;1,333;16,500;9,079;42,000;7,248;49,248;GGGrrrrr;48,248
J19;63,000;1,333;16,500;9,079;42,000;7,248;49,248;GGGrrrrr;48,248
J19;63,000;1,333;16,500;9,079;42,000;7,248;49,248;GGGrrrrr;48,248
J19;63,000;1,333;16,500;9,079;42,000;7,248;49,248;GGGrrrrr;48,248
J19;64,000;1,000;11,833;8,968;42,000;7,248;49,248;GGGrrrrr;47,248
J19;64,000;1,000;11,833;8,968;42,000;7,248;49,248;GGGrrrrr;47,248
J19;64,000;1,000;11,833;8,968;42,000;7,248;49,248;GGGrrrrr;47,248
J19;64,000;1,000;11,833;8,968;42,000;7,248;49,248;GGGrrrrr;47,248
J19;64,000;1,000;11,833;8,968;42,000;7,248;49,248;GGGrrrrr;47,248
J19;64,000;1,000;11,833;8,968;42,000;7,248;49,248;GGGrrrrr;47,248
J19;64,000;1,000;11,833;8,968;42,000;7,248;49,248;GGGrrrrr;47,248
J19;64,000;1,000;11,833;8,968;42,000;7,248;49,248;GGGrrrrr;47,248
J19;64,000;1,000;11,833;8,968;42,000;7,248;49,248;GGGrrrrr;47,248
J19;64,000;1,000;11,833;8,968;42,000;7,248;49,248;GGGrrrrr;47,248
J19;64,000;1,000;11,833;8,968;42,000;7,248;49,248;GGGrrrrr;47,248
J19;64,000;1,000;11,833;8,968;42,000;7,248;49,248;GGGrrrrr;47,248
J19;64,000;1,000;11,833;8,968;42,000;7,248;49,248;GGGrrrrr;47,248
J19;64,000;1,000;11,833;8,968;42,000;-37,000;5,000;GGGrrrrr;3,000
J19;65,000;0,667;7,000;8,990;42,000;-37,000;5,000;GGGrrrrr;2,000
J19;65,000;0,667;7,000;8,990;42,000;-37,000;5,000;GGGrrrrr;2,000
J19;65,000;0,667;7,000;8,990;42,000;-37,000;5,000;GGGrrrrr;2,000
J19;65,000;0,667;7,000;8,990;42,000;-37,000;5,000;GGGrrrrr;2,000
J19;65,000;0,667;7,000;8,990;42,000;-37,000;5,000;GGGrrrrr;2,000
J19;65,000;0,667;7,000;8,990;42,000;-37,000;5,000;GGGrrrrr;2,000
J19;65,000;0,667;7,000;8,990;42,000;-37,000;5,000;GGGrrrrr;2,000
J19;65,000;0,667;7,000;8,990;42,000;-37,000;5,000;GGGrrrrr;2,000
J19;65,000;0,667;7,000;8,990;42,000;-37,000;5,000;GGGrrrrr;2,000
J19;65,000;0,667;7,000;8,990;42,000;8,284;50,284;GGGrrrrr;47,284
J19;65,000;0,667;7,000;8,990;42,000;8,284;50,284;GGGrrrrr;47,284
J19;65,000;0,667;7,000;8,990;42,000;8,284;50,284;GGGrrrrr;47,284
J19;65,000;0,667;7,000;8,990;42,000;8,284;50,284;GGGrrrrr;47,284
J19;65,000;0,667;7,000;8,990;42,000;-36,000;6,000;GGGrrrrr;3,000
J19;66,000;0,500;3,167;8,647;42,000;-36,000;6,000;GGGrrrrr;2,000
J19;66,000;0,500;3,167;8,647;42,000;-36,000;6,000;GGGrrrrr;2,000
J19;66,000;0,500;3,167;8,647;42,000;-36,000;6,000;GGGrrrrr;2,000
J19;66,000;0,500;3,167;8,647;42,000;-36,000;6,000;GGGrrrrr;2,000
J19;66,000;0,500;3,167;8,647;42,000;-36,000;6,000;GGGrrrrr;2,000
J19;66,000;0,500;3,167;8,647;42,000;-36,000;6,000;GGGrrrrr;2,000
J19;66,000;0,500;3,167;8,647;42,000;-36,000;6,000;GGGrrrrr;2,000
J19;66,000;0,500;3,167;8,647;42,000;-36,000;6,000;GGGrrrrr;2,000
J19;66,000;0,500;3,167;8,647;42,000;-36,000;6,000;GGGrrrrr;2,000
J19;66,000;0,500;3,167;8,647;42,000;-36,000;6,000;GGGrrrrr;2,000
J19;66,000;0,500;3,167;8,647;42,000;9,694;51,694;GGGrrrrr;47,694
J19;66,000;0,500;3,167;8,647;42,000;9,694;51,694;GGGrrrrr;47,694
J19;66,000;0,500;3,167;8,647;42,000;9,694;51,694;GGGrrrrr;47,694
J19;66,000;0,500;3,167;8,647;42,000;9,694;51,694;GGGrrrrr;47,694
J19;66,000;0,333;0,500;9,103;42,000;-35,000;7,000;GGGrrrrr;3,000
J19;67,000;0,333;0,500;9,103;42,000;-35,000;7,000;GGGrrrrr;2,000
J19;67,000;0,333;0,500;9,103;42,000;-35,000;7,000;GGGrrrrr;2,000
J19;67,000;0,333;0,500;9,103;42,000;-35,000;7,000;GGGrrrrr;2,000
J19;67,000;0,333;0,500;9,103;42,000;-35,000;7,000;GGGrrrrr;2,000
J19;67,000;0,333;0,500;9,103;42,000;-35,000;7,000;GGGrrrrr;2,000
J19;67,000;0,333;0,500;9,103;42,000;-35,000;7,000;GGGrrrrr;2,000
J19;67,000;0,333;0,500;9,103;42,000;-35,000;7,000;GGGrrrrr;2,000
J19;67,000;0,333;0,500;9,103;42,000;-35,000;7,000;GGGrrrrr;2,000
J19;67,000;0,333;0,500;9,103;42,000;-35,000;7,000;GGGrrrrr;2,000
J19;67,000;0,333;0,500;9,103;42,000;11,817;53,817;GGGrrrrr;48,817
J19;67,000;0,333;0,500;9,103;42,000;11,817;53,817;GGGrrrrr;48,817
J19;67,000;0,333;0,500;9,103;42,000;11,817;53,817;GGGrrrrr;48,817
J19;67,000;0,333;0,500;9,103;42,000;11,817;53,817;GGGrrrrr;48,817
J19;67,000;0,333;0,500;9,103;42,000;11,817;53,817;GGGrrrrr;48,817
J19;67,000;0,333;0,500;9,103;42,000;-34,000;8,000;GGGrrrrr;3,000
J19;67,000;0,000;0,000;9,348;42,000;-34,000;8,000;GGGrrrrr;3,000
J19;68,000;0,000;0,000;9,348;42,000;-34,000;8,000;GGGrrrrr;2,000
J19;68,000;0,000;0,000;9,348;42,000;-34,000;8,000;GGGrrrrr;2,000
J19;68,000;0,000;0,000;9,348;42,000;-34,000;8,000;GGGrrrrr;2,000
J19;68,000;0,000;0,000;9,348;42,000;-34,000;8,000;GGGrrrrr;2,000
J19;68,000;0,000;0,000;9,348;42,000;-34,000;8,000;GGGrrrrr;2,000
J19;68,000;0,000;0,000;9,348;42,000;-34,000;8,000;GGGrrrrr;2,000
J19;68,000;0,000;0,000;9,348;42,000;-34,000;8,000;GGGrrrrr;2,000
J19;68,000;0,000;0,000;9,348;42,000;-34,000;8,000;GGGrrrrr;2,000
J19;68,000;0,000;0,000;9,348;42,000;-32,000;10,000;GGGrrrrr;4,000
J19;68,000;0,000;0,000;9,348;42,000;-32,000;10,000;GGGrrrrr;4,000
J19;68,000;0,000;0,000;9,348;42,000;-32,000;10,000;GGGrrrrr;4,000
J19;68,000;0,000;0,000;9,348;42,000;-32,000;10,000;GGGrrrrr;4,000
J19;68,000;0,000;0,000;9,348;42,000;-32,000;10,000;GGGrrrrr;4,000
J19;68,000;0,000;0,000;9,348;42,000;-32,000;10,000;GGGrrrrr;4,000
J19;68,000;0,000;0,000;9,348;42,000;-33,000;9,000;GGGrrrrr;3,000
J19;69,000;0,000;0,000;9,903;42,000;-33,000;9,000;GGGrrrrr;2,000
J19;69,000;0,000;0,000;9,903;42,000;-33,000;9,000;GGGrrrrr;2,000
J19;69,000;0,000;0,000;9,903;42,000;-33,000;9,000;GGGrrrrr;2,000
J19;69,000;0,000;0,000;9,903;42,000;-33,000;9,000;GGGrrrrr;2,000
J19;69,000;0,000;0,000;9,903;42,000;-33,000;9,000;GGGrrrrr;2,000
J19;69,000;0,000;0,000;9,903;42,000;-33,000;9,000;GGGrrrrr;2,000
J19;69,000;0,000;0,000;9,903;42,000;-33,000;9,000;GGGrrrrr;2,000
J19;69,000;0,000;0,000;9,903;42,000;-31,000;11,000;GGGrrrrr;4,000
J19;69,000;0,000;0,000;9,903;42,000;-31,000;11,000;GGGrrrrr;4,000
J19;69,000;0,000;0,000;9,903;42,000;-31,000;11,000;GGGrrrrr;4,000
J19;69,000;0,000;0,000;9,903;42,000;-31,000;11,000;GGGrrrrr;4,000
J19;69,000;0,000;0,000;9,903;42,000;-31,000;11,000;GGGrrrrr;4,000
J19;69,000;0,000;0,000;10,336;42,000;-32,000;10,000;GGGrrrrr;3,000
J19;70,000;0,000;0,000;10,336;42,000;-32,000;10,000;GGGrrrrr;2,000
J19;70,000;0,000;0,000;10,336;42,000;-32,000;10,000;GGGrrrrr;2,000
J19;70,000;0,000;0,000;10,336;42,000;-32,000;10,000;GGGrrrrr;2,000
J19;70,000;0,000;0,000;10,336;42,000;-32,000;10,000;GGGrrrrr;2,000
J19;70,000;0,000;0,000;10,336;42,000;-32,000;10,000;GGGrrrrr;2,000
J19;70,000;0,000;0,000;10,336;42,000;-32,000;10,000;GGGrrrrr;2,000
J19;70,000;0,000;0,000;10,336;42,000;-32,000;10,000;GGGrrrrr;2,000
J19;70,000;0,000;0,000;10,336;42,000;-32,000;10,000;GGGrrrrr;2,000
J19;70,000;0,000;0,000;10,336;42,000;-30,000;12,000;GGGrrrrr;4,000
J19;70,000;0,000;0,000;10,336;42,000;-30,000;12,000;GGGrrrrr;4,000
J19;70,000;0,000;0,000;10,336;42,000;-30,000;12,000;GGGrrrrr;4,000
J19;70,000;0,000;0,000;10,336;42,000;-30,000;12,000;GGGrrrrr;4,000
J19;70,000;0,000;0,000;10,336;42,000;-30,000;12,000;GGGrrrrr;4,000
J19;70,000;0,000;0,000;10,336;42,000;-31,000;11,000;GGGrrrrr;3,000
J19;71,000;0,000;0,000;10,651;42,000;-31,000;11,000;GGGrrrrr;2,000
J19;71,000;0,000;0,000;10,651;42,000;-31,000;11,000;GGGrrrrr;2,000
J19;71,000;0,000;0,000;10,651;42,000;-31,000;11,000;GGGrrrrr;2,000
J19;71,000;0,000;0,000;10,651;42,000;-31,000;11,000;GGGrrrrr;2,000
J19;71,000;0,000;0,000;10,651;42,000;-31,000;11,000;GGGrrrrr;2,000
J19;71,000;0,000;0,000;10,651;42,000;-31,000;11,000;GGGrrrrr;2,000
J19;71,000;0,000;0,000;10,651;42,000;-31,000;11,000;GGGrrrrr;2,000
J19;71,000;0,000;0,000;10,651;42,000;-29,000;13,000;GGGrrrrr;4,000
J19;71,000;0,000;0,000;10,651;42,000;-29,000;13,000;GGGrrrrr;4,000
J19;71,000;0,000;0,000;10,651;42,000;-29,000;13,000;GGGrrrrr;4,000
J19;71,000;0,000;0,000;10,651;42,000;-30,000;12,000;GGGrrrrr;3,000
J19;72,000;0,000;0,000;9,742;42,000;-30,000;12,000;GGGrrrrr;2,000
J19;72,000;0,000;0,000;9,742;42,000;-30,000;12,000;GGGrrrrr;2,000
J19;72,000;0,000;0,000;9,742;42,000;-30,000;12,000;GGGrrrrr;2,000
J19;72,000;0,000;0,000;9,742;42,000;-30,000;12,000;GGGrrrrr;2,000
J19;72,000;0,000;0,000;9,742;42,000;-30,000;12,000;GGGrrrrr;2,000
J19;72,000;0,000;0,000;9,742;42,000;-30,000;12,000;GGGrrrrr;2,000
J19;72,000;0,000;0,000;9,742;42,000;-30,000;12,000;GGGrrrrr;2,000
J19;72,000;0,000;0,000;9,742;42,000;-30,000;12,000;GGGrrrrr;2,000
J19;72,000;0,000;0,000;9,742;42,000;-28,000;14,000;GGGrrrrr;4,000
J19;72,000;0,000;0,000;9,742;42,000;-28,000;14,000;GGGrrrrr;4,000
J19;72,000;0,000;0,000;9,742;42,000;-28,000;14,000;GGGrrrrr;4,000
J19;72,000;0,000;0,000;9,742;42,000;-28,000;14,000;GGGrrrrr;4,000
J19;72,000;0,000;0,000;9,972;42,000;-29,000;13,000;GGGrrrrr;3,000
J19;73,000;0,000;0,000;9,972;42,000;-29,000;13,000;GGGrrrrr;2,000
J19;73,000;0,000;0,000;9,972;42,000;-29,000;13,000;GGGrrrrr;2,000
J19;73,000;0,000;0,000;9,972;42,000;-29,000;13,000;GGGrrrrr;2,000
J19;73,000;0,000;0,000;9,972;42,000;-29,000;13,000;GGGrrrrr;2,000
J19;73,000;0,000;0,000;9,972;42,000;-29,000;13,000;GGGrrrrr;2,000
J19;73,000;0,000;0,000;9,972;42,000;-29,000;13,000;GGGrrrrr;2,000
J19;73,000;0,000;0,000;9,972;42,000;-29,000;13,000;GGGrrrrr;2,000
J19;73,000;0,000;0,000;9,972;42,000;-27,000;15,000;GGGrrrrr;4,000
J19;73,000;0,000;0,000;9,972;42,000;-27,000;15,000;GGGrrrrr;4,000
J19;73,000;0,000;0,000;9,972;42,000;-27,000;15,000;GGGrrrrr;4,000
J19;73,000;0,000;0,000;9,972;42,000;-27,000;15,000;GGGrrrrr;4,000
J19;73,000;0,000;0,000;9,972;42,000;-28,000;14,000;GGGrrrrr;3,000
J19;74,000;0,000;0,000;10,733;42,000;-28,000;14,000;GGGrrrrr;2,000
J19;74,000;0,000;0,000;10,733;42,000;-28,000;14,000;GGGrrrrr;2,000
J19;74,000;0,000;0,000;10,733;42,000;-28,000;14,000;GGGrrrrr;2,000
J19;74,000;0,000;0,000;10,733;42,000;-28,000;14,000;GGGrrrrr;2,000
J19;74,000;0,000;0,000;10,733;42,000;-28,000;14,000;GGGrrrrr;2,000
J19;74,000;0,000;0,000;10,733;42,000;-28,000;14,000;GGGrrrrr;2,000
J19;74,000;0,000;0,000;10,733;42,000;-28,000;14,000;GGGrrrrr;2,000
J19;74,000;0,000;0,000;10,733;42,000;-28,000;14,000;GGGrrrrr;2,000
J19;74,000;0,000;0,000;10,733;42,000;-28,000;14,000;GGGrrrrr;2,000
J19;74,000;0,000;0,000;10,733;42,000;-26,000;16,000;GGGrrrrr;4,000
J19;74,000;0,000;0,000;10,733;42,000;-26,000;16,000;GGGrrrrr;4,000
J19;74,000;0,000;0,000;10,733;42,000;-26,000;16,000;GGGrrrrr;4,000
J19;74,000;0,000;0,000;10,733;42,000;-26,000;16,000;GGGrrrrr;4,000
J19;74,000;0,000;0,000;10,733;42,000;-27,000;15,000;GGGrrrrr;3,000
J19;75,000;0,000;0,000;11,240;42,000;-27,000;15,000;GGGrrrrr;2,000
J19;75,000;0,000;0,000;11,240;42,000;-27,000;15,000;GGGrrrrr;2,000
J19;75,000;0,000;0,000;11,240;42,000;-27,000;15,000;GGGrrrrr;2,000
J19;75,000;0,000;0,000;11,240;42,000;-27,000;15,000;GGGrrrrr;2,000
J19;75,000;0,000;0,000;11,240;42,000;-27,000;15,000;GGGrrrrr;2,000
J19;75,000;0,000;0,000;11,240;42,000;-27,000;15,000;GGGrrrrr;2,000
J19;75,000;0,000;0,000;11,240;42,000;-27,000;15,000;GGGrrrrr;2,000
J19;75,000;0,000;0,000;11,240;42,000;-25,000;17,000;GGGrrrrr;4,000
J19;75,000;0,000;0,000;11,240;42,000;-25,000;17,000;GGGrrrrr;4,000
J19;75,000;0,000;0,000;11,240;42,000;-25,000;17,000;GGGrrrrr;4,000
J19;75,000;0,000;0,000;11,240;42,000;-25,000;17,000;GGGrrrrr;4,000
J19;75,000;0,000;0,000;11,240;42,000;-25,000;17,000;GGGrrrrr;4,000
J19;75,000;0,000;0,000;11,240;42,000;-26,000;16,000;GGGrrrrr;3,000
J19;76,000;0,000;0,000;11,394;42,000;-26,000;16,000;GGGrrrrr;2,000
J19;76,000;0,000;0,000;11,394;42,000;-26,000;16,000;GGGrrrrr;2,000
J19;76,000;0,000;0,000;11,394;42,000;-26,000;16,000;GGGrrrrr;2,000
J19;76,000;0,000;0,000;11,394;42,000;-26,000;16,000;GGGrrrrr;2,000
J19;76,000;0,000;0,000;11,394;42,000;-24,000;18,000;GGGrrrrr;4,000
J19;76,000;0,000;0,000;11,394;42,000;-24,000;18,000;GGGrrrrr;4,000
J19;76,000;0,000;0,000;11,394;42,000;-24,000;18,000;GGGrrrrr;4,000
J19;76,000;0,000;0,000;11,394;42,000;-24,000;18,000;GGGrrrrr;4,000
J19;76,000;0,000;0,000;11,394;42,000;-24,000;18,000;GGGrrrrr;4,000
J19;76,000;0,000;0,000;11,394;42,000;-25,000;17,000;GGGrrrrr;3,000
J19;77,000;0,000;0,000;12,002;42,000;-25,000;17,000;GGGrrrrr;2,000
J19;77,000;0,000;0,000;12,002;42,000;-25,000;17,000;GGGrrrrr;2,000
J19;77,000;0,000;0,000;12,002;42,000;-25,000;17,000;GGGrrrrr;2,000
J19;77,000;0,000;0,000;12,002;42,000;-25,000;17,000;GGGrrrrr;2,000
J19;77,000;0,000;0,000;12,002;42,000;-25,000;17,000;GGGrrrrr;2,000
J19;77,000;0,000;0,000;12,002;42,000;-25,000;17,000;GGGrrrrr;2,000
J19;77,000;0,000;0,000;12,002;42,000;-25,000;17,000;GGGrrrrr;2,000
J19;77,000;0,000;0,000;12,002;42,000;-25,000;17,000;GGGrrrrr;2,000
J19;77,000;0,000;0,000;12,002;42,000;-25,000;17,000;GGGrrrrr;2,000
J19;77,000;0,000;0,000;12,002;42,000;-23,000;19,000;GGGrrrrr;4,000
J19;77,000;0,000;0,000;12,002;42,000;-23,000;19,000;GGGrrrrr;4,000
J19;77,000;0,000;0,000;12,002;42,000;-23,000;19,000;GGGrrrrr;4,000
J19;77,000;0,000;0,000;12,002;42,000;-23,000;19,000;GGGrrrrr;4,000
J19;77,000;0,000;0,000;12,002;42,000;-23,000;19,000;GGGrrrrr;4,000
J19;77,000;0,000;0,000;11,336;42,000;-24,000;18,000;GGGrrrrr;3,000
J19;78,000;0,000;0,000;11,336;42,000;-24,000;18,000;GGGrrrrr;2,000
J19;78,000;0,000;0,000;11,336;42,000;-24,000;18,000;GGGrrrrr;2,000
J19;78,000;0,000;0,000;11,336;42,000;-24,000;18,000;GGGrrrrr;2,000
J19;78,000;0,000;0,000;11,336;42,000;-24,000;18,000;GGGrrrrr;2,000
J19;78,000;0,000;0,000;11,336;42,000;-24,000;18,000;GGGrrrrr;2,000
J19;78,000;0,000;0,000;11,336;42,000;-24,000;18,000;GGGrrrrr;2,000
J19;78,000;0,000;0,000;11,336;42,000;-24,000;18,000;GGGrrrrr;2,000
J19;78,000;0,000;0,000;11,336;42,000;-24,000;18,000;GGGrrrrr;2,000
J19;78,000;0,000;0,000;11,336;42,000;-24,000;18,000;GGGrrrrr;2,000
J19;78,000;0,000;0,000;11,336;42,000;-22,000;20,000;GGGrrrrr;4,000
J19;78,000;0,000;0,000;11,336;42,000;-22,000;20,000;GGGrrrrr;4,000
J19;78,000;0,000;0,000;11,336;42,000;-22,000;20,000;GGGrrrrr;4,000
J19;78,000;0,000;0,000;11,336;42,000;-22,000;20,000;GGGrrrrr;4,000
J19;78,000;0,000;0,000;11,336;42,000;-22,000;20,000;GGGrrrrr;4,000
J19;78,000;0,000;0,000;11,121;42,000;-23,000;19,000;GGGrrrrr;3,000
J19;79,000;0,000;0,000;11,121;42,000;-23,000;19,000;GGGrrrrr;2,000
J19;79,000;0,000;0,000;11,121;42,000;-23,000;19,000;GGGrrrrr;2,000
J19;79,000;0,000;0,000;11,121;42,000;-23,000;19,000;GGGrrrrr;2,000
J19;79,000;0,000;0,000;11,121;42,000;-23,000;19,000;GGGrrrrr;2,000
J19;79,000;0,000;0,000;11,121;42,000;-23,000;19,000;GGGrrrrr;2,000
J19;79,000;0,000;0,000;11,121;42,000;-23,000;19,000;GGGrrrrr;2,000
J19;79,000;0,000;0,000;11,121;42,000;-23,000;19,000;GGGrrrrr;2,000
J19;79,000;0,000;0,000;11,121;42,000;-23,000;19,000;GGGrrrrr;2,000
J19;79,000;0,000;0,000;11,121;42,000;-23,000;19,000;GGGrrrrr;2,000
J19;79,000;0,000;0,000;11,121;42,000;-21,000;21,000;GGGrrrrr;4,000
J19;79,000;0,000;0,000;11,121;42,000;-21,000;21,000;GGGrrrrr;4,000
J19;79,000;0,000;0,000;11,121;42,000;-21,000;21,000;GGGrrrrr;4,000
J19;79,000;0,000;0,000;11,121;42,000;-21,000;21,000;GGGrrrrr;4,000
J19;79,000;0,000;0,000;11,121;42,000;-21,000;21,000;GGGrrrrr;4,000
J19;79,000;0,000;0,000;11,410;42,000;-22,000;20,000;GGGrrrrr;3,000
J19;80,000;0,000;0,000;11,410;42,000;-22,000;20,000;GGGrrrrr;2,000
J19;80,000;0,000;0,000;11,410;42,000;-22,000;20,000;GGGrrrrr;2,000
J19;80,000;0,000;0,000;11,410;42,000;-22,000;20,000;GGGrrrrr;2,000
J19;80,000;0,000;0,000;11,410;42,000;-22,000;20,000;GGGrrrrr;2,000
J19;80,000;0,000;0,000;11,410;42,000;-22,000;20,000;GGGrrrrr;2,000
J19;80,000;0,000;0,000;11,410;42,000;-22,000;20,000;GGGrrrrr;2,000
J19;80,000;0,000;0,000;11,410;42,000;-22,000;20,000;GGGrrrrr;2,000
J19;80,000;0,000;0,000;11,410;42,000;-20,000;22,000;GGGrrrrr;4,000
J19;80,000;0,000;0,000;11,410;42,000;-20,000;22,000;GGGrrrrr;4,000
J19;80,000;0,000;0,000;11,410;42,000;-20,000;22,000;GGGrrrrr;4,000
J19;80,000;0,000;0,000;11,410;42,000;-20,000;22,000;GGGrrrrr;4,000
J19;80,000;0,000;0,000;11,410;42,000;-20,000;22,000;GGGrrrrr;4,000
J19;80,000;0,000;0,000;12,348;42,000;-21,000;21,000;GGGrrrrr;3,000
J19;81,000;0,000;0,000;12,348;42,000;-21,000;21,000;GGGrrrrr;2,000
J19;81,000;0,000;0,000;12,348;42,000;-21,000;21,000;GGGrrrrr;2,000
J19;81,000;0,000;0,000;12,348;42,000;-21,000;21,000;GGGrrrrr;2,000
J19;81,000;0,000;0,000;12,348;42,000;-21,000;21,000;GGGrrrrr;2,000
J19;81,000;0,000;0,000;12,348;42,000;-21,000;21,000;GGGrrrrr;2,000
J19;81,000;0,000;0,000;12,348;42,000;-21,000;21,000;GGGrrrrr;2,000
J19;81,000;0,000;0,000;12,348;42,000;-21,000;21,000;GGGrrrrr;2,000
J19;81,000;0,000;0,000;12,348;42,000;-21,000;21,000;GGGrrrrr;2,000
J19;81,000;0,000;0,000;12,348;42,000;-19,000;23,000;GGGrrrrr;4,000
J19;81,000;0,000;0,000;12,348;42,000;-19,000;23,000;GGGrrrrr;4,000
J19;81,000;0,000;0,000;12,348;42,000;-19,000;23,000;GGGrrrrr;4,000
J19;81,000;0,000;0,000;12,348;42,000;-19,000;23,000;GGGrrrrr;4,000
J19;81,000;0,000;0,000;12,348;42,000;-19,000;23,000;GGGrrrrr;4,000
J19;81,000;0,000;0,000;12,348;42,000;-20,000;22,000;GGGrrrrr;3,000
J19;82,000;0,000;0,000;12,511;42,000;-20,000;22,000;GGGrrrrr;2,000
J19;82,000;0,000;0,000;12,511;42,000;-20,000;22,000;GGGrrrrr;2,000
J19;82,000;0,000;0,000;12,511;42,000;-20,000;22,000;GGGrrrrr;2,000
J19;82,000;0,000;0,000;12,511;42,000;-20,000;22,000;GGGrrrrr;2,000
J19;82,000;0,000;0,000;12,511;42,000;-20,000;22,000;GGGrrrrr;2,000
J19;82,000;0,000;0,000;12,511;42,000;-20,000;22,000;GGGrrrrr;2,000
J19;82,000;0,000;0,000;12,511;42,000;-20,000;22,000;GGGrrrrr;2,000
J19;82,000;0,000;0,000;12,511;42,000;-20,000;22,000;GGGrrrrr;2,000
J19;82,000;0,000;0,000;12,511;42,000;-20,000;22,000;GGGrrrrr;2,000
J19;82,000;0,000;0,000;12,511;42,000;-18,000;24,000;GGGrrrrr;4,000
J19;82,000;0,000;0,000;12,511;42,000;-18,000;24,000;GGGrrrrr;4,000
J19;82,000;0,000;0,000;12,511;42,000;-18,000;24,000;GGGrrrrr;4,000
J19;82,000;0,000;0,000;12,511;42,000;-18,000;24,000;GGGrrrrr;4,000
J19;82,000;0,000;0,000;12,511;42,000;-18,000;24,000;GGGrrrrr;4,000
J19;82,000;0,000;0,000;12,511;42,000;-18,000;24,000;GGGrrrrr;4,000
J19;83,000;0,000;0,000;13,060;42,000;-19,000;23,000;GGGrrrrr;2,000
J19;83,000;0,000;0,000;13,060;42,000;-19,000;23,000;GGGrrrrr;2,000
J19;83,000;0,000;0,000;13,060;42,000;-19,000;23,000;GGGrrrrr;2,000
J19;83,000;0,000;0,000;13,060;42,000;-19,000;23,000;GGGrrrrr;2,000
J19;83,000;0,000;0,000;13,060;42,000;-17,000;25,000;GGGrrrrr;4,000
J19;83,000;0,000;0,000;13,060;42,000;-17,000;25,000;GGGrrrrr;4,000
J19;83,000;0,000;0,000;13,060;42,000;-17,000;25,000;GGGrrrrr;4,000
J19;83,000;0,000;0,000;13,101;42,000;0,000;42,000;GGGrrrrr;42,000
J19;84,000;0,000;0,000;13,101;42,000;0,000;42,000;GGGrrrrr;41,000
J19;84,000;0,000;0,000;13,101;42,000;0,000;42,000;GGGrrrrr;41,000
J19;84,000;0,000;0,000;13,101;42,000;0,000;42,000;GGGrrrrr;41,000
J19;84,000;0,000;0,000;13,101;42,000;0,000;42,000;GGGrrrrr;41,000
J19;84,000;0,000;0,000;13,101;42,000;0,000;42,000;GGGrrrrr;41,000
J19;84,000;0,000;0,000;13,101;42,000;0,000;42,000;GGGrrrrr;41,000
J19;84,000;0,000;0,000;13,101;42,000;0,000;42,000;GGGrrrrr;41,000
J19;84,000;0,000;0,000;13,101;42,000;0,000;42,000;GGGrrrrr;41,000
J19;84,000;0,000;0,000;13,101;42,000;0,000;42,000;GGGrrrrr;41,000
J19;84,000;0,000;0,000;13,101;42,000;-37,000;5,000;GGGrrrrr;4,000
J19;84,000;0,000;0,000;13,101;42,000;-37,000;5,000;GGGrrrrr;4,000
J19;84,000;0,000;0,000;13,101;42,000;-37,000;5,000;GGGrrrrr;4,000
J19;84,000;0,000;0,000;13,101;42,000;-37,000;5,000;GGGrrrrr;4,000
J19;84,000;0,000;0,000;13,101;42,000;-37,000;5,000;GGGrrrrr;4,000
J19;84,000;0,000;0,000;13,101;42,000;-38,000;4,000;GGGrrrrr;3,000
J19;85,000;0,000;0,000;13,487;42,000;-38,000;4,000;GGGrrrrr;2,000
J19;85,000;0,000;0,000;13,487;42,000;-38,000;4,000;GGGrrrrr;2,000
J19;85,000;0,000;0,000;13,487;42,000;-38,000;4,000;GGGrrrrr;2,000
J19;85,000;0,000;0,000;13,487;42,000;-38,000;4,000;GGGrrrrr;2,000
J19;85,000;0,000;0,000;13,487;42,000;-38,000;4,000;GGGrrrrr;2,000
J19;85,000;0,000;0,000;13,487;42,000;-38,000;4,000;GGGrrrrr;2,000
J19;85,000;0,000;0,000;13,487;42,000;-38,000;4,000;GGGrrrrr;2,000
J19;85,000;0,000;0,000;13,487;42,000;-38,000;4,000;GGGrrrrr;2,000
J19;85,000;0,000;0,000;13,487;42,000;-38,000;4,000;GGGrrrrr;2,000
J19;85,000;0,000;0,000;13,487;42,000;-36,000;6,000;GGGrrrrr;4,000
J19;85,000;0,000;0,000;13,487;42,000;-36,000;6,000;GGGrrrrr;4,000
J19;85,000;0,000;0,000;13,487;42,000;-36,000;6,000;GGGrrrrr;4,000
J19;85,000;0,000;0,000;13,487;42,000;-36,000;6,000;GGGrrrrr;4,000
J19;85,000;0,000;0,000;13,487;42,000;-36,000;6,000;GGGrrrrr;4,000
J19;85,000;0,000;0,000;13,487;42,000;-36,000;6,000;GGGrrrrr;4,000
J19;85,000;0,000;0,000;13,487;42,000;-37,000;5,000;GGGrrrrr;3,000
J19;86,000;0,000;0,000;13,168;42,000;-37,000;5,000;GGGrrrrr;2,000
J19;86,000;0,000;0,000;13,168;42,000;-37,000;5,000;GGGrrrrr;2,000
J19;86,000;0,000;0,000;13,168;42,000;-37,000;5,000;GGGrrrrr;2,000
J19;86,000;0,000;0,000;13,168;42,000;-37,000;5,000;GGGrrrrr;2,000
J19;86,000;0,000;0,000;13,168;42,000;-37,000;5,000;GGGrrrrr;2,000
J19;86,000;0,000;0,000;13,168;42,000;-37,000;5,000;GGGrrrrr;2,000
J19;86,000;0,000;0,000;13,168;42,000;-37,000;5,000;GGGrrrrr;2,000
J19;86,000;0,000;0,000;13,168;42,000;-37,000;5,000;GGGrrrrr;2,000
J19;86,000;0,000;0,000;13,168;42,000;-37,000;5,000;GGGrrrrr;2,000
J19;86,000;0,000;0,000;13,168;42,000;-35,000;7,000;GGGrrrrr;4,000
J19;86,000;0,000;0,000;13,168;42,000;-35,000;7,000;GGGrrrrr;4,000
J19;86,000;0,000;0,000;13,168;42,000;-35,000;7,000;GGGrrrrr;4,000
J19;86,000;0,000;0,000;13,168;42,000;-35,000;7,000;GGGrrrrr;4,000
J19;86,000;0,000;0,000;13,168;42,000;-35,000;7,000;GGGrrrrr;4,000
J19;86,000;0,000;0,000;13,168;42,000;-36,000;6,000;GGGrrrrr;3,000
J19;86,000;0,000;0,000;13,168;42,000;-36,000;6,000;GGGrrrrr;3,000
J19;87,000;0,000;0,000;13,878;42,000;-36,000;6,000;GGGrrrrr;2,000
J19;87,000;0,000;0,000;13,878;42,000;-36,000;6,000;GGGrrrrr;2,000
J19;87,000;0,000;0,000;13,878;42,000;-36,000;6,000;GGGrrrrr;2,000
J19;87,000;0,000;0,000;13,878;42,000;-36,000;6,000;GGGrrrrr;2,000
J19;87,000;0,000;0,000;13,878;42,000;-36,000;6,000;GGGrrrrr;2,000
J19;87,000;0,000;0,000;13,878;42,000;-36,000;6,000;GGGrrrrr;2,000
J19;87,000;0,000;0,000;13,878;42,000;-36,000;6,000;GGGrrrrr;2,000
J19;87,000;0,000;0,000;13,878;42,000;-36,000;6,000;GGGrrrrr;2,000
J19;87,000;0,000;0,000;13,878;42,000;-36,000;6,000;GGGrrrrr;2,000
J19;87,000;0,000;0,000;13,878;42,000;-34,000;8,000;GGGrrrrr;4,000
J19;87,000;0,000;0,000;13,878;42,000;-34,000;8,000;GGGrrrrr;4,000
J19;87,000;0,000;0,000;13,878;42,000;-34,000;8,000;GGGrrrrr;4,000
J19;87,000;0,000;0,000;13,878;42,000;-34,000;8,000;GGGrrrrr;4,000
J19;87,000;0,000;0,000;13,878;42,000;-34,000;8,000;GGGrrrrr;4,000
J19;87,000;0,000;0,000;13,878;42,000;-35,000;7,000;GGGrrrrr;3,000
J19;88,000;0,000;0,000;13,800;42,000;-35,000;7,000;GGGrrrrr;2,000
J19;88,000;0,000;0,000;13,800;42,000;-35,000;7,000;GGGrrrrr;2,000
J19;88,000;0,000;0,000;13,800;42,000;-35,000;7,000;GGGrrrrr;2,000
J19;88,000;0,000;0,000;13,800;42,000;-35,000;7,000;GGGrrrrr;2,000
J19;88,000;0,000;0,000;13,800;42,000;-35,000;7,000;GGGrrrrr;2,000
J19;88,000;0,000;0,000;13,800;42,000;-35,000;7,000;GGGrrrrr;2,000
J19;88,000;0,000;0,000;13,800;42,000;-35,000;7,000;GGGrrrrr;2,000
J19;88,000;0,000;0,000;13,800;42,000;-35,000;7,000;GGGrrrrr;2,000
J19;88,000;0,000;0,000;13,800;42,000;-35,000;7,000;GGGrrrrr;2,000
J19;88,000;0,000;0,000;13,800;42,000;-33,000;9,000;GGGrrrrr;4,000
J19;88,000;0,000;0,000;13,800;42,000;-33,000;9,000;GGGrrrrr;4,000
J19;88,000;0,000;0,000;13,800;42,000;-33,000;9,000;GGGrrrrr;4,000
J19;88,000;0,000;0,000;13,800;42,000;-33,000;9,000;GGGrrrrr;4,000
J19;88,000;0,000;0,000;13,800;42,000;-33,000;9,000;GGGrrrrr;4,000
J19;88,000;0,000;0,000;13,800;42,000;-34,000;8,000;GGGrrrrr;3,000
J19;88,000;0,000;0,000;13,970;42,000;-34,000;8,000;GGGrrrrr;3,000
J19;89,000;0,000;0,000;13,970;42,000;-34,000;8,000;GGGrrrrr;2,000
J19;89,000;0,000;0,000;13,970;42,000;-34,000;8,000;GGGrrrrr;2,000
J19;89,000;0,000;0,000;13,970;42,000;-34,000;8,000;GGGrrrrr;2,000
J19;89,000;0,000;0,000;13,970;42,000;-34,000;8,000;GGGrrrrr;2,000
J19;89,000;0,000;0,000;13,970;42,000;-34,000;8,000;GGGrrrrr;2,000
J19;89,000;0,000;0,000;13,970;42,000;-34,000;8,000;GGGrrrrr;2,000
J19;89,000;0,000;0,000;13,970;42,000;-34,000;8,000;GGGrrrrr;2,000
J19;89,000;0,000;0,000;13,970;42,000;-34,000;8,000;GGGrrrrr;2,000
J19;89,000;0,000;0,000;13,970;42,000;-32,000;10,000;GGGrrrrr;4,000
J19;89,000;0,000;0,000;13,970;42,000;-32,000;10,000;GGGrrrrr;4,000
J19;89,000;0,000;0,000;13,970;42,000;-32,000;10,000;GGGrrrrr;4,000
J19;89,000;0,000;0,000;13,970;42,000;-32,000;10,000;GGGrrrrr;4,000
J19;89,000;0,000;0,000;13,970;42,000;-32,000;10,000;GGGrrrrr;4,000
J19;89,000;0,000;0,000;13,970;42,000;-33,000;9,000;GGGrrrrr;3,000
J19;90,000;0,000;0,000;13,727;42,000;-33,000;9,000;GGGrrrrr;2,000
J19;90,000;0,000;0,000;13,727;42,000;-33,000;9,000;GGGrrrrr;2,000
J19;90,000;0,000;0,000;13,727;42,000;-33,000;9,000;GGGrrrrr;2,000
J19;90,000;0,000;0,000;13,727;42,000;-33,000;9,000;GGGrrrrr;2,000
J19;90,000;0,000;0,000;13,727;42,000;-33,000;9,000;GGGrrrrr;2,000
J19;90,000;0,000;0,000;13,727;42,000;-33,000;9,000;GGGrrrrr;2,000
J19;90,000;0,000;0,000;13,727;42,000;-33,000;9,000;GGGrrrrr;2,000
J19;90,000;0,000;0,000;13,727;42,000;-33,000;9,000;GGGrrrrr;2,000
J19;90,000;0,000;0,000;13,727;42,000;-33,000;9,000;GGGrrrrr;2,000
J19;90,000;0,000;0,000;13,727;42,000;-33,000;9,000;GGGrrrrr;2,000
J19;90,000;0,000;0,000;13,727;42,000;-31,000;11,000;GGGrrrrr;4,000
J19;90,000;0,000;0,000;13,727;42,000;-31,000;11,000;GGGrrrrr;4,000
J19;90,000;0,000;0,000;13,727;42,000;-31,000;11,000;GGGrrrrr;4,000
J19;90,000;0,000;0,000;13,727;42,000;-31,000;11,000;GGGrrrrr;4,000
J19;90,000;0,000;0,000;13,727;42,000;-31,000;11,000;GGGrrrrr;4,000
J19;90,000;0,000;0,000;13,727;42,000;-31,000;11,000;GGGrrrrr;4,000
J19;90,000;0,000;0,000;13,727;42,000;-32,000;10,000;GGGrrrrr;3,000
J19;91,000;0,000;0,000;11,308;42,000;-32,000;10,000;GGGrrrrr;2,000
J19;91,000;0,000;0,000;11,308;42,000;-32,000;10,000;GGGrrrrr;2,000
J19;91,000;0,000;0,000;11,308;42,000;-32,000;10,000;GGGrrrrr;2,000
J19;91,000;0,000;0,000;11,308;42,000;-32,000;10,000;GGGrrrrr;2,000
J19;91,000;0,000;0,000;11,308;42,000;-32,000;10,000;GGGrrrrr;2,000
J19;91,000;0,000;0,000;11,308;42,000;-32,000;10,000;GGGrrrrr;2,000
J19;91,000;0,000;0,000;11,308;42,000;-32,000;10,000;GGGrrrrr;2,000
J19;91,000;0,000;0,000;11,308;42,000;-32,000;10,000;GGGrrrrr;2,000
J19;91,000;0,000;0,000;11,308;42,000;-32,000;10,000;GGGrrrrr;2,000
J19;91,000;0,000;0,000;11,308;42,000;-32,000;10,000;GGGrrrrr;2,000
J19;91,000;0,000;0,000;11,308;42,000;-30,000;12,000;GGGrrrrr;4,000
J19;91,000;0,000;0,000;11,308;42,000;-30,000;12,000;GGGrrrrr;4,000
J19;91,000;0,000;0,000;11,308;42,000;-30,000;12,000;GGGrrrrr;4,000
J19;91,000;0,000;0,000;11,308;42,000;-30,000;12,000;GGGrrrrr;4,000
J19;91,000;0,000;0,000;11,308;42,000;-30,000;12,000;GGGrrrrr;4,000
J19;91,000;0,000;0,000;11,308;42,000;-31,000;11,000;GGGrrrrr;3,000
J19;91,000;0,000;0,000;11,308;42,000;-31,000;11,000;GGGrrrrr;3,000
J19;91,000;0,000;0,000;11,308;42,000;-31,000;11,000;GGGrrrrr;3,000
J19;92,000;0,000;0,000;11,702;42,000;-31,000;11,000;GGGrrrrr;2,000
J19;92,000;0,000;0,000;11,702;42,000;-31,000;11,000;GGGrrrrr;2,000
J19;92,000;0,000;0,000;11,702;42,000;-31,000;11,000;GGGrrrrr;2,000
J19;92,000;0,000;0,000;11,702;42,000;-31,000;11,000;GGGrrrrr;2,000
J19;92,000;0,000;0,000;11,702;42,000;-31,000;11,000;GGGrrrrr;2,000
J19;92,000;0,000;0,000;11,702;42,000;-31,000;11,000;GGGrrrrr;2,000
J19;92,000;0,000;0,000;11,702;42,000;-31,000;11,000;GGGrrrrr;2,000
J19;92,000;0,000;0,000;11,702;42,000;-31,000;11,000;GGGrrrrr;2,000
J19;92,000;0,000;0,000;11,702;42,000;-29,000;13,000;GGGrrrrr;4,000
J19;92,000;0,000;0,000;11,702;42,000;-29,000;13,000;GGGrrrrr;4,000
J19;92,000;0,000;0,000;11,702;42,000;-29,000;13,000;GGGrrrrr;4,000
J19;92,000;0,000;0,000;11,702;42,000;-29,000;13,000;GGGrrrrr;4,000
J19;92,000;0,000;0,000;11,702;42,000;-29,000;13,000;GGGrrrrr;4,000
J19;92,000;0,000;0,000;11,702;42,000;-29,000;13,000;GGGrrrrr;4,000
J19;92,000;0,000;0,000;11,702;42,000;-30,000;12,000;GGGrrrrr;3,000
J19;93,000;0,000;0,000;12,895;42,000;-30,000;12,000;GGGrrrrr;2,000
J19;93,000;0,000;0,000;12,895;42,000;-30,000;12,000;GGGrrrrr;2,000
J19;93,000;0,000;0,000;12,895;42,000;-30,000;12,000;GGGrrrrr;2,000
J19;93,000;0,000;0,000;12,895;42,000;-30,000;12,000;GGGrrrrr;2,000
J19;93,000;0,000;0,000;12,895;42,000;-30,000;12,000;GGGrrrrr;2,000
J19;93,000;0,000;0,000;12,895;42,000;-30,000;12,000;GGGrrrrr;2,000
J19;93,000;0,000;0,000;12,895;42,000;-30,000;12,000;GGGrrrrr;2,000
J19;93,000;0,000;0,000;12,895;42,000;-30,000;12,000;GGGrrrrr;2,000
J19;93,000;0,000;0,000;12,895;42,000;-30,000;12,000;GGGrrrrr;2,000
J19;93,000;0,000;0,000;12,895;42,000;-28,000;14,000;GGGrrrrr;4,000
J19;93,000;0,000;0,000;12,895;42,000;-28,000;14,000;GGGrrrrr;4,000
J19;93,000;0,000;0,000;12,895;42,000;-28,000;14,000;GGGrrrrr;4,000
J19;93,000;0,000;0,000;12,895;42,000;-28,000;14,000;GGGrrrrr;4,000
J19;93,000;0,000;0,000;12,895;42,000;-28,000;14,000;GGGrrrrr;4,000
J19;93,000;0,000;0,000;12,895;42,000;-28,000;14,000;GGGrrrrr;4,000
J19;93,000;0,000;0,000;12,895;42,000;-29,000;13,000;GGGrrrrr;3,000
J19;94,000;0,000;0,000;13,294;42,000;-29,000;13,000;GGGrrrrr;2,000
J19;94,000;0,000;0,000;13,294;42,000;-29,000;13,000;GGGrrrrr;2,000
J19;94,000;0,000;0,000;13,294;42,000;-29,000;13,000;GGGrrrrr;2,000
J19;94,000;0,000;0,000;13,294;42,000;-29,000;13,000;GGGrrrrr;2,000
J19;94,000;0,000;0,000;13,294;42,000;-29,000;13,000;GGGrrrrr;2,000
J19;94,000;0,000;0,000;13,294;42,000;-29,000;13,000;GGGrrrrr;2,000
J19;94,000;0,000;0,000;13,294;42,000;-29,000;13,000;GGGrrrrr;2,000
J19;94,000;0,000;0,000;13,294;42,000;-29,000;13,000;GGGrrrrr;2,000
J19;94,000;0,000;0,000;13,294;42,000;-29,000;13,000;GGGrrrrr;2,000
J19;94,000;0,000;0,000;13,294;42,000;-27,000;15,000;GGGrrrrr;4,000
J19;94,000;0,000;0,000;13,294;42,000;-27,000;15,000;GGGrrrrr;4,000
J19;94,000;0,000;0,000;13,294;42,000;-27,000;15,000;GGGrrrrr;4,000
J19;94,000;0,000;0,000;13,294;42,000;-27,000;15,000;GGGrrrrr;4,000
J19;94,000;0,000;0,000;13,294;42,000;-27,000;15,000;GGGrrrrr;4,000
J19;94,000;0,000;0,000;13,294;42,000;-27,000;15,000;GGGrrrrr;4,000
J19;94,000;0,000;0,000;13,294;3,000;13,000;16,000;yyGrrrrr;5,000
J19;94,000;0,000;0,000;13,624;3,000;13,000;16,000;yyGrrrrr;5,000
J19;95,000;0,000;0,000;13,624;3,000;13,000;16,000;yyGrrrrr;4,000
J19;95,000;0,000;0,000;13,624;3,000;13,000;16,000;yyGrrrrr;4,000
J19;95,000;0,000;0,000;13,624;3,000;13,000;16,000;yyGrrrrr;4,000
J19;95,000;0,000;0,000;13,624;3,000;13,000;16,000;yyGrrrrr;4,000
J19;95,000;0,000;0,000;13,624;3,000;13,000;16,000;yyGrrrrr;4,000
J19;95,000;0,000;0,000;13,624;3,000;13,000;16,000;yyGrrrrr;4,000
J19;95,000;0,000;0,000;13,624;3,000;13,000;16,000;yyGrrrrr;4,000
J19;95,000;0,000;0,000;13,624;3,000;13,000;16,000;yyGrrrrr;4,000
J19;95,000;0,000;0,000;13,624;3,000;13,000;16,000;yyGrrrrr;4,000
J19;95,000;0,000;0,000;13,624;4,000;10,000;14,000;rrrrrrrr;2,000
J19;95,000;0,000;0,000;13,624;4,000;10,000;14,000;rrrrrrrr;2,000
J19;95,000;0,000;0,000;13,624;4,000;10,000;14,000;rrrrrrrr;2,000
J19;95,000;0,000;0,000;13,624;4,000;10,000;14,000;rrrrrrrr;2,000
J19;95,000;0,000;0,000;13,624;4,000;10,000;14,000;rrrrrrrr;2,000
J19;95,000;0,000;0,000;13,624;4,000;10,000;14,000;rrrrrrrr;2,000
J19;95,000;0,000;0,000;13,624;4,000;10,000;14,000;rrrrrrrr;2,000
J19;95,000;0,000;0,000;13,624;42,000;0,000;42,000;rrGGGGGg;42,000
J19;96,000;0,000;0,000;13,319;42,000;0,000;42,000;rrGGGGGg;41,000
J19;96,000;0,000;0,000;13,319;42,000;0,000;42,000;rrGGGGGg;41,000
J19;96,000;0,000;0,000;13,319;42,000;0,000;42,000;rrGGGGGg;41,000
J19;96,000;0,000;0,000;13,319;42,000;0,000;42,000;rrGGGGGg;41,000
J19;96,000;0,000;0,000;13,319;42,000;0,000;42,000;rrGGGGGg;41,000
J19;96,000;0,000;0,000;13,319;42,000;0,000;42,000;rrGGGGGg;41,000
J19;96,000;0,000;0,000;13,319;42,000;0,000;42,000;rrGGGGGg;41,000
J19;96,000;0,000;0,000;13,319;42,000;0,000;42,000;rrGGGGGg;41,000
J19;96,000;0,000;0,000;13,319;42,000;-37,000;5,000;rrGGGGGg;4,000
J19;96,000;0,000;0,000;13,319;42,000;-37,000;5,000;rrGGGGGg;4,000
J19;96,000;0,000;0,000;13,319;42,000;-37,000;5,000;rrGGGGGg;4,000
J19;96,000;0,000;0,000;13,319;42,000;-37,000;5,000;rrGGGGGg;4,000
J19;96,000;0,000;0,000;13,319;42,000;-37,000;5,000;rrGGGGGg;4,000
J19;96,000;0,000;0,000;13,319;42,000;0,000;42,000;rrGGGGGg;42,000
J19;97,000;0,000;0,000;13,831;42,000;0,000;42,000;rrGGGGGg;41,000
J19;97,000;0,000;0,000;13,831;42,000;0,000;42,000;rrGGGGGg;41,000
J19;97,000;0,000;0,000;13,831;42,000;0,000;42,000;rrGGGGGg;41,000
J19;97,000;0,000;0,000;13,831;42,000;0,000;42,000;rrGGGGGg;41,000
J19;97,000;0,000;0,000;13,831;42,000;0,000;42,000;rrGGGGGg;41,000
J19;97,000;0,000;0,000;13,831;42,000;0,000;42,000;rrGGGGGg;41,000
J19;97,000;0,000;0,000;13,831;42,000;0,000;42,000;rrGGGGGg;41,000
J19;97,000;0,000;0,000;13,831;42,000;0,000;42,000;rrGGGGGg;41,000
J19;97,000;0,000;0,000;13,831;42,000;0,000;42,000;rrGGGGGg;41,000
J19;97,000;0,000;0,000;13,831;42,000;0,000;42,000;rrGGGGGg;41,000
J19;97,000;0,000;0,000;13,831;42,000;-37,000;5,000;rrGGGGGg;4,000
J19;97,000;0,000;0,000;13,831;42,000;-37,000;5,000;rrGGGGGg;4,000
J19;97,000;0,000;0,000;13,831;42,000;-37,000;5,000;rrGGGGGg;4,000
J19;97,000;0,000;0,000;13,488;42,000;0,000;42,000;rrGGGGGg;42,000
J19;98,000;0,000;0,000;13,488;42,000;0,000;42,000;rrGGGGGg;41,000
J19;98,000;0,000;0,000;13,488;42,000;0,000;42,000;rrGGGGGg;41,000
J19;98,000;0,000;0,000;13,488;42,000;0,000;42,000;rrGGGGGg;41,000
J19;98,000;0,000;0,000;13,488;42,000;0,000;42,000;rrGGGGGg;41,000
J19;98,000;0,000;0,000;13,488;42,000;0,000;42,000;rrGGGGGg;41,000
J19;98,000;0,000;0,000;13,488;42,000;0,000;42,000;rrGGGGGg;41,000
J19;98,000;0,000;0,000;13,488;42,000;0,000;42,000;rrGGGGGg;41,000
J19;98,000;0,000;0,000;13,488;42,000;0,000;42,000;rrGGGGGg;41,000
J19;98,000;0,000;0,000;13,488;42,000;0,000;42,000;rrGGGGGg;41,000
J19;98,000;0,000;0,000;13,488;42,000;-37,000;5,000;rrGGGGGg;4,000
J19;98,000;0,000;0,000;13,488;42,000;-37,000;5,000;rrGGGGGg;4,000
J19;98,000;0,000;0,000;13,488;42,000;-37,000;5,000;rrGGGGGg;4,000
J19;98,000;0,000;0,000;11,743;42,000;0,000;42,000;rrGGGGGg;42,000
J19;99,000;0,000;0,000;11,743;42,000;0,000;42,000;rrGGGGGg;41,000
J19;99,000;0,000;0,000;11,743;42,000;0,000;42,000;rrGGGGGg;41,000
J19;99,000;0,000;0,000;11,743;42,000;0,000;42,000;rrGGGGGg;41,000
J19;99,000;0,000;0,000;11,743;42,000;0,000;42,000;rrGGGGGg;41,000
J19;99,000;0,000;0,000;11,743;42,000;0,000;42,000;rrGGGGGg;41,000
J19;99,000;0,000;0,000;11,743;42,000;0,000;42,000;rrGGGGGg;41,000
J19;99,000;0,000;0,000;11,743;42,000;0,000;42,000;rrGGGGGg;41,000
J19;99,000;0,000;0,000;11,743;42,000;0,000;42,000;rrGGGGGg;41,000
J19;99,000;0,000;0,000;11,743;42,000;0,000;42,000;rrGGGGGg;41,000
J19;99,000;0,000;0,000;11,743;42,000;0,000;42,000;rrGGGGGg;41,000
J19;99,000;0,000;0,000;11,743;42,000;-37,000;5,000;rrGGGGGg;4,000
J19;99,000;0,000;0,000;11,743;42,000;-37,000;5,000;rrGGGGGg;4,000
J19;99,000;0,000;0,000;11,743;42,000;-37,000;5,000;rrGGGGGg;4,000
J19;99,000;0,000;0,000;11,743;42,000;-37,000;5,000;rrGGGGGg;4,000
J19;100,000;0,000;0,000;11,864;42,000;0,000;42,000;rrGGGGGg;41,000
J19;100,000;0,000;0,000;11,864;42,000;0,000;42,000;rrGGGGGg;41,000
J19;100,000;0,000;0,000;11,864;42,000;0,000;42,000;rrGGGGGg;41,000
J19;100,000;0,000;0,000;11,864;42,000;0,000;42,000;rrGGGGGg;41,000
J19;100,000;0,000;0,000;11,864;42,000;0,000;42,000;rrGGGGGg;41,000
J19;100,000;0,000;0,000;11,864;42,000;0,000;42,000;rrGGGGGg;41,000
J19;100,000;0,000;0,000;11,864;42,000;0,000;42,000;rrGGGGGg;41,000
J19;100,000;0,000;0,000;11,864;42,000;0,000;42,000;rrGGGGGg;41,000
J19;100,000;0,000;0,000;11,864;42,000;0,000;42,000;rrGGGGGg;41,000
J19;100,000;0,000;0,000;11,864;42,000;0,000;42,000;rrGGGGGg;41,000
J19;100,000;0,000;0,000;11,864;42,000;0,000;42,000;rrGGGGGg;41,000
J19;100,000;0,000;0,000;11,864;42,000;0,000;42,000;rrGGGGGg;41,000
J19;100,000;0,000;0,000;11,864;42,000;0,000;42,000;rrGGGGGg;41,000
J19;100,000;0,000;0,000;11,864;42,000;0,000;42,000;rrGGGGGg;41,000
J19;100,000;0,000;0,000;11,864;42,000;-37,000;5,000;rrGGGGGg;4,000
J19;100,000;0,000;0,000;11,864;42,000;-37,000;5,000;rrGGGGGg;4,000
J19;100,000;0,000;0,000;11,864;42,000;-37,000;5,000;rrGGGGGg;4,000
J19;100,000;0,000;0,000;11,864;42,000;-37,000;5,000;rrGGGGGg;4,000
J19;100,000;0,000;0,000;11,864;42,000;0,000;42,000;rrGGGGGg;42,000
J19;101,000;0,000;0,000;11,155;42,000;0,000;42,000;rrGGGGGg;41,000
J19;101,000;0,000;0,000;11,155;42,000;0,000;42,000;rrGGGGGg;41,000
J19;101,000;0,000;0,000;11,155;42,000;0,000;42,000;rrGGGGGg;41,000
J19;101,000;0,000;0,000;11,155;42,000;0,000;42,000;rrGGGGGg;41,000
J19;101,000;0,000;0,000;11,155;42,000;0,000;42,000;rrGGGGGg;41,000
J19;101,000;0,000;0,000;11,155;42,000;0,000;42,000;rrGGGGGg;41,000
J19;101,000;0,000;0,000;11,155;42,000;0,000;42,000;rrGGGGGg;41,000
J19;101,000;0,000;0,000;11,155;42,000;0,000;42,000;rrGGGGGg;41,000
J19;101,000;0,000;0,000;11,155;42,000;0,000;42,000;rrGGGGGg;41,000
J19;101,000;0,000;0,000;11,155;42,000;0,000;42,000;rrGGGGGg;41,000
J19;101,000;0,000;0,000;11,155;42,000;-37,000;5,000;rrGGGGGg;4,000
J19;101,000;0,000;0,000;11,155;42,000;-37,000;5,000;rrGGGGGg;4,000
J19;101,000;0,000;0,000;11,155;42,000;-37,000;5,000;rrGGGGGg;4,000
J19;101,000;0,000;0,000;11,155;42,000;-37,000;5,000;rrGGGGGg;4,000
J19;101,000;0,000;0,000;11,155;42,000;-37,000;5,000;rrGGGGGg;4,000
J19;101,000;0,000;0,000;11,155;42,000;-37,000;5,000;rrGGGGGg;4,000
J19;101,000;0,000;0,000;11,155;42,000;-37,000;5,000;rrGGGGGg;4,000
J19;101,000;0,000;0,000;13,423;42,000;0,000;42,000;GGGrrrrr;42,000
J19;102,000;0,000;0,000;13,423;42,000;0,000;42,000;GGGrrrrr;41,000
J19;102,000;0,000;0,000;13,423;42,000;0,000;42,000;GGGrrrrr;41,000
J19;102,000;0,000;0,000;13,423;42,000;0,000;42,000;GGGrrrrr;41,000
J19;102,000;0,000;0,000;13,423;42,000;0,000;42,000;GGGrrrrr;41,000
J19;102,000;0,000;0,000;13,423;42,000;0,000;42,000;GGGrrrrr;41,000
J19;102,000;0,000;0,000;13,423;42,000;0,000;42,000;GGGrrrrr;41,000
J19;102,000;0,000;0,000;13,423;42,000;-37,000;5,000;GGGrrrrr;4,000
J19;102,000;0,000;0,000;13,423;42,000;-37,000;5,000;GGGrrrrr;4,000
J19;102,000;0,000;0,000;13,423;42,000;-37,000;5,000;GGGrrrrr;4,000
J19;102,000;0,000;0,000;13,423;42,000;-37,000;5,000;GGGrrrrr;4,000
J19;102,000;0,000;0,000;13,423;42,000;-37,000;5,000;GGGrrrrr;4,000
J19;102,000;0,000;0,000;13,423;42,000;-37,000;5,000;GGGrrrrr;4,000
J19;102,000;0,000;0,000;13,423;42,000;-38,000;4,000;GGGrrrrr;3,000
J19;102,000;0,000;0,000;13,363;42,000;-38,000;4,000;GGGrrrrr;3,000
J19;103,000;0,000;0,000;13,363;42,000;-38,000;4,000;GGGrrrrr;2,000
J19;103,000;0,000;0,000;13,363;42,000;-38,000;4,000;GGGrrrrr;2,000
J19;103,000;0,000;0,000;13,363;42,000;-38,000;4,000;GGGrrrrr;2,000
J19;103,000;0,000;0,000;13,363;42,000;-38,000;4,000;GGGrrrrr;2,000
J19;103,000;0,000;0,000;13,363;42,000;-38,000;4,000;GGGrrrrr;2,000
J19;103,000;0,000;0,000;13,363;42,000;-37,000;5,000;GGGrrrrr;3,000
J19;103,000;0,000;0,000;13,363;42,000;-37,000;5,000;GGGrrrrr;3,000
J19;103,000;0,000;0,000;13,363;42,000;-37,000;5,000;GGGrrrrr;3,000
J19;103,000;0,000;0,000;13,363;42,000;-37,000;5,000;GGGrrrrr;3,000
J19;103,000;0,000;0,000;13,363;42,000;-37,000;5,000;GGGrrrrr;3,000
J19;103,000;0,000;0,000;13,363;42,000;-37,000;5,000;GGGrrrrr;3,000
J19;104,000;0,000;0,000;13,311;42,000;-37,000;5,000;GGGrrrrr;2,000
J19;104,000;0,000;0,000;13,311;42,000;-37,000;5,000;GGGrrrrr;2,000
J19;104,000;0,000;0,000;13,311;42,000;-37,000;5,000;GGGrrrrr;2,000
J19;104,000;0,000;0,000;13,311;42,000;-37,000;5,000;GGGrrrrr;2,000
J19;104,000;0,000;0,000;13,311;42,000;-37,000;5,000;GGGrrrrr;2,000
J19;104,000;0,000;0,000;13,311;42,000;-37,000;5,000;GGGrrrrr;2,000
J19;104,000;0,000;0,000;13,311;42,000;-37,000;5,000;GGGrrrrr;2,000
J19;104,000;0,000;0,000;13,311;42,000;-35,000;7,000;GGGrrrrr;4,000
J19;104,000;0,000;0,000;13,311;42,000;-35,000;7,000;GGGrrrrr;4,000
J19;104,000;0,000;0,000;13,311;42,000;-35,000;7,000;GGGrrrrr;4,000
J19;104,000;0,000;0,000;13,311;42,000;-35,000;7,000;GGGrrrrr;4,000
J19;104,000;0,000;0,000;13,311;42,000;-35,000;7,000;GGGrrrrr;4,000
J19;104,000;0,000;0,000;13,311;42,000;-35,000;7,000;GGGrrrrr;4,000
J19;104,000;0,000;0,000;13,311;42,000;-36,000;6,000;GGGrrrrr;3,000
J19;105,000;0,000;0,000;13,069;42,000;-36,000;6,000;GGGrrrrr;2,000
J19;105,000;0,000;0,000;13,069;42,000;-36,000;6,000;GGGrrrrr;2,000
J19;105,000;0,000;0,000;13,069;42,000;-36,000;6,000;GGGrrrrr;2,000
J19;105,000;0,000;0,000;13,069;42,000;-36,000;6,000;GGGrrrrr;2,000
J19;105,000;0,000;0,000;13,069;42,000;-36,000;6,000;GGGrrrrr;2,000
J19;105,000;0,000;0,000;13,069;42,000;-36,000;6,000;GGGrrrrr;2,000
J19;105,000;0,000;0,000;13,069;42,000;-34,000;8,000;GGGrrrrr;4,000
J19;105,000;0,000;0,000;13,069;42,000;-34,000;8,000;GGGrrrrr;4,000
J19;105,000;0,000;0,000;13,069;42,000;-34,000;8,000;GGGrrrrr;4,000
J19;105,000;0,000;0,000;13,069;42,000;-34,000;8,000;GGGrrrrr;4,000
J19;105,000;0,000;0,000;13,069;42,000;-34,000;8,000;GGGrrrrr;4,000
J19;105,000;0,000;0,000;13,069;42,000;-35,000;7,000;GGGrrrrr;3,000
J19;105,000;0,000;0,000;13,610;42,000;-35,000;7,000;GGGrrrrr;3,000
J19;106,000;0,000;0,000;13,610;42,000;-35,000;7,000;GGGrrrrr;2,000
J19;106,000;0,000;0,000;13,610;42,000;-35,000;7,000;GGGrrrrr;2,000
J19;106,000;0,000;0,000;13,610;42,000;-35,000;7,000;GGGrrrrr;2,000
J19;106,000;0,000;0,000;13,610;42,000;-35,000;7,000;GGGrrrrr;2,000
J19;106,000;0,000;0,000;13,610;42,000;-35,000;7,000;GGGrrrrr;2,000
J19;106,000;0,000;0,000;13,610;42,000;-35,000;7,000;GGGrrrrr;2,000
J19;107,000;0,000;0,000;12,916;3,000;7,000;10,000;yyGrrrrr;9,000
J19;107,000;0,000;0,000;12,916;3,000;7,000;10,000;yyGrrrrr;9,000
J19;107,000;0,000;0,000;12,916;3,000;7,000;10,000;yyGrrrrr;9,000
J19;107,000;0,000;0,000;12,916;3,000;2,000;5,000;yyGrrrrr;4,000
J19;107,000;0,000;0,000;12,916;3,000;2,000;5,000;yyGrrrrr;4,000
J19;107,000;0,000;0,000;12,916;3,000;2,000;5,000;yyGrrrrr;4,000
J19;107,000;0,000;0,000;12,916;3,000;2,000;5,000;yyGrrrrr;4,000
J19;108,000;0,000;0,000;11,547;42,000;0,000;42,000;rrGGGGGg;41,000
J19;108,000;0,000;0,000;11,547;42,000;0,000;42,000;rrGGGGGg;41,000
J19;108,000;0,000;0,000;11,547;42,000;0,000;42,000;rrGGGGGg;41,000
J19;108,000;0,000;0,000;11,547;42,000;-37,000;5,000;rrGGGGGg;4,000
J19;108,000;0,000;0,000;11,547;42,000;-37,000;5,000;rrGGGGGg;4,000
J19;108,000;0,000;0,000;11,547;42,000;0,000;42,000;rrGGGGGg;42,000
J19;108,000;0,000;0,000;11,782;42,000;0,000;42,000;rrGGGGGg;42,000
J19;109,000;0,000;0,000;11,782;42,000;0,000;42,000;rrGGGGGg;41,000
J19;109,000;0,000;0,000;11,782;42,000;0,000;42,000;rrGGGGGg;41,000
J19;109,000;0,000;0,000;11,782;42,000;0,000;42,000;rrGGGGGg;41,000
J19;109,000;0,000;0,000;11,782;42,000;0,000;42,000;rrGGGGGg;41,000
J19;109,000;0,000;0,000;11,782;42,000;0,000;42,000;rrGGGGGg;41,000
J19;109,000;0,000;0,000;11,782;42,000;-37,000;5,000;rrGGGGGg;4,000
J19;110,000;0,000;0,000;11,272;42,000;0,000;42,000;rrGGGGGg;41,000
J19;110,000;0,000;0,000;11,272;42,000;0,000;42,000;rrGGGGGg;41,000
J19;110,000;0,000;0,000;11,272;42,000;0,000;42,000;rrGGGGGg;41,000
J19;110,000;0,000;0,000;11,272;42,000;0,000;42,000;rrGGGGGg;41,000
J19;110,000;0,000;0,000;11,272;42,000;0,000;42,000;rrGGGGGg;41,000
J19;110,000;0,000;0,000;11,272;42,000;0,000;42,000;rrGGGGGg;41,000
J19;110,000;0,000;0,000;11,272;42,000;0,000;42,000;rrGGGGGg;41,000
J19;110,000;0,000;0,000;11,272;42,000;-37,000;5,000;rrGGGGGg;4,000
J19;110,000;0,000;0,000;11,272;42,000;-37,000;5,000;rrGGGGGg;4,000
J19;110,000;0,000;0,000;11,272;42,000;-37,000;5,000;rrGGGGGg;4,000
J19;110,000;0,000;0,000;11,272;42,000;-37,000;5,000;rrGGGGGg;4,000
J19;110,000;0,000;0,000;11,272;42,000;-37,000;5,000;rrGGGGGg;4,000
J19;110,000;0,000;0,000;11,695;42,000;0,000;42,000;rrGGGGGg;42,000
J19;111,000;0,000;0,000;11,695;42,000;0,000;42,000;rrGGGGGg;41,000
J19;111,000;0,000;0,000;11,695;42,000;0,000;42,000;rrGGGGGg;41,000
J19;111,000;0,000;0,000;11,695;42,000;0,000;42,000;rrGGGGGg;41,000
J19;111,000;0,000;0,000;11,695;42,000;0,000;42,000;rrGGGGGg;41,000
J19;111,000;0,000;0,000;11,695;42,000;0,000;42,000;rrGGGGGg;41,000
J19;111,000;0,000;0,000;11,695;42,000;0,000;42,000;rrGGGGGg;41,000
J19;111,000;0,000;0,000;11,695;42,000;0,000;42,000;rrGGGGGg;41,000
J19;111,000;0,000;0,000;11,695;42,000;0,000;42,000;rrGGGGGg;41,000
J19;111,000;0,000;0,000;11,695;42,000;-37,000;5,000;rrGGGGGg;4,000
J19;111,000;0,000;0,000;11,695;42,000;-37,000;5,000;rrGGGGGg;4,000
J19;111,000;0,000;0,000;11,695;42,000;-37,000;5,000;rrGGGGGg;4,000
J19;111,000;0,000;0,000;11,695;42,000;-37,000;5,000;rrGGGGGg;4,000
J19;111,000;0,000;0,000;11,695;42,000;-37,000;5,000;rrGGGGGg;4,000
J19;111,000;0,000;0,000;11,695;42,000;-37,000;5,000;rrGGGGGg;4,000
J19;111,000;0,000;0,000;11,695;42,000;-37,000;5,000;rrGGGGGg;4,000
J19;111,000;0,000;0,000;11,695;42,000;0,000;42,000;rrGGGGGg;42,000
J19;112,000;0,000;0,000;11,191;42,000;0,000;42,000;rrGGGGGg;41,000
J19;112,000;0,000;0,000;11,191;42,000;0,000;42,000;rrGGGGGg;41,000
J19;112,000;0,000;0,000;11,191;42,000;0,000;42,000;rrGGGGGg;41,000
J19;112,000;0,000;0,000;11,191;42,000;0,000;42,000;rrGGGGGg;41,000
J19;112,000;0,000;0,000;11,191;42,000;0,000;42,000;rrGGGGGg;41,000
J19;112,000;0,000;0,000;11,191;42,000;0,000;42,000;rrGGGGGg;41,000
J19;112,000;0,000;0,000;11,191;42,000;0,000;42,000;rrGGGGGg;41,000
J19;112,000;0,000;0,000;11,191;42,000;0,000;42,000;rrGGGGGg;41,000
J19;112,000;0,000;0,000;11,191;42,000;0,000;42,000;rrGGGGGg;41,000
J19;112,000;0,000;0,000;11,191;42,000;0,000;42,000;rrGGGGGg;41,000
J19;112,000;0,000;0,000;11,191;42,000;-37,000;5,000;rrGGGGGg;4,000
J19;112,000;0,000;0,000;11,191;42,000;-37,000;5,000;rrGGGGGg;4,000
J19;112,000;0,000;0,000;11,191;42,000;-37,000;5,000;rrGGGGGg;4,000
J19;112,000;0,000;0,000;11,191;42,000;-37,000;5,000;rrGGGGGg;4,000
J19;112,000;0,000;0,000;11,191;42,000;-37,000;5,000;rrGGGGGg;4,000
J19;112,000;0,000;0,000;11,191;42,000;-37,000;5,000;rrGGGGGg;4,000
J19;112,000;0,000;0,000;11,191;42,000;-37,000;5,000;rrGGGGGg;4,000
J19;112,000;0,000;0,000;11,191;42,000;0,000;42,000;rrGGGGGg;42,000
J21;1,000;0,167;0,000;11,575;42,000;0,000;42,000;GrrrrrGG;41,000
J21;1,000;0,167;0,000;11,575;42,000;0,000;42,000;GrrrrrGG;41,000
J21;1,000;0,167;0,000;11,575;42,000;0,000;42,000;GrrrrrGG;41,000
J21;1,000;0,167;0,000;11,575;42,000;0,000;42,000;GrrrrrGG;41,000
J21;1,000;0,167;0,000;11,575;42,000;0,000;42,000;GrrrrrGG;41,000
J21;1,000;0,167;0,000;11,575;42,000;0,000;42,000;GrrrrrGG;41,000
J21;1,000;0,167;0,000;11,575;42,000;0,000;42,000;GrrrrrGG;41,000
J21;1,000;0,000;0,000;11,925;42,000;0,000;42,000;GrrrrrGG;42,000
J21;2,000;0,000;0,000;11,925;42,000;0,000;42,000;GrrrrrGG;41,000
J21;2,000;0,000;0,000;11,925;42,000;0,000;42,000;GrrrrrGG;41,000
J21;2,000;0,000;0,000;11,925;42,000;0,000;42,000;GrrrrrGG;41,000
J21;2,000;0,000;0,000;11,925;42,000;0,000;42,000;GrrrrrGG;41,000
J21;2,000;0,000;0,000;11,925;42,000;0,000;42,000;GrrrrrGG;41,000
J21;2,000;0,000;0,000;11,925;42,000;0,000;42,000;GrrrrrGG;41,000
J21;2,000;0,000;0,000;11,925;42,000;0,000;42,000;GrrrrrGG;41,000
J21;2,000;0,000;0,000;11,925;42,000;0,000;42,000;GrrrrrGG;41,000
J21;2,000;0,000;0,000;11,925;42,000;0,000;42,000;GrrrrrGG;41,000
J21;2,000;0,000;0,000;11,925;42,000;0,000;42,000;GrrrrrGG;41,000
J21;2,000;0,000;0,000;11,925;42,000;-37,000;5,000;GrrrrrGG;4,000
J21;2,000;0,000;0,000;11,925;42,000;-37,000;5,000;GrrrrrGG;4,000
J21;2,000;0,000;0,000;11,925;42,000;-37,000;5,000;GrrrrrGG;4,000
J21;2,000;0,000;0,000;11,925;42,000;-37,000;5,000;GrrrrrGG;4,000
J21;2,000;0,000;0,000;11,925;42,000;-37,000;5,000;GrrrrrGG;4,000
J21;2,000;0,000;0,000;11,925;42,000;0,000;42,000;GrrrrrGG;42,000
J21;3,000;0,000;0,000;12,194;42,000;0,000;42,000;GrrrrrGG;41,000
J21;3,000;0,000;0,000;12,194;42,000;0,000;42,000;GrrrrrGG;41,000
J21;3,000;0,000;0,000;12,194;42,000;0,000;42,000;GrrrrrGG;41,000
J21;3,000;0,000;0,000;12,194;42,000;0,000;42,000;GrrrrrGG;41,000
J21;3,000;0,000;0,000;12,194;42,000;0,000;42,000;GrrrrrGG;41,000
J21;3,000;0,000;0,000;12,194;42,000;0,000;42,000;GrrrrrGG;41,000
J21;3,000;0,000;0,000;12,194;42,000;0,000;42,000;GrrrrrGG;41,000
J21;3,000;0,000;0,000;12,194;42,000;0,000;42,000;GrrrrrGG;41,000
J21;3,000;0,000;0,000;12,194;42,000;0,000;42,000;GrrrrrGG;41,000
J21;3,000;0,000;0,000;12,194;42,000;0,000;42,000;GrrrrrGG;41,000
J21;3,000;0,000;0,000;12,194;42,000;-37,000;5,000;GrrrrrGG;4,000
J21;3,000;0,000;0,000;12,194;42,000;-37,000;5,000;GrrrrrGG;4,000
J21;3,000;0,000;0,000;12,194;42,000;-37,000;5,000;GrrrrrGG;4,000
J21;3,000;0,000;0,000;12,194;42,000;-37,000;5,000;GrrrrrGG;4,000
J21;3,000;0,000;0,000;12,194;42,000;-37,000;5,000;GrrrrrGG;4,000
J21;3,000;0,000;0,000;12,194;42,000;0,000;42,000;GrrrrrGG;42,000
J21;4,000;0,000;0,000;12,509;42,000;0,000;42,000;GrrrrrGG;41,000
J21;4,000;0,000;0,000;12,509;42,000;0,000;42,000;GrrrrrGG;41,000
J21;4,000;0,000;0,000;12,509;42,000;0,000;42,000;GrrrrrGG;41,000
J21;4,000;0,000;0,000;12,509;42,000;0,000;42,000;GrrrrrGG;41,000
J21;4,000;0,000;0,000;12,509;42,000;0,000;42,000;GrrrrrGG;41,000
J21;4,000;0,000;0,000;12,509;42,000;0,000;42,000;GrrrrrGG;41,000
J21;4,000;0,000;0,000;12,509;42,000;0,000;42,000;GrrrrrGG;41,000
J21;4,000;0,000;0,000;12,509;42,000;0,000;42,000;GrrrrrGG;41,000
J21;4,000;0,000;0,000;12,509;42,000;0,000;42,000;GrrrrrGG;41,000
J21;4,000;0,000;0,000;12,509;42,000;0,000;42,000;GrrrrrGG;41,000
J21;4,000;0,000;0,000;12,509;42,000;-37,000;5,000;GrrrrrGG;4,000
J21;4,000;0,000;0,000;12,509;42,000;-37,000;5,000;GrrrrrGG;4,000
J21;4,000;0,000;0,000;12,509;42,000;-37,000;5,000;GrrrrrGG;4,000
J21;4,000;0,000;0,000;12,509;42,000;-37,000;5,000;GrrrrrGG;4,000
J21;4,000;0,000;0,000;12,509;42,000;-37,000;5,000;GrrrrrGG;4,000
J21;4,000;0,000;0,000;12,509;42,000;0,000;42,000;GrrrrrGG;42,000
J21;5,000;0,000;0,000;12,899;42,000;0,000;42,000;GrrrrrGG;41,000
J21;5,000;0,000;0,000;12,899;42,000;0,000;42,000;GrrrrrGG;41,000
J21;5,000;0,000;0,000;12,899;42,000;0,000;42,000;GrrrrrGG;41,000
J21;5,000;0,000;0,000;12,899;42,000;0,000;42,000;GrrrrrGG;41,000
J21;5,000;0,000;0,000;12,899;42,000;0,000;42,000;GrrrrrGG;41,000
J21;5,000;0,000;0,000;12,899;42,000;0,000;42,000;GrrrrrGG;41,000
J21;5,000;0,000;0,000;12,899;42,000;0,000;42,000;GrrrrrGG;41,000
J21;5,000;0,000;0,000;12,899;42,000;0,000;42,000;GrrrrrGG;41,000
J21;5,000;0,000;0,000;12,899;42,000;0,000;42,000;GrrrrrGG;41,000
J21;5,000;0,000;0,000;12,899;42,000;-37,000;5,000;GrrrrrGG;4,000
J21;5,000;0,000;0,000;12,899;42,000;-37,000;5,000;GrrrrrGG;4,000
J21;5,000;0,000;0,000;12,899;42,000;0,000;42,000;GrrrrrGG;42,000
J21;5,000;0,000;0,000;13,120;42,000;0,000;42,000;GrrrrrGG;42,000
J21;6,000;0,000;0,000;13,120;42,000;0,000;42,000;GrrrrrGG;41,000
J21;6,000;0,000;0,000;13,120;42,000;0,000;42,000;GrrrrrGG;41,000
J21;6,000;0,000;0,000;13,120;42,000;0,000;42,000;GrrrrrGG;41,000
J21;6,000;0,000;0,000;13,120;42,000;0,000;42,000;GrrrrrGG;41,000
J21;6,000;0,000;0,000;13,120;42,000;0,000;42,000;GrrrrrGG;41,000
J21;6,000;0,000;0,000;13,120;42,000;0,000;42,000;GrrrrrGG;41,000
J21;6,000;0,000;0,000;13,120;42,000;0,000;42,000;GrrrrrGG;41,000
J21;6,000;0,000;0,000;13,120;42,000;0,000;42,000;GrrrrrGG;41,000
J21;6,000;0,000;0,000;13,120;42,000;0,000;42,000;GrrrrrGG;41,000
J21;6,000;0,000;0,000;13,120;42,000;0,000;42,000;GrrrrrGG;41,000
J21;6,000;0,000;0,000;13,120;42,000;-37,000;5,000;GrrrrrGG;4,000
J21;6,000;0,000;0,000;13,120;42,000;-37,000;5,000;GrrrrrGG;4,000
J21;6,000;0,000;0,000;13,120;42,000;-37,000;5,000;GrrrrrGG;4,000
J21;6,000;0,000;0,000;13,120;42,000;-37,000;5,000;GrrrrrGG;4,000
J21;6,000;0,000;0,000;13,120;42,000;-37,000;5,000;GrrrrrGG;4,000
J21;6,000;0,000;0,000;13,120;42,000;-37,000;5,000;GrrrrrGG;4,000
J21;6,000;0,000;0,000;13,120;42,000;0,000;42,000;GGGGGgrr;42,000
J21;7,000;0,000;0,000;13,352;42,000;0,000;42,000;GGGGGgrr;41,000
J21;7,000;0,000;0,000;13,352;42,000;0,000;42,000;GGGGGgrr;41,000
J21;7,000;0,000;0,000;13,352;42,000;0,000;42,000;GGGGGgrr;41,000
J21;7,000;0,000;0,000;13,352;42,000;0,000;42,000;GGGGGgrr;41,000
J21;7,000;0,000;0,000;13,352;42,000;0,000;42,000;GGGGGgrr;41,000
J21;7,000;0,000;0,000;13,352;42,000;0,000;42,000;GGGGGgrr;41,000
J21;7,000;0,000;0,000;13,352;42,000;0,000;42,000;GGGGGgrr;41,000
J21;7,000;0,000;0,000;13,352;42,000;0,000;42,000;GGGGGgrr;41,000
J21;7,000;0,000;0,000;13,352;42,000;0,000;42,000;GGGGGgrr;41,000
J21;7,000;0,000;0,000;13,352;42,000;0,000;42,000;GGGGGgrr;41,000
J21;7,000;0,000;0,000;13,352;42,000;0,000;42,000;GGGGGgrr;41,000
J21;7,000;0,000;0,000;13,352;42,000;-37,000;5,000;GGGGGgrr;4,000
J21;7,000;0,000;0,000;13,352;42,000;-37,000;5,000;GGGGGgrr;4,000
J21;7,000;0,000;0,000;13,352;42,000;-37,000;5,000;GGGGGgrr;4,000
J21;7,000;0,000;0,000;13,352;42,000;-37,000;5,000;GGGGGgrr;4,000
J21;7,000;0,000;0,000;13,352;42,000;-37,000;5,000;GGGGGgrr;4,000
J21;7,000;0,000;0,000;13,352;42,000;-37,000;5,000;GGGGGgrr;4,000
J21;7,000;0,000;0,000;13,352;3,000;3,000;6,000;Gyyyyyrr;5,000
J21;7,000;0,000;0,000;13,766;3,000;3,000;6,000;Gyyyyyrr;5,000
J21;8,000;0,000;0,000;13,766;3,000;3,000;6,000;Gyyyyyrr;4,000
J21;8,000;0,000;0,000;13,766;3,000;3,000;6,000;Gyyyyyrr;4,000
J21;8,000;0,000;0,000;13,766;3,000;3,000;6,000;Gyyyyyrr;4,000
J21;8,000;0,000;0,000;13,766;3,000;3,000;6,000;Gyyyyyrr;4,000
J21;8,000;0,000;0,000;13,766;3,000;3,000;6,000;Gyyyyyrr;4,000
J21;8,000;0,000;0,000;13,766;3,000;3,000;6,000;Gyyyyyrr;4,000
J21;8,000;0,000;0,000;13,766;3,000;3,000;6,000;Gyyyyyrr;4,000
J21;8,000;0,000;0,000;13,766;3,000;3,000;6,000;Gyyyyyrr;4,000
J21;8,000;0,000;0,000;13,766;3,000;3,000;6,000;Gyyyyyrr;4,000
J21;8,000;0,000;0,000;13,766;3,000;3,000;6,000;Gyyyyyrr;4,000
J21;8,000;0,000;0,000;13,766;3,000;3,000;6,000;Gyyyyyrr;4,000
J21;8,000;0,000;0,000;13,766;3,000;3,000;6,000;Gyyyyyrr;4,000
J21;8,000;0,000;0,000;13,766;3,000;3,000;6,000;Gyyyyyrr;4,000
J21;8,000;0,000;0,000;13,766;3,000;3,000;6,000;Gyyyyyrr;4,000
J21;8,000;0,000;0,000;13,766;3,000;3,000;6,000;Gyyyyyrr;4,000
J21;8,000;0,000;0,000;13,766;3,000;3,000;6,000;Gyyyyyrr;4,000
J21;8,000;0,167;0,000;11,677;42,000;0,000;42,000;GrrrrrGG;42,000
J21;9,000;0,167;0,000;11,677;42,000;0,000;42,000;GrrrrrGG;41,000
J21;9,000;0,167;0,000;11,677;42,000;0,000;42,000;GrrrrrGG;41,000
J21;9,000;0,167;0,000;11,677;42,000;0,000;42,000;GrrrrrGG;41,000
J21;9,000;0,167;0,000;11,677;42,000;0,000;42,000;GrrrrrGG;41,000
J21;9,000;0,167;0,000;11,677;42,000;0,000;42,000;GrrrrrGG;41,000
J21;9,000;0,167;0,000;11,677;42,000;0,000;42,000;GrrrrrGG;41,000
J21;9,000;0,167;0,000;11,677;42,000;0,000;42,000;GrrrrrGG;41,000
J21;9,000;0,167;0,000;11,677;42,000;0,000;42,000;GrrrrrGG;41,000
J21;9,000;0,167;0,000;11,677;42,000;0,000;42,000;GrrrrrGG;41,000
J21;9,000;0,167;0,000;11,677;42,000;0,000;42,000;GrrrrrGG;41,000
J21;9,000;0,167;0,000;11,677;42,000;0,000;42,000;GrrrrrGG;41,000
J21;9,000;0,167;0,000;11,677;42,000;0,000;42,000;GrrrrrGG;41,000
J21;9,000;0,000;0,000;11,319;42,000;0,000;42,000;GrrrrrGG;42,000
J21;10,000;0,000;0,000;11,319;42,000;0,000;42,000;GrrrrrGG;41,000
J21;10,000;0,000;0,000;11,319;42,000;0,000;42,000;GrrrrrGG;41,000
J21;10,000;0,000;0,000;11,319;42,000;0,000;42,000;GrrrrrGG;41,000
J21;10,000;0,000;0,000;11,319;42,000;0,000;42,000;GrrrrrGG;41,000
J21;10,000;0,000;0,000;11,319;42,000;0,000;42,000;GrrrrrGG;41,000
J21;10,000;0,000;0,000;11,319;42,000;0,000;42,000;GrrrrrGG;41,000
J21;10,000;0,000;0,000;11,319;42,000;0,000;42,000;GrrrrrGG;41,000
J21;10,000;0,000;0,000;11,319;42,000;0,000;42,000;GrrrrrGG;41,000
J21;10,000;0,000;0,000;11,319;42,000;0,000;42,000;GrrrrrGG;41,000
J21;10,000;0,000;0,000;11,319;42,000;0,000;42,000;GrrrrrGG;41,000
J21;10,000;0,000;0,000;11,319;42,000;0,000;42,000;GrrrrrGG;41,000
J21;10,000;0,000;0,000;11,319;42,000;-37,000;5,000;GrrrrrGG;4,000
J21;10,000;0,000;0,000;11,319;42,000;-37,000;5,000;GrrrrrGG;4,000
J21;10,000;0,000;0,000;11,319;42,000;-37,000;5,000;GrrrrrGG;4,000
J21;10,000;0,000;0,000;11,319;42,000;-37,000;5,000;GrrrrrGG;4,000
J21;10,000;0,000;0,000;11,319;42,000;0,000;42,000;GrrrrrGG;42,000
J21;11,000;0,000;0,000;12,418;42,000;0,000;42,000;GrrrrrGG;41,000
J21;11,000;0,000;0,000;12,418;42,000;0,000;42,000;GrrrrrGG;41,000
J21;11,000;0,000;0,000;12,418;42,000;0,000;42,000;GrrrrrGG;41,000
J21;11,000;0,000;0,000;12,418;42,000;0,000;42,000;GrrrrrGG;41,000
J21;11,000;0,000;0,000;12,418;42,000;0,000;42,000;GrrrrrGG;41,000
J21;11,000;0,000;0,000;12,418;42,000;0,000;42,000;GrrrrrGG;41,000
J21;11,000;0,000;0,000;12,418;42,000;0,000;42,000;GrrrrrGG;41,000
J21;11,000;0,000;0,000;12,418;42,000;0,000;42,000;GrrrrrGG;41,000
J21;11,000;0,000;0,000;12,418;42,000;0,000;42,000;GrrrrrGG;41,000
J21;11,000;0,000;0,000;12,418;42,000;0,000;42,000;GrrrrrGG;41,000
J21;11,000;0,000;0,000;12,418;42,000;-37,000;5,000;GrrrrrGG;4,000
J21;11,000;0,000;0,000;12,418;42,000;-37,000;5,000;GrrrrrGG;4,000
J21;11,000;0,000;0,000;12,418;42,000;-37,000;5,000;GrrrrrGG;4,000
J21;11,000;0,000;0,000;12,418;42,000;0,000;42,000;GGGGGgrr;42,000
J21;11,000;0,000;0,000;12,418;42,000;0,000;42,000;GGGGGgrr;42,000
J21;12,000;0,000;0,000;12,710;42,000;0,000;42,000;GGGGGgrr;41,000
J21;12,000;0,000;0,000;12,710;42,000;0,000;42,000;GGGGGgrr;41,000
J21;12,000;0,000;0,000;12,710;42,000;0,000;42,000;GGGGGgrr;41,000
J21;12,000;0,000;0,000;12,710;42,000;0,000;42,000;GGGGGgrr;41,000
J21;12,000;0,000;0,000;12,710;42,000;0,000;42,000;GGGGGgrr;41,000
J21;12,000;0,000;0,000;12,710;42,000;0,000;42,000;GGGGGgrr;41,000
J21;12,000;0,000;0,000;12,710;42,000;0,000;42,000;GGGGGgrr;41,000
J21;12,000;0,000;0,000;12,710;42,000;0,000;42,000;GGGGGgrr;41,000
J21;12,000;0,000;0,000;12,710;42,000;0,000;42,000;GGGGGgrr;41,000
J21;12,000;0,000;0,000;12,710;42,000;0,000;42,000;GGGGGgrr;41,000
J21;12,000;0,000;0,000;12,710;42,000;-37,000;5,000;GGGGGgrr;4,000
J21;12,000;0,000;0,000;12,710;42,000;-37,000;5,000;GGGGGgrr;4,000
J21;12,000;0,000;0,000;12,710;42,000;-37,000;5,000;GGGGGgrr;4,000
J21;12,000;0,000;0,000;12,710;42,000;-37,000;5,000;GGGGGgrr;4,000
J21;12,000;0,000;0,000;12,710;42,000;-37,000;5,000;GGGGGgrr;4,000
J21;12,000;0,000;0,000;12,710;3,000;3,000;6,000;Gyyyyyrr;5,000
J21;12,000;0,000;0,000;12,710;3,000;3,000;6,000;Gyyyyyrr;5,000
J21;13,000;0,000;0,000;13,119;3,000;3,000;6,000;Gyyyyyrr;4,000
J21;13,000;0,000;0,000;13,119;3,000;3,000;6,000;Gyyyyyrr;4,000
J21;13,000;0,000;0,000;13,119;3,000;3,000;6,000;Gyyyyyrr;4,000
J21;13,000;0,000;0,000;13,119;3,000;3,000;6,000;Gyyyyyrr;4,000
J21;13,000;0,000;0,000;13,119;3,000;3,000;6,000;Gyyyyyrr;4,000
J21;13,000;0,000;0,000;13,119;3,000;3,000;6,000;Gyyyyyrr;4,000
J21;13,000;0,000;0,000;13,119;3,000;3,000;6,000;Gyyyyyrr;4,000
J21;13,000;0,000;0,000;13,119;3,000;3,000;6,000;Gyyyyyrr;4,000
J21;13,000;0,000;0,000;13,119;3,000;3,000;6,000;Gyyyyyrr;4,000
J21;13,000;0,000;0,000;13,119;3,000;3,000;6,000;Gyyyyyrr;4,000
J21;13,000;0,000;0,000;13,119;3,000;3,000;6,000;Gyyyyyrr;4,000
J21;13,000;0,000;0,000;13,119;3,000;3,000;6,000;Gyyyyyrr;4,000
J21;13,000;0,000;0,000;13,119;3,000;3,000;6,000;Gyyyyyrr;4,000
J21;13,000;0,000;0,000;13,119;3,000;3,000;6,000;Gyyyyyrr;4,000
J21;13,000;0,000;0,000;13,119;3,000;3,000;6,000;Gyyyyyrr;4,000
J21;13,000;0,000;0,000;13,119;42,000;0,000;42,000;GrrrrrGG;42,000
J21;14,000;0,000;0,000;13,385;42,000;0,000;42,000;GrrrrrGG;41,000
J21;14,000;0,000;0,000;13,385;42,000;0,000;42,000;GrrrrrGG;41,000
J21;14,000;0,000;0,000;13,385;42,000;0,000;42,000;GrrrrrGG;41,000
J21;14,000;0,000;0,000;13,385;42,000;0,000;42,000;GrrrrrGG;41,000
J21;14,000;0,000;0,000;13,385;42,000;0,000;42,000;GrrrrrGG;41,000
J21;14,000;0,000;0,000;13,385;42,000;0,000;42,000;GrrrrrGG;41,000
J21;14,000;0,000;0,000;13,385;42,000;0,000;42,000;GrrrrrGG;41,000
J21;14,000;0,000;0,000;13,385;42,000;0,000;42,000;GrrrrrGG;41,000
J21;14,000;0,000;0,000;13,385;42,000;0,000;42,000;GrrrrrGG;41,000
J21;14,000;0,000;0,000;13,385;42,000;0,000;42,000;GrrrrrGG;41,000
J21;14,000;0,000;0,000;13,385;42,000;-37,000;5,000;GrrrrrGG;4,000
J21;14,000;0,000;0,000;13,385;42,000;-37,000;5,000;GrrrrrGG;4,000
J21;14,000;0,000;0,000;13,385;42,000;-37,000;5,000;GrrrrrGG;4,000
J21;14,000;0,000;0,000;13,385;42,000;-37,000;5,000;GrrrrrGG;4,000
J21;14,000;0,000;0,000;13,385;42,000;0,000;42,000;GrrrrrGG;42,000
J21;15,000;0,000;0,000;13,636;42,000;0,000;42,000;GrrrrrGG;41,000
J21;15,000;0,000;0,000;13,636;42,000;0,000;42,000;GrrrrrGG;41,000
J21;15,000;0,000;0,000;13,636;42,000;0,000;42,000;GrrrrrGG;41,000
J21;15,000;0,000;0,000;13,636;42,000;0,000;42,000;GrrrrrGG;41,000
J21;15,000;0,000;0,000;13,636;42,000;0,000;42,000;GrrrrrGG;41,000
J21;15,000;0,000;0,000;13,636;42,000;0,000;42,000;GrrrrrGG;41,000
J21;15,000;0,000;0,000;13,636;42,000;0,000;42,000;GrrrrrGG;41,000
J21;15,000;0,000;0,000;13,636;42,000;0,000;42,000;GrrrrrGG;41,000
J21;15,000;0,000;0,000;13,636;42,000;0,000;42,000;GrrrrrGG;41,000
J21;15,000;0,000;0,000;13,636;42,000;0,000;42,000;GrrrrrGG;41,000
J21;15,000;0,000;0,000;13,636;42,000;-37,000;5,000;GrrrrrGG;4,000
J21;15,000;0,000;0,000;13,636;42,000;-37,000;5,000;GrrrrrGG;4,000
J21;15,000;0,000;0,000;13,636;42,000;-37,000;5,000;GrrrrrGG;4,000
J21;15,000;0,000;0,000;13,636;42,000;-37,000;5,000;GrrrrrGG;4,000
J21;15,000;0,000;0,000;13,636;42,000;-37,000;5,000;GrrrrrGG;4,000
J21;15,000;0,000;0,000;13,636;42,000;-37,000;5,000;GrrrrrGG;4,000
J21;16,000;0,167;0,000;11,343;3,000;7,000;10,000;Gyyyyyrr;9,000
J21;16,000;0,167;0,000;11,343;3,000;7,000;10,000;Gyyyyyrr;9,000
J21;16,000;0,167;0,000;11,343;3,000;7,000;10,000;Gyyyyyrr;9,000
J21;16,000;0,167;0,000;11,343;3,000;7,000;10,000;Gyyyyyrr;9,000
J21;16,000;0,167;0,000;11,343;3,000;7,000;10,000;Gyyyyyrr;9,000
J21;16,000;0,167;0,000;11,343;3,000;7,000;10,000;Gyyyyyrr;9,000
J21;16,000;0,167;0,000;11,343;3,000;7,000;10,000;Gyyyyyrr;9,000
J21;16,000;0,167;0,000;11,343;3,000;7,000;10,000;Gyyyyyrr;9,000
J21;16,000;0,167;0,000;11,343;3,000;7,000;10,000;Gyyyyyrr;9,000
J21;16,000;0,167;0,000;11,343;3,000;7,000;10,000;Gyyyyyrr;9,000
J21;16,000;0,167;0,000;11,343;3,000;7,000;10,000;Gyyyyyrr;9,000
J21;16,000;0,167;0,000;11,343;3,000;7,000;10,000;Gyyyyyrr;9,000
J21;16,000;0,167;0,000;11,343;3,000;7,000;10,000;Gyyyyyrr;9,000
J21;16,000;0,167;0,000;11,343;42,000;0,000;42,000;GrrrrrGG;42,000
J21;17,000;0,000;0,000;11,649;42,000;0,000;42,000;GrrrrrGG;41,000
J21;17,000;0,000;0,000;11,649;42,000;0,000;42,000;GrrrrrGG;41,000
J21;17,000;0,000;0,000;11,649;42,000;0,000;42,000;GrrrrrGG;41,000
J21;17,000;0,000;0,000;11,649;42,000;0,000;42,000;GrrrrrGG;41,000
J21;17,000;0,000;0,000;11,649;42,000;0,000;42,000;GrrrrrGG;41,000
J21;17,000;0,000;0,000;11,649;42,000;0,000;42,000;GrrrrrGG;41,000
J21;17,000;0,000;0,000;11,649;42,000;0,000;42,000;GrrrrrGG;41,000
J21;17,000;0,000;0,000;11,649;42,000;0,000;42,000;GrrrrrGG;41,000
J21;17,000;0,000;0,000;11,649;42,000;0,000;42,000;GrrrrrGG;41,000
J21;17,000;0,000;0,000;11,649;42,000;0,000;42,000;GrrrrrGG;41,000
J21;17,000;0,000;0,000;11,649;42,000;-37,000;5,000;GrrrrrGG;4,000
J21;17,000;0,000;0,000;11,649;42,000;-37,000;5,000;GrrrrrGG;4,000
J21;17,000;0,000;0,000;11,649;42,000;-37,000;5,000;GrrrrrGG;4,000
J21;17,000;0,000;0,000;11,649;42,000;-37,000;5,000;GrrrrrGG;4,000
J21;17,000;0,000;0,000;11,649;42,000;-37,000;5,000;GrrrrrGG;4,000
J21;17,000;0,000;0,000;11,649;42,000;-37,000;5,000;GrrrrrGG;4,000
J21;17,000;0,000;0,000;11,649;42,000;0,000;42,000;GrrrrrGG;42,000
J21;18,000;0,000;0,000;12,602;42,000;0,000;42,000;GrrrrrGG;41,000
J21;18,000;0,000;0,000;12,602;42,000;0,000;42,000;GrrrrrGG;41,000
J21;18,000;0,000;0,000;12,602;42,000;0,000;42,000;GrrrrrGG;41,000
J21;18,000;0,000;0,000;12,602;42,000;0,000;42,000;GrrrrrGG;41,000
J21;18,000;0,000;0,000;12,602;42,000;0,000;42,000;GrrrrrGG;41,000
J21;18,000;0,000;0,000;12,602;42,000;0,000;42,000;GrrrrrGG;41,000
J21;18,000;0,000;0,000;12,602;42,000;0,000;42,000;GrrrrrGG;41,000
J21;18,000;0,000;0,000;12,602;42,000;0,000;42,000;GrrrrrGG;41,000
J21;18,000;0,000;0,000;12,602;42,000;0,000;42,000;GrrrrrGG;41,000
J21;18,000;0,000;0,000;12,602;42,000;0,000;42,000;GrrrrrGG;41,000
J21;18,000;0,000;0,000;12,602;42,000;-37,000;5,000;GrrrrrGG;4,000
J21;18,000;0,000;0,000;12,602;42,000;-37,000;5,000;GrrrrrGG;4,000
J21;18,000;0,000;0,000;12,602;42,000;-37,000;5,000;GrrrrrGG;4,000
J21;18,000;0,000;0,000;12,602;42,000;-37,000;5,000;GrrrrrGG;4,000
J21;18,000;0,000;0,000;12,602;42,000;-37,000;5,000;GrrrrrGG;4,000
J21;18,000;0,000;0,000;12,602;42,000;-37,000;5,000;GrrrrrGG;4,000
J21;18,000;0,000;0,000;12,347;42,000;0,000;42,000;GrrrrrGG;42,000
J21;19,000;0,000;0,000;12,347;42,000;0,000;42,000;GrrrrrGG;41,000
J21;19,000;0,000;0,000;12,347;42,000;0,000;42,000;GrrrrrGG;41,000
J21;19,000;0,000;0,000;12,347;42,000;0,000;42,000;GrrrrrGG;41,000
J21;19,000;0,000;0,000;12,347;42,000;0,000;42,000;GrrrrrGG;41,000
J21;19,000;0,000;0,000;12,347;42,000;0,000;42,000;GrrrrrGG;41,000
J21;19,000;0,000;0,000;12,347;42,000;0,000;42,000;GrrrrrGG;41,000
J21;19,000;0,000;0,000;12,347;42,000;0,000;42,000;GrrrrrGG;41,000
J21;19,000;0,000;0,000;12,347;42,000;0,000;42,000;GrrrrrGG;41,000
J21;19,000;0,000;0,000;12,347;42,000;-37,000;5,000;GrrrrrGG;4,000
J21;19,000;0,000;0,000;12,347;42,000;-37,000;5,000;GrrrrrGG;4,000
J21;19,000;0,000;0,000;12,347;42,000;-37,000;5,000;GrrrrrGG;4,000
J21;19,000;0,000;0,000;12,347;42,000;-37,000;5,000;GrrrrrGG;4,000
J21;19,000;0,000;0,000;12,347;42,000;-37,000;5,000;GrrrrrGG;4,000
J21;19,000;0,000;0,000;12,347;42,000;-37,000;5,000;GrrrrrGG;4,000
J21;19,000;0,000;0,000;12,307;42,000;0,000;42,000;GrrrrrGG;42,000
J21;20,000;0,000;0,000;12,307;42,000;0,000;42,000;GrrrrrGG;41,000
J21;20,000;0,000;0,000;12,307;42,000;0,000;42,000;GrrrrrGG;41,000
J21;20,000;0,000;0,000;12,307;42,000;0,000;42,000;GrrrrrGG;41,000
J21;20,000;0,000;0,000;12,307;42,000;0,000;42,000;GrrrrrGG;41,000
J21;20,000;0,000;0,000;12,307;42,000;0,000;42,000;GrrrrrGG;41,000
J21;20,000;0,000;0,000;12,307;42,000;0,000;42,000;GrrrrrGG;41,000
J21;20,000;0,000;0,000;12,307;42,000;0,000;42,000;GrrrrrGG;41,000
J21;20,000;0,000;0,000;12,307;42,000;0,000;42,000;GrrrrrGG;41,000
J21;20,000;0,000;0,000;12,307;42,000;0,000;42,000;GrrrrrGG;41,000
J21;20,000;0,000;0,000;12,307;42,000;0,000;42,000;GrrrrrGG;41,000
J21;20,000;0,000;0,000;12,307;42,000;0,000;42,000;GrrrrrGG;41,000
J21;20,000;0,000;0,000;12,307;42,000;-37,000;5,000;GrrrrrGG;4,000
J21;20,000;0,000;0,000;12,307;42,000;-37,000;5,000;GrrrrrGG;4,000
J21;20,000;0,000;0,000;12,307;42,000;-37,000;5,000;GrrrrrGG;4,000
J21;20,000;0,000;0,000;12,307;42,000;-37,000;5,000;GrrrrrGG;4,000
J21;20,000;0,000;0,000;12,307;42,000;0,000;42,000;GrrrrrGG;42,000
J21;21,000;0,000;0,000;12,480;42,000;0,000;42,000;GrrrrrGG;41,000
J21;21,000;0,000;0,000;12,480;42,000;0,000;42,000;GrrrrrGG;41,000
J21;21,000;0,000;0,000;12,480;42,000;0,000;42,000;GrrrrrGG;41,000
J21;21,000;0,000;0,000;12,480;42,000;0,000;42,000;GrrrrrGG;41,000
J21;21,000;0,000;0,000;12,480;42,000;0,000;42,000;GrrrrrGG;41,000
J21;21,000;0,000;0,000;12,480;42,000;0,000;42,000;GrrrrrGG;41,000
J21;21,000;0,000;0,000;12,480;42,000;0,000;42,000;GrrrrrGG;41,000
J21;21,000;0,000;0,000;12,480;42,000;0,000;42,000;GrrrrrGG;41,000
J21;21,000;0,000;0,000;12,480;42,000;0,000;42,000;GrrrrrGG;41,000
J21;21,000;0,000;0,000;12,480;42,000;0,000;42,000;GrrrrrGG;41,000
J21;21,000;0,000;0,000;12,480;42,000;0,000;42,000;GrrrrrGG;41,000
J21;21,000;0,000;0,000;12,480;42,000;-37,000;5,000;GrrrrrGG;4,000
J21;21,000;0,000;0,000;12,480;42,000;-37,000;5,000;GrrrrrGG;4,000
J21;21,000;0,000;0,000;12,480;42,000;-37,000;5,000;GrrrrrGG;4,000
J21;21,000;0,000;0,000;12,480;42,000;-37,000;5,000;GrrrrrGG;4,000
J21;21,000;0,000;0,000;12,480;42,000;0,000;42,000;GrrrrrGG;42,000
J21;21,000;0,167;0,167;12,567;42,000;0,000;42,000;GrrrrrGG;42,000
J21;22,000;0,167;0,167;12,567;42,000;0,000;42,000;GrrrrrGG;41,000
J21;22,000;0,167;0,167;12,567;42,000;0,000;42,000;GrrrrrGG;41,000
J21;22,000;0,167;0,167;12,567;42,000;0,000;42,000;GrrrrrGG;41,000
J21;22,000;0,167;0,167;12,567;42,000;0,000;42,000;GrrrrrGG;41,000
J21;22,000;0,167;0,167;12,567;42,000;0,000;42,000;GrrrrrGG;41,000
J21;22,000;0,167;0,167;12,567;42,000;0,000;42,000;GrrrrrGG;41,000
J21;22,000;0,167;0,167;12,567;42,000;0,000;42,000;GrrrrrGG;41,000
J21;22,000;0,167;0,167;12,567;42,000;0,000;42,000;GrrrrrGG;41,000
J21;22,000;0,167;0,167;12,567;42,000;0,000;42,000;GrrrrrGG;41,000
J21;22,000;0,167;0,167;12,567;42,000;0,000;42,000;GrrrrrGG;41,000
J21;22,000;0,167;0,167;12,567;42,000;0,000;42,000;GrrrrrGG;41,000
J21;22,000;0,167;0,167;12,567;42,000;0,000;42,000;GrrrrrGG;41,000
J21;22,000;0,167;0,167;12,567;42,000;0,000;42,000;GrrrrrGG;41,000
J21;22,000;0,167;0,167;12,567;42,000;0,000;42,000;GrrrrrGG;42,000
J21;23,000;0,333;0,333;10,205;42,000;0,000;42,000;GrrrrrGG;41,000
J21;23,000;0,333;0,333;10,205;42,000;0,000;42,000;GrrrrrGG;41,000
J21;23,000;0,333;0,333;10,205;42,000;0,000;42,000;GrrrrrGG;41,000
J21;23,000;0,333;0,333;10,205;42,000;0,000;42,000;GrrrrrGG;41,000
J21;23,000;0,333;0,333;10,205;42,000;0,000;42,000;GrrrrrGG;41,000
J21;23,000;0,333;0,333;10,205;42,000;0,000;42,000;GrrrrrGG;41,000
J21;23,000;0,333;0,333;10,205;42,000;0,000;42,000;GrrrrrGG;41,000
J21;23,000;0,333;0,333;10,205;42,000;0,000;42,000;GrrrrrGG;41,000
J21;23,000;0,333;0,333;10,205;42,000;0,000;42,000;GrrrrrGG;41,000
J21;23,000;0,333;0,333;10,205;42,000;0,000;42,000;GrrrrrGG;41,000
J21;23,000;0,333;0,333;10,205;42,000;0,000;42,000;GrrrrrGG;41,000
J21;23,000;0,333;0,333;10,205;42,000;0,000;42,000;GrrrrrGG;41,000
J21;23,000;0,333;0,333;10,205;42,000;0,000;42,000;GrrrrrGG;41,000
J21;23,000;0,333;0,333;10,205;42,000;0,000;42,000;GGGGGgrr;42,000
J21;24,000;0,000;0,000;11,452;42,000;0,000;42,000;GGGGGgrr;41,000
J21;24,000;0,000;0,000;11,452;42,000;0,000;42,000;GGGGGgrr;41,000
J21;24,000;0,000;0,000;11,452;42,000;0,000;42,000;GGGGGgrr;41,000
J21;24,000;0,000;0,000;11,452;42,000;0,000;42,000;GGGGGgrr;41,000
J21;24,000;0,000;0,000;11,452;42,000;0,000;42,000;GGGGGgrr;41,000
J21;24,000;0,000;0,000;11,452;42,000;0,000;42,000;GGGGGgrr;41,000
J21;24,000;0,000;0,000;11,452;42,000;-37,000;5,000;GGGGGgrr;4,000
J21;24,000;0,000;0,000;11,452;42,000;-37,000;5,000;GGGGGgrr;4,000
J21;24,000;0,000;0,000;11,452;42,000;-37,000;5,000;GGGGGgrr;4,000
J21;24,000;0,000;0,000;11,452;42,000;-37,000;5,000;GGGGGgrr;4,000
J21;24,000;0,000;0,000;12,599;42,000;0,000;42,000;GGGGGgrr;42,000
J21;25,000;0,000;0,000;12,599;42,000;0,000;42,000;GGGGGgrr;41,000
J21;25,000;0,000;0,000;12,599;42,000;0,000;42,000;GGGGGgrr;41,000
J21;25,000;0,000;0,000;12,599;42,000;0,000;42,000;GGGGGgrr;41,000
J21;25,000;0,000;0,000;12,599;42,000;0,000;42,000;GGGGGgrr;41,000
J21;25,000;0,000;0,000;12,599;42,000;0,000;42,000;GGGGGgrr;41,000
J21;25,000;0,000;0,000;12,599;42,000;0,000;42,000;GGGGGgrr;41,000
J21;25,000;0,000;0,000;12,599;42,000;0,000;42,000;GGGGGgrr;41,000
J21;25,000;0,000;0,000;12,599;42,000;0,000;42,000;GGGGGgrr;41,000
J21;25,000;0,000;0,000;12,599;42,000;0,000;42,000;GGGGGgrr;41,000
J21;25,000;0,000;0,000;12,599;42,000;0,000;42,000;GGGGGgrr;41,000
J21;25,000;0,000;0,000;12,599;42,000;-37,000;5,000;GGGGGgrr;4,000
J21;25,000;0,000;0,000;12,599;42,000;-37,000;5,000;GGGGGgrr;4,000
J21;25,000;0,000;0,000;12,599;42,000;-37,000;5,000;GGGGGgrr;4,000
J21;25,000;0,000;0,000;12,599;42,000;-37,000;5,000;GGGGGgrr;4,000
J21;25,000;0,000;0,000;12,599;42,000;-38,000;4,000;GGGGGgrr;3,000
J21;26,000;0,000;0,000;12,502;42,000;-38,000;4,000;GGGGGgrr;2,000
J21;26,000;0,000;0,000;12,502;42,000;-38,000;4,000;GGGGGgrr;2,000
J21;26,000;0,000;0,000;12,502;42,000;-38,000;4,000;GGGGGgrr;2,000
J21;26,000;0,000;0,000;12,502;42,000;-38,000;4,000;GGGGGgrr;2,000
J21;26,000;0,000;0,000;12,502;42,000;-38,000;4,000;GGGGGgrr;2,000
J21;26,000;0,000;0,000;12,502;42,000;-38,000;4,000;GGGGGgrr;2,000
J21;26,000;0,000;0,000;12,502;42,000;-38,000;4,000;GGGGGgrr;2,000
J21;26,000;0,000;0,000;12,502;42,000;-38,000;4,000;GGGGGgrr;2,000
J21;26,000;0,000;0,000;12,502;42,000;-38,000;4,000;GGGGGgrr;2,000
J21;26,000;0,000;0,000;12,502;42,000;-36,000;6,000;GGGGGgrr;4,000
J21;26,000;0,000;0,000;12,502;42,000;-36,000;6,000;GGGGGgrr;4,000
J21;26,000;0,000;0,000;12,502;42,000;-36,000;6,000;GGGGGgrr;4,000
J21;26,000;0,000;0,000;12,502;42,000;-36,000;6,000;GGGGGgrr;4,000
J21;26,000;0,000;0,000;12,502;42,000;-36,000;6,000;GGGGGgrr;4,000
J21;26,000;0,000;0,000;12,502;42,000;-36,000;6,000;GGGGGgrr;4,000
J21;26,000;0,000;0,000;12,502;42,000;0,000;42,000;GGGGGgrr;42,000
J21;27,000;0,000;0,000;12,562;42,000;0,000;42,000;GGGGGgrr;41,000
J21;27,000;0,000;0,000;12,562;42,000;0,000;42,000;GGGGGgrr;41,000
J21;27,000;0,000;0,000;12,562;42,000;0,000;42,000;GGGGGgrr;41,000
J21;27,000;0,000;0,000;12,562;42,000;0,000;42,000;GGGGGgrr;41,000
J21;27,000;0,000;0,000;12,562;42,000;0,000;42,000;GGGGGgrr;41,000
J21;27,000;0,000;0,000;12,562;42,000;0,000;42,000;GGGGGgrr;41,000
J21;27,000;0,000;0,000;12,562;42,000;0,000;42,000;GGGGGgrr;41,000
J21;27,000;0,000;0,000;12,562;42,000;0,000;42,000;GGGGGgrr;41,000
J21;27,000;0,000;0,000;12,562;42,000;0,000;42,000;GGGGGgrr;41,000
J21;27,000;0,000;0,000;12,562;42,000;-37,000;5,000;GGGGGgrr;4,000
J21;27,000;0,000;0,000;12,562;42,000;-37,000;5,000;GGGGGgrr;4,000
J21;27,000;0,000;0,000;12,562;42,000;-37,000;5,000;GGGGGgrr;4,000
J21;27,000;0,000;0,000;12,562;42,000;-37,000;5,000;GGGGGgrr;4,000
J21;27,000;0,000;0,000;12,562;42,000;-37,000;5,000;GGGGGgrr;4,000
J21;27,000;0,000;0,000;12,562;42,000;-37,000;5,000;GGGGGgrr;4,000
J21;27,000;0,000;0,000;12,562;42,000;-38,000;4,000;GGGGGgrr;3,000
J21;28,000;0,000;0,000;13,052;42,000;-38,000;4,000;GGGGGgrr;2,000
J21;28,000;0,000;0,000;13,052;42,000;-38,000;4,000;GGGGGgrr;2,000
J21;28,000;0,000;0,000;13,052;42,000;-38,000;4,000;GGGGGgrr;2,000
J21;28,000;0,000;0,000;13,052;42,000;-38,000;4,000;GGGGGgrr;2,000
J21;28,000;0,000;0,000;13,052;42,000;-38,000;4,000;GGGGGgrr;2,000
J21;28,000;0,000;0,000;13,052;42,000;-38,000;4,000;GGGGGgrr;2,000
J21;28,000;0,000;0,000;13,052;42,000;-38,000;4,000;GGGGGgrr;2,000
J21;28,000;0,000;0,000;13,052;42,000;-38,000;4,000;GGGGGgrr;2,000
J21;28,000;0,000;0,000;13,052;42,000;-36,000;6,000;GGGGGgrr;4,000
J21;28,000;0,000;0,000;13,052;42,000;-36,000;6,000;GGGGGgrr;4,000
J21;28,000;0,000;0,000;13,052;42,000;-36,000;6,000;GGGGGgrr;4,000
J21;28,000;0,000;0,000;13,052;42,000;-36,000;6,000;GGGGGgrr;4,000
J21;28,000;0,000;0,000;13,052;42,000;-36,000;6,000;GGGGGgrr;4,000
J21;28,000;0,000;0,000;13,052;42,000;-36,000;6,000;GGGGGgrr;4,000
J21;28,000;0,000;0,000;13,052;3,000;4,000;7,000;Gyyyyyrr;5,000
J21;28,000;0,000;0,000;13,353;3,000;4,000;7,000;Gyyyyyrr;5,000
J21;29,000;0,000;0,000;13,353;3,000;4,000;7,000;Gyyyyyrr;4,000
J21;29,000;0,000;0,000;13,353;3,000;4,000;7,000;Gyyyyyrr;4,000
J21;29,000;0,000;0,000;13,353;3,000;4,000;7,000;Gyyyyyrr;4,000
J21;29,000;0,000;0,000;13,353;3,000;4,000;7,000;Gyyyyyrr;4,000
J21;29,000;0,000;0,000;13,353;3,000;4,000;7,000;Gyyyyyrr;4,000
J21;29,000;0,000;0,000;13,353;3,000;4,000;7,000;Gyyyyyrr;4,000
J21;29,000;0,000;0,000;13,353;3,000;4,000;7,000;Gyyyyyrr;4,000
J21;29,000;0,000;0,000;13,353;3,000;4,000;7,000;Gyyyyyrr;4,000
J21;29,000;0,000;0,000;13,353;3,000;4,000;7,000;Gyyyyyrr;4,000
J21;29,000;0,000;0,000;13,353;3,000;4,000;7,000;Gyyyyyrr;4,000
J21;29,000;0,000;0,000;13,353;3,000;4,000;7,000;Gyyyyyrr;4,000
J21;29,000;0,000;0,000;13,353;3,000;4,000;7,000;Gyyyyyrr;4,000
J21;29,000;0,167;0,000;11,164;42,000;0,000;42,000;GrrrrrGG;42,000
J21;30,000;0,167;0,000;11,164;42,000;0,000;42,000;GrrrrrGG;41,000
J21;30,000;0,167;0,000;11,164;42,000;0,000;42,000;GrrrrrGG;41,000
J21;30,000;0,167;0,000;11,164;42,000;0,000;42,000;GrrrrrGG;41,000
J21;30,000;0,167;0,000;11,164;42,000;0,000;42,000;GrrrrrGG;41,000
J21;30,000;0,167;0,000;11,164;42,000;0,000;42,000;GrrrrrGG;41,000
J21;30,000;0,167;0,000;11,164;42,000;0,000;42,000;GrrrrrGG;41,000
J21;30,000;0,167;0,000;11,164;42,000;0,000;42,000;GrrrrrGG;41,000
J21;30,000;0,167;0,000;11,164;42,000;0,000;42,000;GrrrrrGG;41,000
J21;30,000;0,167;0,000;11,164;42,000;0,000;42,000;GrrrrrGG;41,000
J21;30,000;0,167;0,000;11,164;42,000;0,000;42,000;GrrrrrGG;41,000
J21;30,000;0,167;0,000;11,164;42,000;0,000;42,000;GrrrrrGG;41,000
J21;30,000;0,000;0,000;11,389;42,000;0,000;42,000;GrrrrrGG;42,000
J21;31,000;0,000;0,000;11,389;42,000;0,000;42,000;GrrrrrGG;41,000
J21;31,000;0,000;0,000;11,389;42,000;0,000;42,000;GrrrrrGG;41,000
J21;31,000;0,000;0,000;11,389;42,000;0,000;42,000;GrrrrrGG;41,000
J21;31,000;0,000;0,000;11,389;42,000;0,000;42,000;GrrrrrGG;41,000
J21;31,000;0,000;0,000;11,389;42,000;0,000;42,000;GrrrrrGG;41,000
J21;31,000;0,000;0,000;11,389;42,000;0,000;42,000;GrrrrrGG;41,000
J21;31,000;0,000;0,000;11,389;42,000;-37,000;5,000;GrrrrrGG;4,000
J21;31,000;0,000;0,000;11,389;42,000;-37,000;5,000;GrrrrrGG;4,000
J21;31,000;0,000;0,000;11,389;42,000;-37,000;5,000;GrrrrrGG;4,000
J21;31,000;0,000;0,000;11,389;42,000;-37,000;5,000;GrrrrrGG;4,000
J21;31,000;0,000;0,000;11,389;42,000;-37,000;5,000;GrrrrrGG;4,000
J21;31,000;0,000;0,000;11,389;42,000;-37,000;5,000;GrrrrrGG;4,000
J21;31,000;0,000;0,000;11,389;42,000;0,000;42,000;GrrrrrGG;42,000
J21;32,000;0,000;0,000;12,800;42,000;0,000;42,000;GrrrrrGG;41,000
J21;32,000;0,000;0,000;12,800;42,000;0,000;42,000;GrrrrrGG;41,000
J21;32,000;0,000;0,000;12,800;42,000;0,000;42,000;GrrrrrGG;41,000
J21;32,000;0,000;0,000;12,800;42,000;0,000;42,000;GrrrrrGG;41,000
J21;32,000;0,000;0,000;12,800;42,000;0,000;42,000;GrrrrrGG;41,000
J21;32,000;0,000;0,000;12,800;42,000;-37,000;5,000;GrrrrrGG;4,000
J21;32,000;0,000;0,000;12,800;42,000;-37,000;5,000;GrrrrrGG;4,000
J21;32,000;0,000;0,000;12,800;42,000;-37,000;5,000;GrrrrrGG;4,000
J21;32,000;0,000;0,000;12,800;42,000;-37,000;5,000;GrrrrrGG;4,000
J21;32,000;0,000;0,000;12,800;42,000;-37,000;5,000;GrrrrrGG;4,000
J21;32,000;0,000;0,000;12,823;42,000;0,000;42,000;GrrrrrGG;42,000
J21;33,000;0,000;0,000;12,823;42,000;0,000;42,000;GrrrrrGG;41,000
J21;33,000;0,000;0,000;12,823;42,000;0,000;42,000;GrrrrrGG;41,000
J21;33,000;0,000;0,000;12,823;42,000;0,000;42,000;GrrrrrGG;41,000
J21;33,000;0,000;0,000;12,823;42,000;0,000;42,000;GrrrrrGG;41,000
J21;33,000;0,000;0,000;12,823;42,000;0,000;42,000;GrrrrrGG;41,000
J21;33,000;0,000;0,000;12,823;42,000;0,000;42,000;GrrrrrGG;41,000
J21;33,000;0,000;0,000;12,823;42,000;-37,000;5,000;GrrrrrGG;4,000
J21;33,000;0,000;0,000;12,823;42,000;-37,000;5,000;GrrrrrGG;4,000
J21;33,000;0,000;0,000;12,823;42,000;-37,000;5,000;GrrrrrGG;4,000
J21;33,000;0,000;0,000;12,823;42,000;-37,000;5,000;GrrrrrGG;4,000
J21;33,000;0,000;0,000;12,823;42,000;0,000;42,000;GrrrrrGG;42,000
J21;34,000;0,000;0,000;12,635;42,000;0,000;42,000;GrrrrrGG;41,000
J21;34,000;0,000;0,000;12,635;42,000;0,000;42,000;GrrrrrGG;41,000
J21;34,000;0,000;0,000;12,635;42,000;0,000;42,000;GrrrrrGG;41,000
J21;34,000;0,000;0,000;12,635;42,000;0,000;42,000;GrrrrrGG;41,000
J21;34,000;0,000;0,000;12,635;42,000;0,000;42,000;GrrrrrGG;41,000
J21;34,000;0,000;0,000;12,635;42,000;0,000;42,000;GrrrrrGG;41,000
J21;34,000;0,000;0,000;12,635;42,000;0,000;42,000;GrrrrrGG;41,000
J21;34,000;0,000;0,000;12,635;42,000;0,000;42,000;GrrrrrGG;41,000
J21;34,000;0,000;0,000;12,635;42,000;0,000;42,000;GrrrrrGG;41,000
J21;34,000;0,000;0,000;12,635;42,000;0,000;42,000;GrrrrrGG;41,000
J21;34,000;0,000;0,000;12,635;42,000;-37,000;5,000;GrrrrrGG;4,000
J21;34,000;0,000;0,000;12,635;42,000;-37,000;5,000;GrrrrrGG;4,000
J21;34,000;0,000;0,000;12,635;42,000;-37,000;5,000;GrrrrrGG;4,000
J21;34,000;0,000;0,000;12,635;42,000;-37,000;5,000;GrrrrrGG;4,000
J21;34,000;0,000;0,000;12,635;3,000;7,000;10,000;Gyyyyyrr;10,000
J21;35,000;0,000;0,000;12,389;3,000;7,000;10,000;Gyyyyyrr;9,000
J21;35,000;0,000;0,000;12,389;3,000;7,000;10,000;Gyyyyyrr;9,000
J21;35,000;0,000;0,000;12,389;3,000;7,000;10,000;Gyyyyyrr;9,000
J21;35,000;0,000;0,000;12,389;3,000;7,000;10,000;Gyyyyyrr;9,000
J21;35,000;0,000;0,000;12,389;3,000;7,000;10,000;Gyyyyyrr;9,000
J21;35,000;0,000;0,000;12,389;3,000;7,000;10,000;Gyyyyyrr;9,000
J21;35,000;0,000;0,000;12,389;3,000;7,000;10,000;Gyyyyyrr;9,000
J21;35,000;0,000;0,000;12,389;3,000;7,000;10,000;Gyyyyyrr;9,000
J21;35,000;0,000;0,000;12,389;3,000;7,000;10,000;Gyyyyyrr;9,000
J21;35,000;0,000;0,000;12,389;3,000;7,000;10,000;Gyyyyyrr;9,000
J21;35,000;0,000;0,000;12,389;3,000;2,000;5,000;Gyyyyyrr;4,000
J21;35,000;0,000;0,000;12,389;3,000;2,000;5,000;Gyyyyyrr;4,000
J21;35,000;0,000;0,000;12,389;3,000;2,000;5,000;Gyyyyyrr;4,000
J21;35,000;0,000;0,000;12,389;3,000;2,000;5,000;Gyyyyyrr;4,000
J21;35,000;0,000;0,000;12,389;42,000;0,000;42,000;GrrrrrGG;42,000
J21;36,000;0,167;0,167;12,545;42,000;0,000;42,000;GrrrrrGG;41,000
J21;36,000;0,167;0,167;12,545;42,000;0,000;42,000;GrrrrrGG;41,000
J21;36,000;0,167;0,167;12,545;42,000;0,000;42,000;GrrrrrGG;41,000
J21;36,000;0,167;0,167;12,545;42,000;0,000;42,000;GrrrrrGG;41,000
J21;36,000;0,167;0,167;12,545;42,000;0,000;42,000;GrrrrrGG;41,000
J21;36,000;0,167;0,167;12,545;42,000;0,000;42,000;GrrrrrGG;41,000
J21;36,000;0,167;0,167;12,545;42,000;0,000;42,000;GrrrrrGG;41,000
J21;36,000;0,167;0,167;12,545;42,000;0,000;42,000;GrrrrrGG;41,000
J21;36,000;0,167;0,167;12,545;42,000;0,000;42,000;GrrrrrGG;41,000
J21;36,000;0,167;0,167;12,545;42,000;0,000;42,000;GrrrrrGG;41,000
J21;36,000;0,167;0,167;12,545;42,000;0,000;42,000;GrrrrrGG;41,000
J21;36,000;0,167;0,167;12,545;42,000;0,000;42,000;GrrrrrGG;41,000
J21;36,000;0,167;0,167;12,545;42,000;0,000;42,000;GrrrrrGG;41,000
J21;36,000;0,167;0,167;12,545;42,000;0,000;42,000;GrrrrrGG;42,000
J21;37,000;0,333;0,333;10,356;42,000;0,000;42,000;GrrrrrGG;41,000
J21;37,000;0,333;0,333;10,356;42,000;0,000;42,000;GrrrrrGG;41,000
J21;37,000;0,333;0,333;10,356;42,000;0,000;42,000;GrrrrrGG;41,000
J21;37,000;0,333;0,333;10,356;42,000;0,000;42,000;GrrrrrGG;41,000
J21;37,000;0,333;0,333;10,356;42,000;0,000;42,000;GrrrrrGG;41,000
J21;37,000;0,333;0,333;10,356;42,000;0,000;42,000;GrrrrrGG;41,000
J21;37,000;0,333;0,333;10,356;42,000;0,000;42,000;GrrrrrGG;41,000
J21;37,000;0,333;0,333;10,356;42,000;0,000;42,000;GrrrrrGG;41,000
J21;37,000;0,333;0,333;10,356;42,000;0,000;42,000;GrrrrrGG;41,000
J21;37,000;0,333;0,333;10,356;42,000;0,000;42,000;GrrrrrGG;41,000
J21;37,000;0,333;0,333;10,356;42,000;0,000;42,000;GrrrrrGG;41,000
J21;37,000;0,333;0,333;10,356;42,000;0,000;42,000;GrrrrrGG;41,000
J21;37,000;0,333;0,333;10,356;42,000;0,000;42,000;GrrrrrGG;41,000
J21;37,000;0,333;0,333;10,356;42,000;0,000;42,000;GrrrrrGG;41,000
J21;37,000;0,333;0,333;10,356;42,000;0,000;42,000;GrrrrrGG;41,000
J21;37,000;0,167;0,500;10,508;42,000;0,000;42,000;GrrrrrGG;42,000
J21;38,000;0,167;0,500;10,508;42,000;0,000;42,000;GrrrrrGG;41,000
J21;38,000;0,167;0,500;10,508;42,000;0,000;42,000;GrrrrrGG;41,000
J21;38,000;0,167;0,500;10,508;42,000;0,000;42,000;GrrrrrGG;41,000
J21;38,000;0,167;0,500;10,508;42,000;0,000;42,000;GrrrrrGG;41,000
J21;38,000;0,167;0,500;10,508;42,000;0,000;42,000;GrrrrrGG;41,000
J21;38,000;0,167;0,500;10,508;42,000;0,000;42,000;GrrrrrGG;41,000
J21;38,000;0,167;0,500;10,508;42,000;0,000;42,000;GrrrrrGG;41,000
J21;38,000;0,167;0,500;10,508;42,000;0,000;42,000;GrrrrrGG;41,000
J21;38,000;0,167;0,500;10,508;42,000;0,000;42,000;GrrrrrGG;41,000
J21;38,000;0,167;0,500;10,508;42,000;0,000;42,000;GrrrrrGG;41,000
J21;38,000;0,167;0,500;10,508;42,000;0,000;42,000;GrrrrrGG;41,000
J21;38,000;0,167;0,500;10,508;42,000;0,000;42,000;GrrrrrGG;41,000
J21;38,000;0,167;0,500;10,508;42,000;0,000;42,000;GrrrrrGG;41,000
J21;38,000;0,167;0,500;10,508;42,000;0,000;42,000;GrrrrrGG;41,000
J21;38,000;0,167;0,500;10,508;42,000;0,000;42,000;GrrrrrGG;42,000
J21;39,000;0,167;0,667;12,177;42,000;0,000;42,000;GrrrrrGG;41,000
J21;39,000;0,167;0,667;12,177;42,000;0,000;42,000;GrrrrrGG;41,000
J21;39,000;0,167;0,667;12,177;42,000;0,000;42,000;GrrrrrGG;41,000
J21;39,000;0,167;0,667;12,177;42,000;0,000;42,000;GrrrrrGG;41,000
J21;39,000;0,167;0,667;12,177;42,000;0,000;42,000;GrrrrrGG;41,000
J21;39,000;0,167;0,667;12,177;42,000;0,000;42,000;GrrrrrGG;41,000
J21;39,000;0,167;0,667;12,177;42,000;0,000;42,000;GrrrrrGG;41,000
J21;39,000;0,167;0,667;12,177;42,000;0,000;42,000;GrrrrrGG;41,000
J21;39,000;0,167;0,667;12,177;42,000;0,000;42,000;GrrrrrGG;41,000
J21;39,000;0,167;0,667;12,177;42,000;0,000;42,000;GrrrrrGG;41,000
J21;39,000;0,167;0,667;12,177;42,000;0,000;42,000;GrrrrrGG;41,000
J21;39,000;0,167;0,667;12,177;42,000;0,000;42,000;GrrrrrGG;41,000
J21;39,000;0,167;0,667;12,177;42,000;0,000;42,000;GrrrrrGG;41,000
J21;39,000;0,167;0,667;12,177;42,000;0,000;42,000;GrrrrrGG;42,000
J21;40,000;0,167;0,833;12,047;42,000;0,000;42,000;GrrrrrGG;41,000
J21;40,000;0,167;0,833;12,047;42,000;0,000;42,000;GrrrrrGG;41,000
J21;40,000;0,167;0,833;12,047;42,000;0,000;42,000;GrrrrrGG;41,000
J21;40,000;0,167;0,833;12,047;42,000;0,000;42,000;GrrrrrGG;41,000
J21;40,000;0,167;0,833;12,047;42,000;0,000;42,000;GrrrrrGG;41,000
J21;40,000;0,167;0,833;12,047;42,000;0,000;42,000;GrrrrrGG;41,000
J21;40,000;0,167;0,833;12,047;42,000;0,000;42,000;GrrrrrGG;41,000
J21;40,000;0,167;0,833;12,047;42,000;0,000;42,000;GrrrrrGG;41,000
J21;40,000;0,167;0,833;12,047;42,000;0,000;42,000;GrrrrrGG;41,000
J21;40,000;0,167;0,833;12,047;42,000;0,000;42,000;GrrrrrGG;41,000
J21;40,000;0,167;0,833;12,047;42,000;0,000;42,000;GrrrrrGG;41,000
J21;40,000;0,167;0,833;12,047;42,000;0,000;42,000;GrrrrrGG;41,000
J21;40,000;0,167;0,833;12,047;42,000;0,000;42,000;GrrrrrGG;41,000
J21;40,000;0,167;0,833;12,047;42,000;0,000;42,000;GrrrrrGG;41,000
J21;40,000;0,167;0,833;12,047;42,000;0,000;42,000;GrrrrrGG;41,000
J21;40,000;0,167;0,833;12,047;42,000;0,000;42,000;GrrrrrGG;41,000
J21;40,000;0,333;1,167;11,951;42,000;0,000;42,000;GrrrrrGG;42,000
J21;41,000;0,333;1,167;11,951;42,000;0,000;42,000;GrrrrrGG;41,000
J21;41,000;0,333;1,167;11,951;42,000;0,000;42,000;GrrrrrGG;41,000
J21;41,000;0,333;1,167;11,951;42,000;0,000;42,000;GrrrrrGG;41,000
J21;41,000;0,333;1,167;11,951;42,000;0,000;42,000;GrrrrrGG;41,000
J21;41,000;0,333;1,167;11,951;42,000;0,000;42,000;GrrrrrGG;41,000
J21;41,000;0,333;1,167;11,951;42,000;0,000;42,000;GrrrrrGG;41,000
J21;41,000;0,333;1,167;11,951;42,000;0,000;42,000;GrrrrrGG;41,000
J21;41,000;0,333;1,167;11,951;42,000;0,000;42,000;GrrrrrGG;41,000
J21;41,000;0,333;1,167;11,951;42,000;0,000;42,000;GrrrrrGG;41,000
J21;41,000;0,333;1,167;11,951;42,000;0,000;42,000;GrrrrrGG;41,000
J21;41,000;0,333;1,167;11,951;42,000;0,000;42,000;GrrrrrGG;41,000
J21;41,000;0,333;1,167;11,951;42,000;0,000;42,000;GrrrrrGG;41,000
J21;41,000;0,333;1,167;11,951;42,000;0,000;42,000;GrrrrrGG;41,000
J21;41,000;0,333;1,167;11,951;42,000;-38,000;4,000;GrrrrrGG;3,000
J21;42,000;0,333;1,500;12,076;42,000;-38,000;4,000;GrrrrrGG;2,000
J21;42,000;0,333;1,500;12,076;42,000;-38,000;4,000;GrrrrrGG;2,000
J21;42,000;0,333;1,500;12,076;42,000;-38,000;4,000;GrrrrrGG;2,000
J21;42,000;0,333;1,500;12,076;42,000;-38,000;4,000;GrrrrrGG;2,000
J21;42,000;0,333;1,500;12,076;42,000;-38,000;4,000;GrrrrrGG;2,000
J21;42,000;0,333;1,500;12,076;42,000;-38,000;4,000;GrrrrrGG;2,000
J21;42,000;0,333;1,500;12,076;42,000;-38,000;4,000;GrrrrrGG;2,000
J21;42,000;0,333;1,500;12,076;42,000;-38,000;4,000;GrrrrrGG;2,000
J21;42,000;0,333;1,500;12,076;42,000;-38,000;4,000;GrrrrrGG;2,000
J21;43,000;0,333;1,833;12,193;42,000;-38,000;4,000;GrrrrrGG;1,000
J21;43,000;0,333;1,833;12,193;42,000;-38,000;4,000;GrrrrrGG;1,000
J21;43,000;0,333;1,833;12,193;42,000;-38,000;4,000;GrrrrrGG;1,000
J21;43,000;0,333;1,833;12,193;42,000;-38,000;4,000;GrrrrrGG;1,000
J21;43,000;0,333;1,833;12,193;42,000;-38,000;4,000;GrrrrrGG;1,000
J21;43,000;0,333;1,833;12,193;42,000;-38,000;4,000;GrrrrrGG;1,000
J21;43,000;0,333;1,833;12,193;42,000;-38,000;4,000;GrrrrrGG;1,000
J21;43,000;0,333;1,833;12,193;42,000;-38,000;4,000;GrrrrrGG;1,000
J21;43,000;0,333;1,833;12,193;42,000;-38,000;4,000;GrrrrrGG;1,000
J21;43,000;0,333;1,833;12,193;42,000;-38,000;4,000;GrrrrrGG;1,000
J21;43,000;0,333;1,833;12,193;42,000;-38,000;4,000;GrrrrrGG;1,000
J21;44,000;0,333;2,167;12,272;42,000;-38,000;4,000;GrrrrrGG;0,000
J21;44,000;0,333;2,167;12,272;42,000;-38,000;4,000;GrrrrrGG;0,000
J21;44,000;0,333;2,167;12,272;42,000;-38,000;4,000;GrrrrrGG;0,000
J21;44,000;0,333;2,167;12,272;42,000;-38,000;4,000;GrrrrrGG;0,000
J21;44,000;0,333;2,167;12,272;42,000;-38,000;4,000;GrrrrrGG;0,000
J21;44,000;0,333;2,167;12,272;42,000;-38,000;4,000;GrrrrrGG;0,000
J21;44,000;0,333;2,167;12,272;42,000;-38,000;4,000;GrrrrrGG;0,000
J21;44,000;0,333;2,167;12,272;42,000;-38,000;4,000;GrrrrrGG;0,000
J21;44,000;0,333;2,167;12,272;42,000;-38,000;4,000;GrrrrrGG;0,000
J21;45,000;0,500;2,500;9,803;3,000;4,000;7,000;Grrrrryy;2,000
J21;45,000;0,500;2,500;9,803;3,000;4,000;7,000;Grrrrryy;2,000
J21;45,000;0,500;2,500;9,803;3,000;4,000;7,000;Grrrrryy;2,000
J21;45,000;0,500;2,500;9,803;3,000;4,000;7,000;Grrrrryy;2,000
J21;45,000;0,500;2,500;9,803;3,000;4,000;7,000;Grrrrryy;2,000
J21;45,000;0,500;2,500;9,803;2,000;5,000;7,000;rrrrrrrr;2,000
J21;45,000;0,500;2,500;9,803;2,000;5,000;7,000;rrrrrrrr;2,000
J21;45,000;0,500;2,500;10,172;42,000;-32,000;10,000;GGGGGgrr;10,000
J21;46,000;0,167;1,000;10,172;42,000;-32,000;10,000;GGGGGgrr;9,000
J21;46,000;0,167;1,000;10,172;42,000;-32,000;10,000;GGGGGgrr;9,000
J21;46,000;0,167;1,000;10,172;42,000;-32,000;10,000;GGGGGgrr;9,000
J21;46,000;0,167;1,000;10,172;42,000;-32,000;10,000;GGGGGgrr;9,000
J21;46,000;0,167;1,000;10,172;42,000;-32,000;10,000;GGGGGgrr;9,000
J21;46,000;0,167;1,000;10,172;42,000;-32,000;10,000;GGGGGgrr;9,000
J21;46,000;0,167;1,000;10,172;42,000;-32,000;10,000;GGGGGgrr;9,000
J21;46,000;0,167;1,000;10,172;42,000;-32,000;10,000;GGGGGgrr;9,000
J21;46,000;0,167;1,000;10,172;42,000;-32,000;10,000;GGGGGgrr;9,000
J21;46,000;0,167;1,000;10,172;42,000;-32,000;10,000;GGGGGgrr;9,000
J21;46,000;0,167;1,000;10,172;42,000;-20,694;21,306;GGGGGgrr;20,306
J21;46,000;0,167;1,000;10,172;42,000;-20,694;21,306;GGGGGgrr;20,306
J21;46,000;0,167;1,000;10,172;42,000;-20,694;21,306;GGGGGgrr;20,306
J21;46,000;0,167;1,000;10,172;42,000;-20,694;21,306;GGGGGgrr;20,306
J21;47,000;0,000;0,000;12,075;42,000;-20,694;21,306;GGGGGgrr;19,306
J21;47,000;0,000;0,000;12,075;42,000;-20,694;21,306;GGGGGgrr;19,306
J21;47,000;0,000;0,000;12,075;42,000;-20,694;21,306;GGGGGgrr;19,306
J21;47,000;0,000;0,000;12,075;42,000;-20,694;21,306;GGGGGgrr;19,306
J21;47,000;0,000;0,000;12,075;42,000;-20,694;21,306;GGGGGgrr;19,306
J21;47,000;0,000;0,000;12,075;42,000;-37,000;5,000;GGGGGgrr;3,000
J21;47,000;0,000;0,000;12,075;42,000;-37,000;5,000;GGGGGgrr;3,000
J21;47,000;0,000;0,000;12,075;42,000;-37,000;5,000;GGGGGgrr;3,000
J21;47,000;0,000;0,000;12,242;42,000;-37,000;5,000;GGGGGgrr;3,000
J21;48,000;0,000;0,000;12,242;42,000;-37,000;5,000;GGGGGgrr;2,000
J21;48,000;0,000;0,000;12,242;42,000;-37,000;5,000;GGGGGgrr;2,000
J21;48,000;0,000;0,000;12,242;42,000;-37,000;5,000;GGGGGgrr;2,000
J21;48,000;0,000;0,000;12,242;42,000;-37,000;5,000;GGGGGgrr;2,000
J21;48,000;0,000;0,000;12,242;42,000;-37,000;5,000;GGGGGgrr;2,000
J21;48,000;0,000;0,000;12,242;42,000;-37,000;5,000;GGGGGgrr;2,000
J21;48,000;0,000;0,000;12,242;42,000;-37,000;5,000;GGGGGgrr;2,000
J21;48,000;0,000;0,000;12,242;42,000;-35,000;7,000;GGGGGgrr;4,000
J21;48,000;0,000;0,000;12,242;42,000;-35,000;7,000;GGGGGgrr;4,000
J21;48,000;0,000;0,000;12,242;42,000;-35,000;7,000;GGGGGgrr;4,000
J21;49,000;0,000;0,000;12,487;42,000;-35,000;7,000;GGGGGgrr;3,000
J21;49,000;0,000;0,000;12,487;42,000;-35,000;7,000;GGGGGgrr;3,000
J21;49,000;0,000;0,000;12,487;42,000;-35,000;7,000;GGGGGgrr;3,000
J21;49,000;0,000;0,000;12,487;42,000;-35,000;7,000;GGGGGgrr;3,000
J21;49,000;0,000;0,000;12,487;42,000;-35,000;7,000;GGGGGgrr;3,000
J21;49,000;0,000;0,000;12,487;42,000;-35,000;7,000;GGGGGgrr;3,000
J21;49,000;0,000;0,000;12,487;42,000;-35,000;7,000;GGGGGgrr;3,000
J21;49,000;0,000;0,000;12,487;42,000;-34,000;8,000;GGGGGgrr;4,000
J21;49,000;0,000;0,000;12,487;42,000;-34,000;8,000;GGGGGgrr;4,000
J21;49,000;0,000;0,000;12,487;42,000;-34,000;8,000;GGGGGgrr;4,000
J21;50,000;0,000;0,000;11,544;42,000;-34,000;8,000;GGGGGgrr;3,000
J21;50,000;0,000;0,000;11,544;42,000;-34,000;8,000;GGGGGgrr;3,000
J21;50,000;0,000;0,000;11,544;42,000;-34,000;8,000;GGGGGgrr;3,000
J21;50,000;0,000;0,000;11,544;42,000;-34,000;8,000;GGGGGgrr;3,000
J21;50,000;0,000;0,000;11,544;42,000;-34,000;8,000;GGGGGgrr;3,000
J21;50,000;0,000;0,000;11,544;42,000;-34,000;8,000;GGGGGgrr;3,000
J21;50,000;0,000;0,000;11,544;42,000;-34,000;8,000;GGGGGgrr;3,000
J21;50,000;0,000;0,000;11,544;42,000;-34,000;8,000;GGGGGgrr;3,000
J21;50,000;0,000;0,000;11,544;42,000;-33,000;9,000;GGGGGgrr;4,000
J21;50,000;0,000;0,000;11,544;42,000;-33,000;9,000;GGGGGgrr;4,000
J21;50,000;0,000;0,000;11,544;42,000;-33,000;9,000;GGGGGgrr;4,000
J21;51,000;0,000;0,000;12,546;42,000;-33,000;9,000;GGGGGgrr;3,000
J21;51,000;0,000;0,000;12,546;42,000;-33,000;9,000;GGGGGgrr;3,000
J21;51,000;0,000;0,000;12,546;42,000;-33,000;9,000;GGGGGgrr;3,000
J21;51,000;0,000;0,000;12,546;42,000;-33,000;9,000;GGGGGgrr;3,000
J21;51,000;0,000;0,000;12,546;42,000;-33,000;9,000;GGGGGgrr;3,000
J21;51,000;0,000;0,000;12,546;42,000;-33,000;9,000;GGGGGgrr;3,000
J21;51,000;0,000;0,000;12,546;42,000;-33,000;9,000;GGGGGgrr;3,000
J21;51,000;0,000;0,000;12,546;42,000;-33,000;9,000;GGGGGgrr;3,000
J21;51,000;0,000;0,000;12,546;42,000;-32,000;10,000;GGGGGgrr;4,000
J21;51,000;0,000;0,000;12,546;42,000;-32,000;10,000;GGGGGgrr;4,000
J21;51,000;0,000;0,000;12,546;42,000;-32,000;10,000;GGGGGgrr;4,000
J21;51,000;0,000;0,000;12,546;42,000;-32,000;10,000;GGGGGgrr;4,000
J21;52,000;0,167;0,000;10,642;42,000;-32,000;10,000;GGGGGgrr;3,000
J21;52,000;0,167;0,000;10,642;42,000;-32,000;10,000;GGGGGgrr;3,000
J21;52,000;0,167;0,000;10,642;42,000;-32,000;10,000;GGGGGgrr;3,000
J21;52,000;0,167;0,000;10,642;42,000;-32,000;10,000;GGGGGgrr;3,000
J21;52,000;0,167;0,000;10,642;42,000;-32,000;10,000;GGGGGgrr;3,000
J21;52,000;0,167;0,000;10,642;42,000;-32,000;10,000;GGGGGgrr;3,000
J21;52,000;0,167;0,000;10,642;42,000;-32,000;10,000;GGGGGgrr;3,000
J21;52,000;0,167;0,000;10,642;42,000;-32,000;10,000;GGGGGgrr;3,000
J21;52,000;0,167;0,000;10,642;42,000;-32,000;10,000;GGGGGgrr;3,000
J21;52,000;0,167;0,000;10,642;42,000;-32,000;10,000;GGGGGgrr;3,000
J21;52,000;0,167;0,000;10,642;42,000;-31,000;11,000;GGGGGgrr;4,000
J21;52,000;0,167;0,000;10,642;42,000;-31,000;11,000;GGGGGgrr;4,000
J21;52,000;0,000;0,000;10,983;42,000;-31,000;11,000;GGGGGgrr;4,000
J21;53,000;0,000;0,000;10,983;42,000;-31,000;11,000;GGGGGgrr;3,000
J21;53,000;0,000;0,000;10,983;42,000;-31,000;11,000;GGGGGgrr;3,000
J21;53,000;0,000;0,000;10,983;42,000;-31,000;11,000;GGGGGgrr;3,000
J21;53,000;0,000;0,000;10,983;42,000;-31,000;11,000;GGGGGgrr;3,000
J21;53,000;0,000;0,000;10,983;42,000;-31,000;11,000;GGGGGgrr;3,000
J21;53,000;0,000;0,000;10,983;42,000;-31,000;11,000;GGGGGgrr;3,000
J21;53,000;0,000;0,000;10,983;42,000;-31,000;11,000;GGGGGgrr;3,000
J21;53,000;0,000;0,000;10,983;42,000;-30,000;12,000;GGGGGgrr;4,000
J21;53,000;0,000;0,000;10,983;42,000;-30,000;12,000;GGGGGgrr;4,000
J21;54,000;0,000;0,000;11,627;42,000;-30,000;12,000;GGGGGgrr;3,000
J21;54,000;0,000;0,000;11,627;42,000;-30,000;12,000;GGGGGgrr;3,000
J21;54,000;0,000;0,000;11,627;42,000;-30,000;12,000;GGGGGgrr;3,000
J21;54,000;0,000;0,000;11,627;42,000;-30,000;12,000;GGGGGgrr;3,000
J21;54,000;0,000;0,000;11,627;42,000;-30,000;12,000;GGGGGgrr;3,000
J21;54,000;0,000;0,000;11,627;42,000;-30,000;12,000;GGGGGgrr;3,000
J21;54,000;0,000;0,000;11,627;42,000;-30,000;12,000;GGGGGgrr;3,000
J21;54,000;0,000;0,000;11,627;42,000;-29,000;13,000;GGGGGgrr;4,000
J21;54,000;0,000;0,000;11,627;42,000;-29,000;13,000;GGGGGgrr;4,000
J21;54,000;0,000;0,000;11,028;42,000;-29,000;13,000;GGGGGgrr;4,000
J21;55,000;0,000;0,000;11,028;42,000;-29,000;13,000;GGGGGgrr;3,000
J21;55,000;0,000;0,000;11,028;42,000;-29,000;13,000;GGGGGgrr;3,000
J21;55,000;0,000;0,000;11,028;42,000;-29,000;13,000;GGGGGgrr;3,000
J21;55,000;0,000;0,000;11,028;42,000;-29,000;13,000;GGGGGgrr;3,000
J21;55,000;0,000;0,000;11,028;42,000;-29,000;13,000;GGGGGgrr;3,000
J21;55,000;0,000;0,000;11,028;42,000;-29,000;13,000;GGGGGgrr;3,000
J21;55,000;0,000;0,000;11,028;42,000;-29,000;13,000;GGGGGgrr;3,000
J21;55,000;0,000;0,000;11,028;42,000;-28,000;14,000;GGGGGgrr;4,000
J21;55,000;0,000;0,000;11,028;42,000;-28,000;14,000;GGGGGgrr;4,000
J21;55,000;0,000;0,000;11,028;42,000;-28,000;14,000;GGGGGgrr;4,000
J21;55,000;0,000;0,000;11,028;42,000;-28,000;14,000;GGGGGgrr;4,000
J21;56,000;0,167;0,167;10,399;42,000;-28,000;14,000;GGGGGgrr;3,000
J21;56,000;0,167;0,167;10,399;42,000;-28,000;14,000;GGGGGgrr;3,000
J21;56,000;0,167;0,167;10,399;42,000;-28,000;14,000;GGGGGgrr;3,000
J21;56,000;0,167;0,167;10,399;42,000;-28,000;14,000;GGGGGgrr;3,000
J21;56,000;0,167;0,167;10,399;42,000;-28,000;14,000;GGGGGgrr;3,000
J21;56,000;0,167;0,167;10,399;42,000;-28,000;14,000;GGGGGgrr;3,000
J21;56,000;0,167;0,167;10,399;42,000;-28,000;14,000;GGGGGgrr;3,000
J21;56,000;0,167;0,167;10,399;42,000;-28,000;14,000;GGGGGgrr;3,000
J21;56,000;0,167;0,167;10,399;42,000;-27,000;15,000;GGGGGgrr;4,000
J21;56,000;0,167;0,167;10,399;42,000;-27,000;15,000;GGGGGgrr;4,000
J21;56,000;0,167;0,167;10,399;42,000;-27,000;15,000;GGGGGgrr;4,000
J21;57,000;0,167;0,333;10,757;42,000;-27,000;15,000;GGGGGgrr;3,000
J21;57,000;0,167;0,333;10,757;42,000;-27,000;15,000;GGGGGgrr;3,000
J21;57,000;0,167;0,333;10,757;42,000;-27,000;15,000;GGGGGgrr;3,000
J21;57,000;0,167;0,333;10,757;42,000;-27,000;15,000;GGGGGgrr;3,000
J21;57,000;0,167;0,333;10,757;42,000;-27,000;15,000;GGGGGgrr;3,000
J21;57,000;0,167;0,333;10,757;42,000;-27,000;15,000;GGGGGgrr;3,000
J21;57,000;0,167;0,333;10,757;42,000;-27,000;15,000;GGGGGgrr;3,000
J21;57,000;0,167;0,333;10,757;42,000;-27,000;15,000;GGGGGgrr;3,000
J21;57,000;0,167;0,333;10,757;42,000;-27,000;15,000;GGGGGgrr;3,000
J21;57,000;0,167;0,333;10,757;42,000;-27,000;15,000;GGGGGgrr;3,000
J21;57,000;0,167;0,333;10,757;42,000;-27,000;15,000;GGGGGgrr;3,000
J21;57,000;0,167;0,333;10,757;42,000;-26,000;16,000;GGGGGgrr;4,000
J21;57,000;0,167;0,333;10,757;42,000;-26,000;16,000;GGGGGgrr;4,000
J21;57,000;0,167;0,500;10,985;42,000;-26,000;16,000;GGGGGgrr;4,000
J21;58,000;0,167;0,500;10,985;42,000;-26,000;16,000;GGGGGgrr;3,000
J21;58,000;0,167;0,500;10,985;42,000;-26,000;16,000;GGGGGgrr;3,000
J21;58,000;0,167;0,500;10,985;42,000;-26,000;16,000;GGGGGgrr;3,000
J21;58,000;0,167;0,500;10,985;42,000;-26,000;16,000;GGGGGgrr;3,000
J21;58,000;0,167;0,500;10,985;42,000;-26,000;16,000;GGGGGgrr;3,000
J21;58,000;0,167;0,500;10,985;42,000;-26,000;16,000;GGGGGgrr;3,000
J21;58,000;0,167;0,500;10,985;42,000;-26,000;16,000;GGGGGgrr;3,000
J21;58,000;0,167;0,500;10,985;42,000;-26,000;16,000;GGGGGgrr;3,000
J21;58,000;0,167;0,500;10,985;42,000;-26,000;16,000;GGGGGgrr;3,000
J21;58,000;0,167;0,500;10,985;42,000;-26,000;16,000;GGGGGgrr;3,000
J21;58,000;0,167;0,500;10,985;42,000;-25,000;17,000;GGGGGgrr;4,000
J21;58,000;0,167;0,500;10,985;42,000;-25,000;17,000;GGGGGgrr;4,000
J21;58,000;0,167;0,500;10,985;42,000;-25,000;17,000;GGGGGgrr;4,000
J21;58,000;0,333;0,667;8,958;42,000;-25,000;17,000;GGGGGgrr;4,000
J21;59,000;0,333;0,667;8,958;42,000;-25,000;17,000;GGGGGgrr;3,000
J21;59,000;0,333;0,667;8,958;42,000;-25,000;17,000;GGGGGgrr;3,000
J21;59,000;0,333;0,667;8,958;42,000;-25,000;17,000;GGGGGgrr;3,000
J21;59,000;0,333;0,667;8,958;42,000;-25,000;17,000;GGGGGgrr;3,000
J21;59,000;0,333;0,667;8,958;42,000;-25,000;17,000;GGGGGgrr;3,000
J21;59,000;0,333;0,667;8,958;42,000;-25,000;17,000;GGGGGgrr;3,000
J21;59,000;0,333;0,667;8,958;42,000;-25,000;17,000;GGGGGgrr;3,000
J21;59,000;0,333;0,667;8,958;42,000;-25,000;17,000;GGGGGgrr;3,000
J21;59,000;0,333;0,667;8,958;42,000;-25,000;17,000;GGGGGgrr;3,000
J21;59,000;0,333;0,667;8,958;42,000;-25,000;17,000;GGGGGgrr;3,000
J21;59,000;0,333;0,667;8,958;42,000;-24,000;18,000;GGGGGgrr;4,000
J21;59,000;0,333;0,667;8,958;42,000;-24,000;18,000;GGGGGgrr;4,000
J21;59,000;0,333;0,667;8,958;42,000;-24,000;18,000;GGGGGgrr;4,000
J21;59,000;0,333;0,667;8,958;42,000;-24,000;18,000;GGGGGgrr;4,000
J21;60,000;0,167;0,833;9,123;42,000;-24,000;18,000;GGGGGgrr;3,000
J21;60,000;0,167;0,833;9,123;42,000;-24,000;18,000;GGGGGgrr;3,000
J21;60,000;0,167;0,833;9,123;42,000;-24,000;18,000;GGGGGgrr;3,000
J21;60,000;0,167;0,833;9,123;42,000;-24,000;18,000;GGGGGgrr;3,000
J21;60,000;0,167;0,833;9,123;42,000;-24,000;18,000;GGGGGgrr;3,000
J21;60,000;0,167;0,833;9,123;42,000;-24,000;18,000;GGGGGgrr;3,000
J21;60,000;0,167;0,833;9,123;42,000;-24,000;18,000;GGGGGgrr;3,000
J21;60,000;0,167;0,833;9,123;42,000;-24,000;18,000;GGGGGgrr;3,000
J21;60,000;0,167;0,833;9,123;42,000;-24,000;18,000;GGGGGgrr;3,000
J21;60,000;0,167;0,833;9,123;42,000;-24,000;18,000;GGGGGgrr;3,000
J21;60,000;0,167;0,833;9,123;42,000;-24,000;18,000;GGGGGgrr;3,000
J21;60,000;0,167;0,833;9,123;42,000;-23,000;19,000;GGGGGgrr;4,000
J21;60,000;0,167;0,833;9,123;42,000;-23,000;19,000;GGGGGgrr;4,000
J21;60,000;0,167;0,833;9,123;42,000;-23,000;19,000;GGGGGgrr;4,000
J21;60,000;0,167;0,833;9,123;42,000;-23,000;19,000;GGGGGgrr;4,000
J21;60,000;0,167;0,833;9,123;42,000;-23,000;19,000;GGGGGgrr;4,000
J21;60,000;0,167;0,833;9,123;42,000;-23,000;19,000;GGGGGgrr;4,000
J21;60,000;0,167;0,833;9,123;42,000;-23,000;19,000;GGGGGgrr;4,000
J21;61,000;0,167;1,000;10,467;42,000;-23,000;19,000;GGGGGgrr;3,000
J21;61,000;0,167;1,000;10,467;42,000;-23,000;19,000;GGGGGgrr;3,000
J21;61,000;0,167;1,000;10,467;42,000;-23,000;19,000;GGGGGgrr;3,000
J21;61,000;0,167;1,000;10,467;42,000;-23,000;19,000;GGGGGgrr;3,000
J21;61,000;0,167;1,000;10,467;42,000;-23,000;19,000;GGGGGgrr;3,000
J21;61,000;0,167;1,000;10,467;42,000;-23,000;19,000;GGGGGgrr;3,000
J21;61,000;0,167;1,000;10,467;42,000;-23,000;19,000;GGGGGgrr;3,000
J21;61,000;0,167;1,000;10,467;42,000;-23,000;19,000;GGGGGgrr;3,000
J21;61,000;0,167;1,000;10,467;42,000;-22,000;20,000;GGGGGgrr;4,000
J21;61,000;0,167;1,000;10,467;42,000;-22,000;20,000;GGGGGgrr;4,000
J21;61,000;0,167;1,000;10,467;42,000;-22,000;20,000;GGGGGgrr;4,000
J21;61,000;0,167;1,000;10,467;42,000;-22,000;20,000;GGGGGgrr;4,000
J21;61,000;0,167;1,000;10,467;42,000;-22,000;20,000;GGGGGgrr;4,000
J21;61,000;0,167;1,000;10,467;42,000;-22,000;20,000;GGGGGgrr;4,000
J21;61,000;0,167;1,000;10,467;42,000;-22,000;20,000;GGGGGgrr;4,000
J21;62,000;0,167;1,167;10,498;42,000;-22,000;20,000;GGGGGgrr;3,000
J21;62,000;0,167;1,167;10,498;42,000;-22,000;20,000;GGGGGgrr;3,000
J21;62,000;0,167;1,167;10,498;42,000;-22,000;20,000;GGGGGgrr;3,000
J21;62,000;0,167;1,167;10,498;42,000;-22,000;20,000;GGGGGgrr;3,000
J21;62,000;0,167;1,167;10,498;42,000;-22,000;20,000;GGGGGgrr;3,000
J21;62,000;0,167;1,167;10,498;42,000;-22,000;20,000;GGGGGgrr;3,000
J21;62,000;0,167;1,167;10,498;42,000;-22,000;20,000;GGGGGgrr;3,000
J21;62,000;0,167;1,167;10,498;42,000;-22,000;20,000;GGGGGgrr;3,000
J21;62,000;0,167;1,167;10,498;42,000;-22,000;20,000;GGGGGgrr;3,000
J21;62,000;0,167;1,167;10,498;42,000;-21,000;21,000;GGGGGgrr;4,000
J21;62,000;0,167;1,167;10,498;42,000;-21,000;21,000;GGGGGgrr;4,000
J21;62,000;0,167;1,167;10,498;42,000;-21,000;21,000;GGGGGgrr;4,000
J21;62,000;0,167;1,167;10,498;42,000;-21,000;21,000;GGGGGgrr;4,000
J21;62,000;0,167;1,167;10,498;42,000;-21,000;21,000;GGGGGgrr;4,000
J21;62,000;0,167;1,167;10,498;42,000;-21,000;21,000;GGGGGgrr;4,000
J21;62,000;0,167;1,333;10,580;42,000;-21,000;21,000;GGGGGgrr;4,000
J21;63,000;0,167;1,333;10,580;42,000;-21,000;21,000;GGGGGgrr;3,000
J21;63,000;0,167;1,333;10,580;42,000;-21,000;21,000;GGGGGgrr;3,000
J21;63,000;0,167;1,333;10,580;42,000;-21,000;21,000;GGGGGgrr;3,000
J21;63,000;0,167;1,333;10,580;42,000;-21,000;21,000;GGGGGgrr;3,000
J21;63,000;0,167;1,333;10,580;42,000;-21,000;21,000;GGGGGgrr;3,000
J21;63,000;0,167;1,333;10,580;42,000;-21,000;21,000;GGGGGgrr;3,000
J21;63,000;0,167;1,333;10,580;42,000;-21,000;21,000;GGGGGgrr;3,000
J21;63,000;0,167;1,333;10,580;42,000;-21,000;21,000;GGGGGgrr;3,000
J21;63,000;0,167;1,333;10,580;42,000;-21,000;21,000;GGGGGgrr;3,000
J21;63,000;0,167;1,333;10,580;42,000;-20,407;21,593;GGGGGgrr;3,593
J21;63,000;0,167;1,333;10,580;42,000;-20,407;21,593;GGGGGgrr;3,593
J21;63,000;0,167;1,333;10,580;42,000;-20,407;21,593;GGGGGgrr;3,593
J21;63,000;0,167;1,333;10,580;42,000;-20,407;21,593;GGGGGgrr;3,593
J21;63,000;0,167;1,333;10,580;42,000;-20,407;21,593;GGGGGgrr;3,593
J21;63,000;0,167;1,333;10,580;42,000;-20,407;21,593;GGGGGgrr;3,593
J21;63,000;0,167;1,333;10,580;42,000;-20,407;21,593;GGGGGgrr;3,593
J21;64,000;0,167;1,500;10,952;42,000;-20,407;21,593;GGGGGgrr;2,593
J21;64,000;0,167;1,500;10,952;42,000;-20,407;21,593;GGGGGgrr;2,593
J21;64,000;0,167;1,500;10,952;42,000;-20,407;21,593;GGGGGgrr;2,593
J21;64,000;0,167;1,500;10,952;42,000;-20,407;21,593;GGGGGgrr;2,593
J21;64,000;0,167;1,500;10,952;42,000;-20,407;21,593;GGGGGgrr;2,593
J21;64,000;0,167;1,500;10,952;42,000;-20,407;21,593;GGGGGgrr;2,593
J21;64,000;0,167;1,500;10,952;42,000;-20,407;21,593;GGGGGgrr;2,593
J21;64,000;0,167;1,500;10,952;42,000;-20,407;21,593;GGGGGgrr;2,593
J21;64,000;0,167;1,500;10,952;42,000;-20,407;21,593;GGGGGgrr;2,593
J21;64,000;0,167;1,500;10,952;42,000;-20,407;21,593;GGGGGgrr;2,593
J21;64,000;0,167;1,500;10,952;42,000;-20,407;21,593;GGGGGgrr;2,593
J21;64,000;0,167;1,500;10,952;42,000;-20,407;21,593;GGGGGgrr;2,593
J21;64,000;0,167;1,500;10,952;42,000;-20,407;21,593;GGGGGgrr;2,593
J21;64,000;0,167;1,500;10,952;42,000;-20,407;21,593;GGGGGgrr;2,593
J21;65,000;0,167;1,667;11,305;42,000;-20,407;21,593;GGGGGgrr;1,593
J21;65,000;0,167;1,667;11,305;42,000;-20,407;21,593;GGGGGgrr;1,593
J21;65,000;0,167;1,667;11,305;42,000;-20,407;21,593;GGGGGgrr;1,593
J21;65,000;0,167;1,667;11,305;42,000;-20,407;21,593;GGGGGgrr;1,593
J21;65,000;0,167;1,667;11,305;42,000;-20,407;21,593;GGGGGgrr;1,593
J21;65,000;0,167;1,667;11,305;42,000;-20,407;21,593;GGGGGgrr;1,593
J21;65,000;0,167;1,667;11,305;42,000;-20,407;21,593;GGGGGgrr;1,593
J21;65,000;0,167;1,667;11,305;42,000;-20,407;21,593;GGGGGgrr;1,593
J21;65,000;0,167;1,667;11,305;42,000;-20,407;21,593;GGGGGgrr;1,593
J21;65,000;0,167;1,667;11,305;42,000;-20,407;21,593;GGGGGgrr;1,593
J21;65,000;0,167;1,667;11,305;42,000;-20,407;21,593;GGGGGgrr;1,593
J21;65,000;0,167;1,667;11,305;42,000;-20,407;21,593;GGGGGgrr;1,593
J21;65,000;0,167;1,667;11,305;42,000;-20,407;21,593;GGGGGgrr;1,593
J21;65,000;0,167;1,667;11,305;42,000;-20,407;21,593;GGGGGgrr;1,593
J21;66,000;0,333;1,833;8,998;42,000;-20,407;21,593;GGGGGgrr;0,593
J21;66,000;0,333;1,833;8,998;42,000;-20,407;21,593;GGGGGgrr;0,593
J21;66,000;0,333;1,833;8,998;42,000;-20,407;21,593;GGGGGgrr;0,593
J21;66,000;0,333;1,833;8,998;42,000;-20,407;21,593;GGGGGgrr;0,593
J21;66,000;0,333;1,833;8,998;42,000;-20,407;21,593;GGGGGgrr;0,593
J21;66,000;0,333;1,833;8,998;42,000;-20,407;21,593;GGGGGgrr;0,593
J21;66,000;0,333;1,833;8,998;42,000;-20,407;21,593;GGGGGgrr;0,593
J21;66,000;0,333;1,833;8,998;42,000;-20,407;21,593;GGGGGgrr;0,593
J21;66,000;0,333;1,833;8,998;42,000;-20,407;21,593;GGGGGgrr;0,593
J21;66,000;0,333;1,833;8,998;42,000;-20,407;21,593;GGGGGgrr;0,593
J21;66,000;0,333;1,833;8,998;42,000;-20,407;21,593;GGGGGgrr;0,593
J21;66,000;0,333;1,833;8,998;42,000;-20,750;21,250;GGGGGgrr;0,250
J21;66,000;0,333;1,833;8,998;42,000;-20,750;21,250;GGGGGgrr;0,250
J21;66,000;0,333;1,833;8,998;42,000;-20,750;21,250;GGGGGgrr;0,250
J21;66,000;0,167;2,000;9,362;3,000;21,250;24,250;Gyyyyyrr;3,250
J21;67,000;0,167;2,000;9,362;3,000;21,250;24,250;Gyyyyyrr;2,250
J21;67,000;0,167;2,000;9,362;3,000;21,250;24,250;Gyyyyyrr;2,250
J21;67,000;0,167;2,000;9,362;3,000;21,250;24,250;Gyyyyyrr;2,250
J21;67,000;0,167;2,000;9,362;3,000;21,250;24,250;Gyyyyyrr;2,250
J21;67,000;0,167;2,000;9,362;3,000;21,250;24,250;Gyyyyyrr;2,250
J21;67,000;0,167;2,000;9,362;3,000;21,250;24,250;Gyyyyyrr;2,250
J21;67,000;0,167;2,000;9,362;3,000;21,250;24,250;Gyyyyyrr;2,250
J21;67,000;0,167;2,000;9,362;3,000;21,250;24,250;Gyyyyyrr;2,250
J21;67,000;0,167;2,000;9,362;3,000;21,250;24,250;Gyyyyyrr;2,250
J21;67,000;0,167;2,000;9,362;3,000;21,250;24,250;Gyyyyyrr;2,250
J21;67,000;0,167;2,000;9,362;3,000;21,250;24,250;Gyyyyyrr;2,250
J21;67,000;0,167;2,000;9,362;3,000;21,250;24,250;Gyyyyyrr;2,250
J21;67,000;0,167;2,000;9,362;3,000;21,250;24,250;Gyyyyyrr;2,250
J21;67,000;0,167;2,000;9,362;3,000;21,250;24,250;Gyyyyyrr;2,250
J21;67,000;0,167;2,000;9,362;3,000;21,250;24,250;Gyyyyyrr;2,250
J21;67,000;0,167;2,167;10,462;42,000;0,000;42,000;GGGGGgrr;42,000
J21;68,000;0,167;2,167;10,462;42,000;0,000;42,000;GGGGGgrr;41,000
J21;68,000;0,167;2,167;10,462;42,000;0,000;42,000;GGGGGgrr;41,000
J21;68,000;0,167;2,167;10,462;42,000;0,000;42,000;GGGGGgrr;41,000
J21;68,000;0,167;2,167;10,462;42,000;0,000;42,000;GGGGGgrr;41,000
J21;68,000;0,167;2,167;10,462;42,000;0,000;42,000;GGGGGgrr;41,000
J21;68,000;0,167;2,167;10,462;42,000;0,000;42,000;GGGGGgrr;41,000
J21;68,000;0,167;2,167;10,462;42,000;0,000;42,000;GGGGGgrr;41,000
J21;68,000;0,167;2,167;10,462;42,000;0,000;42,000;GGGGGgrr;41,000
J21;68,000;0,167;2,167;10,462;42,000;0,000;42,000;GGGGGgrr;41,000
J21;68,000;0,167;2,167;10,462;42,000;-37,000;5,000;GGGGGgrr;4,000
J21;68,000;0,167;2,167;10,462;42,000;-37,000;5,000;GGGGGgrr;4,000
J21;68,000;0,167;2,167;10,462;42,000;-37,000;5,000;GGGGGgrr;4,000
J21;68,000;0,167;2,167;10,462;42,000;-37,000;5,000;GGGGGgrr;4,000
J21;68,000;0,167;2,167;10,462;42,000;-37,000;5,000;GGGGGgrr;4,000
J21;68,000;0,167;2,333;10,273;3,000;1,000;4,000;Gyyyyyrr;3,000
J21;69,000;0,167;2,333;10,273;3,000;1,000;4,000;Gyyyyyrr;2,000
J21;69,000;0,167;2,333;10,273;3,000;1,000;4,000;Gyyyyyrr;2,000
J21;69,000;0,167;2,333;10,273;3,000;1,000;4,000;Gyyyyyrr;2,000
J21;69,000;0,167;2,333;10,273;3,000;1,000;4,000;Gyyyyyrr;2,000
J21;69,000;0,167;2,333;10,273;3,000;1,000;4,000;Gyyyyyrr;2,000
J21;69,000;0,167;2,333;10,273;3,000;1,000;4,000;Gyyyyyrr;2,000
J21;69,000;0,167;2,333;10,273;3,000;1,000;4,000;Gyyyyyrr;2,000
J21;69,000;0,167;2,333;10,273;3,000;1,000;4,000;Gyyyyyrr;2,000
J21;69,000;0,167;2,333;10,273;3,000;1,000;4,000;Gyyyyyrr;2,000
J21;69,000;0,167;2,333;10,273;3,000;1,000;4,000;Gyyyyyrr;2,000
J21;69,000;0,167;2,333;10,273;3,000;1,000;4,000;Gyyyyyrr;2,000
J21;69,000;0,167;2,333;10,273;3,000;1,000;4,000;Gyyyyyrr;2,000
J21;69,000;0,167;2,500;10,597;3,000;1,000;4,000;Gyyyyyrr;2,000
J21;70,000;0,167;2,500;10,597;3,000;1,000;4,000;Gyyyyyrr;1,000
J21;70,000;0,167;2,500;10,597;3,000;1,000;4,000;Gyyyyyrr;1,000
J21;70,000;0,167;2,500;10,597;3,000;1,000;4,000;Gyyyyyrr;1,000
J21;70,000;0,167;2,500;10,597;3,000;1,000;4,000;Gyyyyyrr;1,000
J21;70,000;0,167;2,500;10,597;3,000;1,000;4,000;Gyyyyyrr;1,000
J21;70,000;0,167;2,500;10,597;3,000;1,000;4,000;Gyyyyyrr;1,000
J21;70,000;0,167;2,500;10,597;3,000;1,000;4,000;Gyyyyyrr;1,000
J21;70,000;0,167;2,500;10,597;3,000;1,000;4,000;Gyyyyyrr;1,000
J21;70,000;0,167;2,500;10,597;3,000;1,000;4,000;Gyyyyyrr;1,000
J21;70,000;0,167;2,500;10,597;3,000;1,000;4,000;Gyyyyyrr;1,000
J21;70,000;0,167;2,500;10,597;3,000;1,000;4,000;Gyyyyyrr;1,000
J21;70,000;0,167;2,500;10,597;3,000;1,000;4,000;Gyyyyyrr;1,000
J21;70,000;0,167;2,500;10,597;3,000;1,000;4,000;Gyyyyyrr;1,000
J21;70,000;0,167;2,500;10,597;3,000;1,000;4,000;Gyyyyyrr;1,000
J21;71,000;0,167;2,667;11,038;3,000;1,000;4,000;Gyyyyyrr;0,000
J21;71,000;0,167;2,667;11,038;3,000;1,000;4,000;Gyyyyyrr;0,000
J21;71,000;0,167;2,667;11,038;3,000;1,000;4,000;Gyyyyyrr;0,000
J21;71,000;0,167;2,667;11,038;3,000;1,000;4,000;Gyyyyyrr;0,000
J21;71,000;0,167;2,667;11,038;3,000;1,000;4,000;Gyyyyyrr;0,000
J21;71,000;0,167;2,667;11,038;3,000;1,000;4,000;Gyyyyyrr;0,000
J21;71,000;0,167;2,667;11,038;3,000;1,000;4,000;Gyyyyyrr;0,000
J21;71,000;0,167;2,667;11,038;3,000;1,000;4,000;Gyyyyyrr;0,000
J21;71,000;0,167;2,667;11,038;3,000;5,000;8,000;Gyyyyyrr;4,000
J21;71,000;0,167;2,667;11,038;3,000;5,000;8,000;Gyyyyyrr;4,000
J21;71,000;0,167;2,667;11,038;42,000;-32,000;10,000;GGGGGgrr;10,000
J21;72,000;0,167;2,833;11,448;42,000;-32,000;10,000;GGGGGgrr;9,000
J21;72,000;0,167;2,833;11,448;42,000;-32,000;10,000;GGGGGgrr;9,000
J21;72,000;0,167;2,833;11,448;42,000;-32,000;10,000;GGGGGgrr;9,000
J21;72,000;0,167;2,833;11,448;42,000;-32,000;10,000;GGGGGgrr;9,000
J21;72,000;0,167;2,833;11,448;42,000;-32,000;10,000;GGGGGgrr;9,000
J21;72,000;0,167;2,833;11,448;42,000;-32,000;10,000;GGGGGgrr;9,000
J21;72,000;0,167;2,833;11,448;42,000;-32,000;10,000;GGGGGgrr;9,000
J21;72,000;0,167;2,833;11,448;42,000;-32,000;10,000;GGGGGgrr;9,000
J21;72,000;0,167;2,833;11,448;42,000;-32,000;10,000;GGGGGgrr;9,000
J21;72,000;0,167;2,833;11,448;42,000;-37,000;5,000;GGGGGgrr;4,000
J21;72,000;0,167;2,833;11,448;42,000;-37,000;5,000;GGGGGgrr;4,000
J21;72,000;0,167;2,833;11,448;42,000;-37,000;5,000;GGGGGgrr;4,000
J21;72,000;0,333;3,000;9,583;42,000;-37,000;5,000;GGGGGgrr;4,000
J21;73,000;0,333;3,000;9,583;42,000;-37,000;5,000;GGGGGgrr;3,000
J21;73,000;0,333;3,000;9,583;42,000;-37,000;5,000;GGGGGgrr;3,000
J21;73,000;0,333;3,000;9,583;42,000;-37,000;5,000;GGGGGgrr;3,000
J21;73,000;0,333;3,000;9,583;42,000;-37,000;5,000;GGGGGgrr;3,000
J21;73,000;0,333;3,000;9,583;42,000;-37,000;5,000;GGGGGgrr;3,000
J21;73,000;0,333;3,000;9,583;42,000;-37,000;5,000;GGGGGgrr;3,000
J21;73,000;0,333;3,000;9,583;42,000;-37,000;5,000;GGGGGgrr;3,000
J21;73,000;0,333;3,000;9,583;42,000;-37,000;5,000;GGGGGgrr;3,000
J21;73,000;0,333;3,000;9,583;42,000;-36,000;6,000;GGGGGgrr;4,000
J21;73,000;0,333;3,000;9,583;42,000;-36,000;6,000;GGGGGgrr;4,000
J21;73,000;0,333;3,000;9,583;42,000;-36,000;6,000;GGGGGgrr;4,000
J21;73,000;0,333;3,000;9,583;42,000;-36,000;6,000;GGGGGgrr;4,000
J21;74,000;0,167;3,167;10,313;42,000;-36,000;6,000;GGGGGgrr;3,000
J21;74,000;0,167;3,167;10,313;42,000;-36,000;6,000;GGGGGgrr;3,000
J21;74,000;0,167;3,167;10,313;42,000;-36,000;6,000;GGGGGgrr;3,000
J21;74,000;0,167;3,167;10,313;42,000;-36,000;6,000;GGGGGgrr;3,000
J21;74,000;0,167;3,167;10,313;42,000;-36,000;6,000;GGGGGgrr;3,000
J21;74,000;0,167;3,167;10,313;42,000;-36,000;6,000;GGGGGgrr;3,000
J21;74,000;0,167;3,167;10,313;42,000;-36,000;6,000;GGGGGgrr;3,000
J21;74,000;0,167;3,167;10,313;42,000;-36,000;6,000;GGGGGgrr;3,000
J21;74,000;0,167;3,167;10,313;42,000;-36,000;6,000;GGGGGgrr;3,000
J21;74,000;0,167;3,167;10,313;42,000;-36,000;6,000;GGGGGgrr;3,000
J21;74,000;0,167;3,167;10,313;42,000;-35,000;7,000;GGGGGgrr;4,000
J21;74,000;0,167;3,167;10,313;42,000;-35,000;7,000;GGGGGgrr;4,000
J21;74,000;0,167;3,167;10,313;42,000;-35,000;7,000;GGGGGgrr;4,000
J21;74,000;0,167;3,167;10,313;42,000;-35,000;7,000;GGGGGgrr;4,000
J21;75,000;0,167;3,333;11,601;42,000;-35,000;7,000;GGGGGgrr;3,000
J21;75,000;0,167;3,333;11,601;42,000;-35,000;7,000;GGGGGgrr;3,000
J21;75,000;0,167;3,333;11,601;42,000;-35,000;7,000;GGGGGgrr;3,000
J21;75,000;0,167;3,333;11,601;42,000;-35,000;7,000;GGGGGgrr;3,000
J21;75,000;0,167;3,333;11,601;42,000;-35,000;7,000;GGGGGgrr;3,000
J21;75,000;0,167;3,333;11,601;42,000;-35,000;7,000;GGGGGgrr;3,000
J21;75,000;0,167;3,333;11,601;42,000;-35,000;7,000;GGGGGgrr;3,000
J21;75,000;0,167;3,333;11,601;42,000;-35,000;7,000;GGGGGgrr;3,000
J21;75,000;0,167;3,333;11,601;42,000;-34,000;8,000;GGGGGgrr;4,000
J21;75,000;0,167;3,333;11,601;42,000;-34,000;8,000;GGGGGgrr;4,000
J21;75,000;0,167;3,333;11,601;42,000;-34,000;8,000;GGGGGgrr;4,000
J21;75,000;0,167;3,333;11,601;42,000;-34,000;8,000;GGGGGgrr;4,000
J21;75,000;0,167;3,333;11,601;42,000;-34,000;8,000;GGGGGgrr;4,000
J21;76,000;0,167;3,500;11,253;42,000;-34,000;8,000;GGGGGgrr;3,000
J21;76,000;0,167;3,500;11,253;42,000;-34,000;8,000;GGGGGgrr;3,000
J21;76,000;0,167;3,500;11,253;42,000;-34,000;8,000;GGGGGgrr;3,000
J21;76,000;0,167;3,500;11,253;42,000;-34,000;8,000;GGGGGgrr;3,000
J21;76,000;0,167;3,500;11,253;42,000;-34,000;8,000;GGGGGgrr;3,000
J21;76,000;0,167;3,500;11,253;42,000;-33,000;9,000;GGGGGgrr;4,000
J21;76,000;0,167;3,500;11,253;42,000;-33,000;9,000;GGGGGgrr;4,000
J21;76,000;0,167;3,500;11,253;42,000;-33,000;9,000;GGGGGgrr;4,000
J21;76,000;0,167;3,500;11,253;42,000;-33,000;9,000;GGGGGgrr;4,000
J21;76,000;0,167;3,500;11,253;42,000;-33,000;9,000;GGGGGgrr;4,000
J21;77,000;0,167;3,667;11,308;42,000;-33,000;9,000;GGGGGgrr;3,000
J21;77,000;0,167;3,667;11,308;42,000;-33,000;9,000;GGGGGgrr;3,000
J21;77,000;0,167;3,667;11,308;42,000;-33,000;9,000;GGGGGgrr;3,000
J21;77,000;0,167;3,667;11,308;42,000;-33,000;9,000;GGGGGgrr;3,000
J21;77,000;0,167;3,667;11,308;42,000;-33,000;9,000;GGGGGgrr;3,000
J21;77,000;0,167;3,667;11,308;42,000;-33,000;9,000;GGGGGgrr;3,000
J21;77,000;0,167;3,667;11,308;42,000;-33,000;9,000;GGGGGgrr;3,000
J21;77,000;0,167;3,667;11,308;42,000;-33,000;9,000;GGGGGgrr;3,000
J21;77,000;0,167;3,667;11,308;42,000;-33,000;9,000;GGGGGgrr;3,000
J21;77,000;0,167;3,667;11,308;42,000;-33,000;9,000;GGGGGgrr;3,000
J21;77,000;0,167;3,667;11,308;42,000;-33,000;9,000;GGGGGgrr;3,000
J21;77,000;0,167;3,667;11,308;42,000;-32,000;10,000;GGGGGgrr;4,000
J21;77,000;0,167;3,667;11,308;42,000;-32,000;10,000;GGGGGgrr;4,000
J21;77,000;0,167;3,667;11,308;42,000;-32,000;10,000;GGGGGgrr;4,000
J21;77,000;0,167;3,833;11,190;42,000;-32,000;10,000;GGGGGgrr;4,000
J21;78,000;0,167;3,833;11,190;42,000;-32,000;10,000;GGGGGgrr;3,000
J21;78,000;0,167;3,833;11,190;42,000;-32,000;10,000;GGGGGgrr;3,000
J21;78,000;0,167;3,833;11,190;42,000;-32,000;10,000;GGGGGgrr;3,000
J21;78,000;0,167;3,833;11,190;42,000;-32,000;10,000;GGGGGgrr;3,000
J21;78,000;0,167;3,833;11,190;42,000;-32,000;10,000;GGGGGgrr;3,000
J21;78,000;0,167;3,833;11,190;42,000;-32,000;10,000;GGGGGgrr;3,000
J21;78,000;0,167;3,833;11,190;42,000;-32,000;10,000;GGGGGgrr;3,000
J21;78,000;0,167;3,833;11,190;42,000;-32,000;10,000;GGGGGgrr;3,000
J21;78,000;0,167;3,833;11,190;42,000;-32,000;10,000;GGGGGgrr;3,000
J21;78,000;0,167;3,833;11,190;42,000;-32,000;10,000;GGGGGgrr;3,000
J21;78,000;0,167;3,833;11,190;42,000;-31,000;11,000;GGGGGgrr;4,000
J21;78,000;0,167;3,833;11,190;42,000;-31,000;11,000;GGGGGgrr;4,000
J21;78,000;0,167;3,833;11,190;42,000;-31,000;11,000;GGGGGgrr;4,000
J21;78,000;0,167;3,833;11,190;42,000;-31,000;11,000;GGGGGgrr;4,000
J21;78,000;0,167;4,000;11,790;42,000;-31,000;11,000;GGGGGgrr;4,000
J21;79,000;0,167;4,000;11,790;42,000;-31,000;11,000;GGGGGgrr;3,000
J21;79,000;0,167;4,000;11,790;42,000;-31,000;11,000;GGGGGgrr;3,000
J21;79,000;0,167;4,000;11,790;42,000;-31,000;11,000;GGGGGgrr;3,000
J21;79,000;0,167;4,000;11,790;42,000;-31,000;11,000;GGGGGgrr;3,000
J21;79,000;0,167;4,000;11,790;42,000;-31,000;11,000;GGGGGgrr;3,000
J21;79,000;0,167;4,000;11,790;42,000;-31,000;11,000;GGGGGgrr;3,000
J21;79,000;0,167;4,000;11,790;42,000;-31,000;11,000;GGGGGgrr;3,000
J21;79,000;0,167;4,000;11,790;42,000;-31,000;11,000;GGGGGgrr;3,000
J21;79,000;0,167;4,000;11,790;42,000;-31,000;11,000;GGGGGgrr;3,000
J21;79,000;0,167;4,000;11,790;42,000;-31,000;11,000;GGGGGgrr;3,000
J21;79,000;0,167;4,000;11,790;42,000;-30,000;12,000;GGGGGgrr;4,000
J21;79,000;0,167;4,000;11,790;42,000;-30,000;12,000;GGGGGgrr;4,000
J21;79,000;0,167;4,000;11,790;42,000;-30,000;12,000;GGGGGgrr;4,000
J21;79,000;0,167;4,000;11,790;42,000;-30,000;12,000;GGGGGgrr;4,000
J21;79,000;0,333;4,333;12,039;42,000;-30,000;12,000;GGGGGgrr;4,000
J21;80,000;0,333;4,333;12,039;42,000;-30,000;12,000;GGGGGgrr;3,000
J21;80,000;0,333;4,333;12,039;42,000;-30,000;12,000;GGGGGgrr;3,000
J21;80,000;0,333;4,333;12,039;42,000;-30,000;12,000;GGGGGgrr;3,000
J21;80,000;0,333;4,333;12,039;42,000;-30,000;12,000;GGGGGgrr;3,000
J21;80,000;0,333;4,333;12,039;42,000;-30,000;12,000;GGGGGgrr;3,000
J21;80,000;0,333;4,333;12,039;42,000;-30,000;12,000;GGGGGgrr;3,000
J21;80,000;0,333;4,333;12,039;42,000;-30,000;12,000;GGGGGgrr;3,000
J21;80,000;0,333;4,333;12,039;42,000;-30,000;12,000;GGGGGgrr;3,000
J21;80,000;0,333;4,333;12,039;42,000;-29,000;13,000;GGGGGgrr;4,000
J21;80,000;0,333;4,333;12,039;42,000;-29,000;13,000;GGGGGgrr;4,000
J21;80,000;0,333;4,333;12,039;42,000;-29,000;13,000;GGGGGgrr;4,000
J21;80,000;0,333;4,333;12,039;42,000;-29,000;13,000;GGGGGgrr;4,000
J21;80,000;0,500;4,667;9,040;42,000;-29,000;13,000;GGGGGgrr;4,000
J21;81,000;0,500;4,667;9,040;42,000;-29,000;13,000;GGGGGgrr;3,000
J21;81,000;0,500;4,667;9,040;42,000;-29,000;13,000;GGGGGgrr;3,000
J21;81,000;0,500;4,667;9,040;42,000;-29,000;13,000;GGGGGgrr;3,000
J21;81,000;0,500;4,667;9,040;42,000;-29,000;13,000;GGGGGgrr;3,000
J21;81,000;0,500;4,667;9,040;42,000;-29,000;13,000;GGGGGgrr;3,000
J21;81,000;0,500;4,667;9,040;42,000;-29,000;13,000;GGGGGgrr;3,000
J21;81,000;0,500;4,667;9,040;42,000;-29,000;13,000;GGGGGgrr;3,000
J21;81,000;0,500;4,667;9,040;42,000;-29,000;13,000;GGGGGgrr;3,000
J21;81,000;0,500;4,667;9,040;42,000;-29,000;13,000;GGGGGgrr;3,000
J21;81,000;0,500;4,667;9,040;42,000;-28,000;14,000;GGGGGgrr;4,000
J21;81,000;0,500;4,667;9,040;42,000;-28,000;14,000;GGGGGgrr;4,000
J21;81,000;0,500;4,667;9,040;42,000;-28,000;14,000;GGGGGgrr;4,000
J21;81,000;0,500;4,667;9,040;42,000;-28,000;14,000;GGGGGgrr;4,000
J21;81,000;0,500;4,667;9,040;42,000;-28,000;14,000;GGGGGgrr;4,000
J21;82,000;0,333;5,000;8,763;42,000;-28,000;14,000;GGGGGgrr;3,000
J21;82,000;0,333;5,000;8,763;42,000;-28,000;14,000;GGGGGgrr;3,000
J21;82,000;0,333;5,000;8,763;42,000;-28,000;14,000;GGGGGgrr;3,000
J21;82,000;0,333;5,000;8,763;42,000;-28,000;14,000;GGGGGgrr;3,000
J21;82,000;0,333;5,000;8,763;42,000;-28,000;14,000;GGGGGgrr;3,000
J21;82,000;0,333;5,000;8,763;42,000;-28,000;14,000;GGGGGgrr;3,000
J21;82,000;0,333;5,000;8,763;42,000;-28,000;14,000;GGGGGgrr;3,000
J21;82,000;0,333;5,000;8,763;42,000;-28,000;14,000;GGGGGgrr;3,000
J21;82,000;0,333;5,000;8,763;42,000;-28,000;14,000;GGGGGgrr;3,000
J21;82,000;0,333;5,000;8,763;42,000;-28,000;14,000;GGGGGgrr;3,000
J21;82,000;0,333;5,000;8,763;42,000;-27,000;15,000;GGGGGgrr;4,000
J21;82,000;0,333;5,000;8,763;42,000;-27,000;15,000;GGGGGgrr;4,000
J21;82,000;0,333;5,000;8,763;42,000;-27,000;15,000;GGGGGgrr;4,000
J21;82,000;0,333;5,000;8,763;42,000;-27,000;15,000;GGGGGgrr;4,000
J21;82,000;0,333;5,000;8,763;42,000;-27,000;15,000;GGGGGgrr;4,000
J21;83,000;0,500;5,500;9,969;42,000;-27,000;15,000;GGGGGgrr;3,000
J21;83,000;0,500;5,500;9,969;42,000;-27,000;15,000;GGGGGgrr;3,000
J21;83,000;0,500;5,500;9,969;42,000;-27,000;15,000;GGGGGgrr;3,000
J21;83,000;0,500;5,500;9,969;42,000;-27,000;15,000;GGGGGgrr;3,000
J21;83,000;0,500;5,500;9,969;42,000;-27,000;15,000;GGGGGgrr;3,000
J21;83,000;0,500;5,500;9,969;42,000;-26,548;15,452;GGGGGgrr;3,452
J21;83,000;0,500;5,500;9,969;42,000;-26,548;15,452;GGGGGgrr;3,452
J21;83,000;0,667;6,167;10,119;42,000;-26,548;15,452;GGGGGgrr;3,452
J21;84,000;0,667;6,167;10,119;42,000;-26,548;15,452;GGGGGgrr;2,452
J21;84,000;0,667;6,167;10,119;42,000;-26,548;15,452;GGGGGgrr;2,452
J21;84,000;0,667;6,167;10,119;42,000;-26,548;15,452;GGGGGgrr;2,452
J21;84,000;0,667;6,167;10,119;42,000;-26,548;15,452;GGGGGgrr;2,452
J21;84,000;0,667;6,167;10,119;42,000;-26,548;15,452;GGGGGgrr;2,452
J21;84,000;0,667;6,167;10,119;42,000;-26,548;15,452;GGGGGgrr;2,452
J21;84,000;0,667;6,167;10,119;42,000;-26,548;15,452;GGGGGgrr;2,452
J21;84,000;0,667;6,167;10,119;42,000;-26,548;15,452;GGGGGgrr;2,452
J21;84,000;0,667;6,167;10,119;42,000;-26,548;15,452;GGGGGgrr;2,452
J21;84,000;0,667;6,167;10,119;42,000;-26,548;15,452;GGGGGgrr;2,452
J21;84,000;0,667;6,167;10,119;42,000;-25,973;16,027;GGGGGgrr;3,027
J21;84,000;0,667;6,167;10,119;42,000;-25,973;16,027;GGGGGgrr;3,027
J21;84,000;0,667;6,167;10,119;42,000;-25,973;16,027;GGGGGgrr;3,027
J21;84,000;0,667;6,167;10,119;42,000;-25,973;16,027;GGGGGgrr;3,027
J21;84,000;0,667;6,167;10,119;42,000;-25,973;16,027;GGGGGgrr;3,027
J21;85,000;0,667;6,833;10,368;42,000;-25,973;16,027;GGGGGgrr;2,027
J21;85,000;0,667;6,833;10,368;42,000;-25,973;16,027;GGGGGgrr;2,027
J21;85,000;0,667;6,833;10,368;42,000;-25,973;16,027;GGGGGgrr;2,027
J21;85,000;0,667;6,833;10,368;42,000;-25,973;16,027;GGGGGgrr;2,027
J21;85,000;0,667;6,833;10,368;42,000;-25,973;16,027;GGGGGgrr;2,027
J21;85,000;0,667;6,833;10,368;42,000;-25,973;16,027;GGGGGgrr;2,027
J21;85,000;0,667;6,833;10,368;42,000;-25,973;16,027;GGGGGgrr;2,027
J21;85,000;0,667;6,833;10,368;42,000;-25,973;16,027;GGGGGgrr;2,027
J21;85,000;0,667;6,833;10,368;42,000;-25,973;16,027;GGGGGgrr;2,027
J21;85,000;0,667;6,833;10,368;42,000;-25,973;16,027;GGGGGgrr;2,027
J21;85,000;0,667;6,833;10,368;42,000;-25,406;16,594;GGGGGgrr;2,594
J21;85,000;0,667;6,833;10,368;42,000;-25,406;16,594;GGGGGgrr;2,594
J21;85,000;0,667;6,833;10,368;42,000;-25,406;16,594;GGGGGgrr;2,594
J21;85,000;0,667;6,833;10,368;42,000;-25,406;16,594;GGGGGgrr;2,594
J21;85,000;0,667;6,833;10,368;42,000;-25,406;16,594;GGGGGgrr;2,594
J21;85,000;0,667;6,833;10,368;42,000;-25,406;16,594;GGGGGgrr;2,594
J21;86,000;0,667;7,500;10,836;42,000;-25,406;16,594;GGGGGgrr;1,594
J21;86,000;0,667;7,500;10,836;42,000;-25,406;16,594;GGGGGgrr;1,594
J21;86,000;0,667;7,500;10,836;42,000;-25,406;16,594;GGGGGgrr;1,594
J21;86,000;0,667;7,500;10,836;42,000;-25,406;16,594;GGGGGgrr;1,594
J21;86,000;0,667;7,500;10,836;42,000;-25,406;16,594;GGGGGgrr;1,594
J21;86,000;0,667;7,500;10,836;42,000;-25,406;16,594;GGGGGgrr;1,594
J21;86,000;0,667;7,500;10,836;42,000;-25,406;16,594;GGGGGgrr;1,594
J21;86,000;0,667;7,500;10,836;42,000;-25,406;16,594;GGGGGgrr;1,594
J21;86,000;0,667;7,500;10,836;42,000;-25,406;16,594;GGGGGgrr;1,594
J21;86,000;0,667;7,500;10,836;42,000;-25,406;16,594;GGGGGgrr;1,594
J21;86,000;0,667;7,500;10,836;42,000;-24,597;17,403;GGGGGgrr;2,403
J21;86,000;0,667;7,500;10,836;42,000;-24,597;17,403;GGGGGgrr;2,403
J21;86,000;0,667;7,500;10,836;42,000;-24,597;17,403;GGGGGgrr;2,403
J21;86,000;0,667;7,500;10,836;42,000;-24,597;17,403;GGGGGgrr;2,403
J21;86,000;0,667;7,500;10,836;42,000;-24,597;17,403;GGGGGgrr;2,403
J21;86,000;0,667;7,500;10,836;42,000;-24,597;17,403;GGGGGgrr;2,403
J21;87,000;0,833;8,333;11,158;42,000;-24,597;17,403;GGGGGgrr;1,403
J21;87,000;0,833;8,333;11,158;42,000;-24,597;17,403;GGGGGgrr;1,403
J21;87,000;0,833;8,333;11,158;42,000;-24,597;17,403;GGGGGgrr;1,403
J21;87,000;0,833;8,333;11,158;42,000;-24,597;17,403;GGGGGgrr;1,403
J21;87,000;0,833;8,333;11,158;42,000;-24,597;17,403;GGGGGgrr;1,403
J21;87,000;0,833;8,333;11,158;42,000;-24,597;17,403;GGGGGgrr;1,403
J21;87,000;0,833;8,333;11,158;42,000;-24,597;17,403;GGGGGgrr;1,403
J21;87,000;0,833;8,333;11,158;42,000;-24,597;17,403;GGGGGgrr;1,403
J21;87,000;0,833;8,333;11,158;42,000;-24,597;17,403;GGGGGgrr;1,403
J21;87,000;0,833;8,333;11,158;42,000;-24,597;17,403;GGGGGgrr;1,403
J21;87,000;0,833;8,333;11,158;42,000;-24,597;17,403;GGGGGgrr;1,403
J21;87,000;0,833;8,333;11,158;42,000;-24,597;17,403;GGGGGgrr;1,403
J21;87,000;0,833;8,333;11,158;42,000;-24,597;17,403;GGGGGgrr;1,403
J21;87,000;0,833;8,333;11,158;42,000;-24,597;17,403;GGGGGgrr;1,403
J21;87,000;0,833;8,333;11,158;42,000;-24,597;17,403;GGGGGgrr;1,403
J21;88,000;1,000;9,167;9,237;42,000;-24,597;17,403;GGGGGgrr;0,403
J21;88,000;1,000;9,167;9,237;42,000;-24,597;17,403;GGGGGgrr;0,403
J21;88,000;1,000;9,167;9,237;42,000;-24,597;17,403;GGGGGgrr;0,403
J21;88,000;1,000;9,167;9,237;42,000;-24,597;17,403;GGGGGgrr;0,403
J21;88,000;1,000;9,167;9,237;42,000;-24,597;17,403;GGGGGgrr;0,403
J21;88,000;1,000;9,167;9,237;42,000;-24,597;17,403;GGGGGgrr;0,403
J21;88,000;1,000;9,167;9,237;42,000;-24,597;17,403;GGGGGgrr;0,403
J21;88,000;1,000;9,167;9,237;42,000;-24,597;17,403;GGGGGgrr;0,403
J21;88,000;1,000;9,167;9,237;42,000;-24,597;17,403;GGGGGgrr;0,403
J21;88,000;1,000;9,167;9,237;42,000;-24,597;17,403;GGGGGgrr;0,403
J21;88,000;1,000;9,167;9,237;42,000;-25,000;17,000;GGGGGgrr;0,000
J21;88,000;1,000;9,167;9,237;42,000;-25,000;17,000;GGGGGgrr;0,000
J21;88,000;1,000;9,167;9,237;42,000;-25,000;17,000;GGGGGgrr;0,000
J21;88,000;1,000;9,167;9,237;42,000;-25,000;17,000;GGGGGgrr;0,000
J21;88,000;1,000;9,167;9,237;42,000;-25,000;17,000;GGGGGgrr;0,000
J21;88,000;1,000;10,167;9,474;3,000;17,000;20,000;Gyyyyyrr;3,000
J21;89,000;1,000;10,167;9,474;3,000;17,000;20,000;Gyyyyyrr;2,000
J21;89,000;1,000;10,167;9,474;3,000;17,000;20,000;Gyyyyyrr;2,000
J21;89,000;1,000;10,167;9,474;3,000;17,000;20,000;Gyyyyyrr;2,000
J21;89,000;1,000;10,167;9,474;3,000;17,000;20,000;Gyyyyyrr;2,000
J21;89,000;1,000;10,167;9,474;3,000;17,000;20,000;Gyyyyyrr;2,000
J21;89,000;1,000;10,167;9,474;3,000;17,000;20,000;Gyyyyyrr;2,000
J21;89,000;1,000;10,167;9,474;3,000;17,000;20,000;Gyyyyyrr;2,000
J21;89,000;1,000;10,167;9,474;3,000;17,000;20,000;Gyyyyyrr;2,000
J21;89,000;1,000;10,167;9,474;3,000;17,000;20,000;Gyyyyyrr;2,000
J21;89,000;1,000;10,167;9,474;3,000;17,000;20,000;Gyyyyyrr;2,000
J21;89,000;1,000;10,167;9,474;3,000;17,000;20,000;Gyyyyyrr;2,000
J21;89,000;1,000;10,167;9,474;3,000;17,000;20,000;Gyyyyyrr;2,000
J21;89,000;1,000;10,167;9,474;3,000;17,000;20,000;Gyyyyyrr;2,000
J21;89,000;1,000;10,167;9,474;42,000;0,000;42,000;GrrrrrGG;42,000
J21;90,000;0,833;5,333;10,313;42,000;0,000;42,000;GrrrrrGG;41,000
J21;90,000;0,833;5,333;10,313;42,000;0,000;42,000;GrrrrrGG;41,000
J21;90,000;0,833;5,333;10,313;42,000;0,000;42,000;GrrrrrGG;41,000
J21;90,000;0,833;5,333;10,313;42,000;0,000;42,000;GrrrrrGG;41,000
J21;90,000;0,833;5,333;10,313;42,000;0,000;42,000;GrrrrrGG;41,000
J21;90,000;0,833;5,333;10,313;42,000;0,000;42,000;GrrrrrGG;41,000
J21;90,000;0,833;5,333;10,313;42,000;0,000;42,000;GrrrrrGG;41,000
J21;90,000;0,833;5,333;10,313;42,000;0,000;42,000;GrrrrrGG;41,000
J21;90,000;0,833;5,333;10,313;42,000;0,000;42,000;GrrrrrGG;41,000
J21;90,000;0,833;5,333;10,313;42,000;0,000;42,000;GrrrrrGG;41,000
J21;90,000;0,833;5,333;10,313;42,000;0,000;42,000;GrrrrrGG;41,000
J21;90,000;0,833;5,333;10,313;42,000;13,241;55,241;GrrrrrGG;54,241
J21;90,000;0,833;5,333;10,313;42,000;13,241;55,241;GrrrrrGG;54,241
J21;90,000;0,833;5,333;10,313;42,000;13,241;55,241;GrrrrrGG;54,241
J21;90,000;0,833;5,333;10,313;42,000;13,241;55,241;GrrrrrGG;54,241
J21;90,000;0,833;5,333;10,313;42,000;13,241;55,241;GrrrrrGG;54,241
J21;90,000;0,833;5,333;10,313;42,000;0,000;42,000;GrrrrrGG;42,000
J21;91,000;0,667;4,167;10,117;42,000;0,000;42,000;GrrrrrGG;41,000
J21;91,000;0,667;4,167;10,117;42,000;0,000;42,000;GrrrrrGG;41,000
J21;91,000;0,667;4,167;10,117;42,000;0,000;42,000;GrrrrrGG;41,000
J21;91,000;0,667;4,167;10,117;42,000;0,000;42,000;GrrrrrGG;41,000
J21;91,000;0,667;4,167;10,117;42,000;0,000;42,000;GrrrrrGG;41,000
J21;91,000;0,667;4,167;10,117;42,000;0,000;42,000;GrrrrrGG;41,000
J21;91,000;0,667;4,167;10,117;42,000;0,000;42,000;GrrrrrGG;41,000
J21;91,000;0,667;4,167;10,117;42,000;0,000;42,000;GrrrrrGG;41,000
J21;91,000;0,667;4,167;10,117;42,000;0,000;42,000;GrrrrrGG;41,000
J21;91,000;0,667;4,167;10,117;42,000;0,000;42,000;GrrrrrGG;41,000
J21;91,000;0,667;4,167;10,117;42,000;0,000;42,000;GrrrrrGG;41,000
J21;91,000;0,667;4,167;10,117;42,000;14,563;56,563;GrrrrrGG;55,563
J21;91,000;0,667;4,167;10,117;42,000;14,563;56,563;GrrrrrGG;55,563
J21;91,000;0,667;4,167;10,117;42,000;14,563;56,563;GrrrrrGG;55,563
J21;91,000;0,667;4,167;10,117;42,000;14,563;56,563;GrrrrrGG;55,563
J21;91,000;0,667;4,167;10,117;42,000;14,563;56,563;GrrrrrGG;55,563
J21;91,000;0,667;4,167;10,117;42,000;0,000;42,000;GrrrrrGG;42,000
J21;91,000;0,667;4,167;10,117;42,000;0,000;42,000;GrrrrrGG;42,000
J21;92,000;0,667;3,333;10,160;42,000;0,000;42,000;GrrrrrGG;41,000
J21;92,000;0,667;3,333;10,160;42,000;0,000;42,000;GrrrrrGG;41,000
J21;92,000;0,667;3,333;10,160;42,000;0,000;42,000;GrrrrrGG;41,000
J21;92,000;0,667;3,333;10,160;42,000;0,000;42,000;GrrrrrGG;41,000
J21;92,000;0,667;3,333;10,160;42,000;0,000;42,000;GrrrrrGG;41,000
J21;92,000;0,667;3,333;10,160;42,000;0,000;42,000;GrrrrrGG;41,000
J21;92,000;0,667;3,333;10,160;42,000;0,000;42,000;GrrrrrGG;41,000
J21;92,000;0,667;3,333;10,160;42,000;0,000;42,000;GrrrrrGG;41,000
J21;92,000;0,667;3,333;10,160;42,000;0,000;42,000;GrrrrrGG;41,000
J21;92,000;0,667;3,333;10,160;42,000;14,804;56,804;GrrrrrGG;55,804
J21;92,000;0,667;3,333;10,160;42,000;14,804;56,804;GrrrrrGG;55,804
J21;92,000;0,667;3,333;10,160;42,000;14,804;56,804;GrrrrrGG;55,804
J21;92,000;0,667;3,333;10,160;42,000;14,804;56,804;GrrrrrGG;55,804
J21;92,000;0,667;3,333;10,160;42,000;14,804;56,804;GrrrrrGG;55,804
J21;92,000;0,667;3,333;10,160;42,000;0,000;42,000;GrrrrrGG;42,000
J21;93,000;0,500;2,333;10,007;42,000;0,000;42,000;GrrrrrGG;41,000
J21;93,000;0,500;2,333;10,007;42,000;0,000;42,000;GrrrrrGG;41,000
J21;93,000;0,500;2,333;10,007;42,000;0,000;42,000;GrrrrrGG;41,000
J21;93,000;0,500;2,333;10,007;42,000;0,000;42,000;GrrrrrGG;41,000
J21;93,000;0,500;2,333;10,007;42,000;0,000;42,000;GrrrrrGG;41,000
J21;93,000;0,500;2,333;10,007;42,000;0,000;42,000;GrrrrrGG;41,000
J21;93,000;0,500;2,333;10,007;42,000;0,000;42,000;GrrrrrGG;41,000
J21;93,000;0,500;2,333;10,007;42,000;0,000;42,000;GrrrrrGG;41,000
J21;93,000;0,500;2,333;10,007;42,000;0,000;42,000;GrrrrrGG;41,000
J21;93,000;0,500;2,333;10,007;42,000;0,000;42,000;GrrrrrGG;41,000
J21;93,000;0,500;2,333;10,007;42,000;14,882;56,882;GrrrrrGG;55,882
J21;93,000;0,500;2,333;10,007;42,000;14,882;56,882;GrrrrrGG;55,882
J21;93,000;0,500;2,333;10,007;42,000;14,882;56,882;GrrrrrGG;55,882
J21;93,000;0,500;2,333;10,007;42,000;14,882;56,882;GrrrrrGG;55,882
J21;93,000;0,500;2,333;10,007;42,000;14,882;56,882;GrrrrrGG;55,882
J21;93,000;0,500;2,333;10,007;42,000;0,000;42,000;GrrrrrGG;42,000
J21;94,000;0,333;1,500;10,159;42,000;0,000;42,000;GrrrrrGG;41,000
J21;94,000;0,333;1,500;10,159;42,000;0,000;42,000;GrrrrrGG;41,000
J21;94,000;0,333;1,500;10,159;42,000;0,000;42,000;GrrrrrGG;41,000
J21;94,000;0,333;1,500;10,159;42,000;0,000;42,000;GrrrrrGG;41,000
J21;94,000;0,333;1,500;10,159;42,000;0,000;42,000;GrrrrrGG;41,000
J21;94,000;0,333;1,500;10,159;42,000;0,000;42,000;GrrrrrGG;41,000
J21;94,000;0,333;1,500;10,159;42,000;0,000;42,000;GrrrrrGG;41,000
J21;94,000;0,333;1,500;10,159;42,000;0,000;42,000;GrrrrrGG;41,000
J21;94,000;0,333;1,500;10,159;42,000;0,000;42,000;GrrrrrGG;41,000
J21;94,000;0,333;1,500;10,159;42,000;0,000;42,000;GrrrrrGG;41,000
J21;94,000;0,333;1,500;10,159;42,000;15,676;57,676;GrrrrrGG;56,676
J21;94,000;0,333;1,500;10,159;42,000;15,676;57,676;GrrrrrGG;56,676
J21;94,000;0,333;1,500;10,159;42,000;15,676;57,676;GrrrrrGG;56,676
J21;94,000;0,333;1,500;10,159;42,000;15,676;57,676;GrrrrrGG;56,676
J21;94,000;0,333;1,500;10,159;42,000;15,676;57,676;GrrrrrGG;56,676
J21;94,000;0,333;1,500;10,159;42,000;15,676;57,676;GrrrrrGG;56,676
J21;94,000;0,500;0,833;7,992;42,000;0,000;42,000;GrrrrrGG;42,000
J21;95,000;0,500;0,833;7,992;42,000;0,000;42,000;GrrrrrGG;41,000
J21;95,000;0,500;0,833;7,992;42,000;0,000;42,000;GrrrrrGG;41,000
J21;95,000;0,500;0,833;7,992;42,000;0,000;42,000;GrrrrrGG;41,000
J21;95,000;0,500;0,833;7,992;42,000;0,000;42,000;GrrrrrGG;41,000
J21;95,000;0,500;0,833;7,992;42,000;0,000;42,000;GrrrrrGG;41,000
J21;95,000;0,500;0,833;7,992;42,000;0,000;42,000;GrrrrrGG;41,000
J21;95,000;0,500;0,833;7,992;42,000;0,000;42,000;GrrrrrGG;41,000
J21;95,000;0,500;0,833;7,992;42,000;0,000;42,000;GrrrrrGG;41,000
J21;95,000;0,500;0,833;7,992;42,000;0,000;42,000;GrrrrrGG;41,000
J21;95,000;0,500;0,833;7,992;42,000;0,000;42,000;GrrrrrGG;41,000
J21;95,000;0,500;0,833;7,992;42,000;-37,000;5,000;GrrrrrGG;4,000
J21;95,000;0,500;0,833;7,992;42,000;-37,000;5,000;GrrrrrGG;4,000
J21;95,000;0,500;0,833;7,992;42,000;-37,000;5,000;GrrrrrGG;4,000
J21;95,000;0,500;0,833;7,992;42,000;-37,000;5,000;GrrrrrGG;4,000
J21;95,000;0,500;0,833;7,992;42,000;-37,000;5,000;GrrrrrGG;4,000
J21;95,000;0,500;0,833;7,992;42,000;-37,000;5,000;GrrrrrGG;4,000
J21;95,000;0,500;0,833;7,992;3,000;1,000;4,000;Grrrrryy;3,000
J21;96,000;0,167;0,333;8,587;3,000;1,000;4,000;Grrrrryy;2,000
J21;96,000;0,167;0,333;8,587;3,000;1,000;4,000;Grrrrryy;2,000
J21;96,000;0,167;0,333;8,587;3,000;1,000;4,000;Grrrrryy;2,000
J21;96,000;0,167;0,333;8,587;3,000;1,000;4,000;Grrrrryy;2,000
J21;96,000;0,167;0,333;8,587;3,000;1,000;4,000;Grrrrryy;2,000
J21;96,000;0,167;0,333;8,587;3,000;1,000;4,000;Grrrrryy;2,000
J21;96,000;0,167;0,333;8,587;3,000;1,000;4,000;Grrrrryy;2,000
J21;96,000;0,167;0,333;8,587;3,000;1,000;4,000;Grrrrryy;2,000
J21;96,000;0,167;0,333;8,587;3,000;1,000;4,000;Grrrrryy;2,000
J21;96,000;0,167;0,333;8,587;3,000;1,000;4,000;Grrrrryy;2,000
J21;96,000;0,167;0,333;8,587;3,000;1,000;4,000;Grrrrryy;2,000
J21;96,000;0,167;0,333;8,587;3,000;1,000;4,000;Grrrrryy;2,000
J21;96,000;0,167;0,333;8,587;3,000;1,000;4,000;Grrrrryy;2,000
J21;96,000;0,167;0,333;8,587;3,000;1,000;4,000;Grrrrryy;2,000
J21;97,000;0,333;0,667;10,277;3,000;1,000;4,000;Grrrrryy;1,000
J21;97,000;0,333;0,667;10,277;3,000;1,000;4,000;Grrrrryy;1,000
J21;97,000;0,333;0,667;10,277;3,000;1,000;4,000;Grrrrryy;1,000
J21;97,000;0,333;0,667;10,277;3,000;1,000;4,000;Grrrrryy;1,000
J21;97,000;0,333;0,667;10,277;3,000;1,000;4,000;Grrrrryy;1,000
J21;97,000;0,333;0,667;10,277;3,000;1,000;4,000;Grrrrryy;1,000
J21;97,000;0,333;0,667;10,277;3,000;1,000;4,000;Grrrrryy;1,000
J21;97,000;0,333;0,667;10,277;3,000;1,000;4,000;Grrrrryy;1,000
J21;97,000;0,333;0,667;10,277;3,000;1,000;4,000;Grrrrryy;1,000
J21;97,000;0,333;0,667;10,277;3,000;1,000;4,000;Grrrrryy;1,000
J21;97,000;0,333;0,667;10,277;3,000;1,000;4,000;Grrrrryy;1,000
J21;97,000;0,333;0,667;10,277;3,000;1,000;4,000;Grrrrryy;1,000
J21;97,000;0,333;0,667;10,277;3,000;1,000;4,000;Grrrrryy;1,000
J21;97,000;0,333;1,000;10,123;3,000;1,000;4,000;Grrrrryy;1,000
J21;98,000;0,333;1,000;10,123;3,000;1,000;4,000;Grrrrryy;0,000
J21;98,000;0,333;1,000;10,123;3,000;1,000;4,000;Grrrrryy;0,000
J21;98,000;0,333;1,000;10,123;3,000;1,000;4,000;Grrrrryy;0,000
J21;98,000;0,333;1,000;10,123;3,000;1,000;4,000;Grrrrryy;0,000
J21;98,000;0,333;1,000;10,123;3,000;1,000;4,000;Grrrrryy;0,000
J21;98,000;0,333;1,000;10,123;3,000;1,000;4,000;Grrrrryy;0,000
J21;98,000;0,333;1,000;10,123;3,000;1,000;4,000;Grrrrryy;0,000
J21;98,000;0,333;1,000;10,123;3,000;1,000;4,000;Grrrrryy;0,000
J21;98,000;0,333;1,000;10,123;3,000;1,000;4,000;Grrrrryy;0,000
J21;98,000;0,333;1,000;10,123;3,000;1,000;4,000;Grrrrryy;0,000
J21;98,000;0,333;1,000;10,123;3,000;1,000;4,000;Grrrrryy;0,000
J21;98,000;0,333;1,000;10,123;3,000;1,000;4,000;Grrrrryy;0,000
J21;98,000;0,167;0,500;10,241;42,000;-32,000;10,000;GGGGGgrr;10,000
J21;99,000;0,167;0,500;10,241;42,000;-32,000;10,000;GGGGGgrr;9,000
J21;99,000;0,167;0,500;10,241;42,000;-32,000;10,000;GGGGGgrr;9,000
J21;99,000;0,167;0,500;10,241;42,000;-32,000;10,000;GGGGGgrr;9,000
J21;99,000;0,167;0,500;10,241;42,000;-32,000;10,000;GGGGGgrr;9,000
J21;99,000;0,167;0,500;10,241;42,000;-32,000;10,000;GGGGGgrr;9,000
J21;99,000;0,167;0,500;10,241;42,000;-32,000;10,000;GGGGGgrr;9,000
J21;99,000;0,167;0,500;10,241;42,000;-32,000;10,000;GGGGGgrr;9,000
J21;99,000;0,167;0,500;10,241;42,000;-32,000;10,000;GGGGGgrr;9,000
J21;99,000;0,167;0,500;10,241;42,000;-32,000;10,000;GGGGGgrr;9,000
J21;99,000;0,167;0,500;10,241;42,000;-32,000;10,000;GGGGGgrr;9,000
J21;99,000;0,167;0,500;10,241;42,000;-32,000;10,000;GGGGGgrr;9,000
J21;99,000;0,167;0,500;10,241;42,000;-37,000;5,000;GGGGGgrr;4,000
J21;99,000;0,167;0,500;10,241;42,000;-37,000;5,000;GGGGGgrr;4,000
J21;99,000;0,167;0,500;10,241;42,000;-37,000;5,000;GGGGGgrr;4,000
J21;100,000;0,333;0,833;10,372;42,000;-37,000;5,000;GGGGGgrr;3,000
J21;100,000;0,333;0,833;10,372;42,000;-37,000;5,000;GGGGGgrr;3,000
J21;100,000;0,333;0,833;10,372;42,000;-37,000;5,000;GGGGGgrr;3,000
J21;100,000;0,333;0,833;10,372;42,000;-37,000;5,000;GGGGGgrr;3,000
J21;100,000;0,333;0,833;10,372;42,000;-37,000;5,000;GGGGGgrr;3,000
J21;100,000;0,333;0,833;10,372;42,000;-37,000;5,000;GGGGGgrr;3,000
J21;100,000;0,333;0,833;10,372;42,000;-37,000;5,000;GGGGGgrr;3,000
J21;100,000;0,333;0,833;10,372;42,000;-37,000;5,000;GGGGGgrr;3,000
J21;100,000;0,333;0,833;10,372;42,000;-37,000;5,000;GGGGGgrr;3,000
J21;100,000;0,333;0,833;10,372;42,000;-37,000;5,000;GGGGGgrr;3,000
J21;100,000;0,333;0,833;10,372;42,000;-37,000;5,000;GGGGGgrr;3,000
J21;100,000;0,333;0,833;10,372;42,000;-37,000;5,000;GGGGGgrr;3,000
J21;100,000;0,333;0,833;10,372;42,000;-37,000;5,000;GGGGGgrr;3,000
J21;100,000;0,333;0,833;10,372;42,000;-37,000;5,000;GGGGGgrr;3,000
J21;100,000;0,333;0,833;10,372;42,000;-37,000;5,000;GGGGGgrr;3,000
J21;100,000;0,333;0,833;10,372;42,000;-36,000;6,000;GGGGGgrr;4,000
J21;100,000;0,333;0,833;10,372;42,000;-36,000;6,000;GGGGGgrr;4,000
J21;100,000;0,333;0,833;10,372;42,000;-36,000;6,000;GGGGGgrr;4,000
J21;100,000;0,333;0,833;10,372;42,000;-36,000;6,000;GGGGGgrr;4,000
J21;101,000;0,500;1,333;10,662;42,000;-36,000;6,000;GGGGGgrr;3,000
J21;101,000;0,500;1,333;10,662;42,000;-36,000;6,000;GGGGGgrr;3,000
J21;101,000;0,500;1,333;10,662;42,000;-36,000;6,000;GGGGGgrr;3,000
J21;101,000;0,500;1,333;10,662;42,000;-36,000;6,000;GGGGGgrr;3,000
J21;101,000;0,500;1,333;10,662;42,000;-36,000;6,000;GGGGGgrr;3,000
J21;101,000;0,500;1,333;10,662;42,000;-36,000;6,000;GGGGGgrr;3,000
J21;101,000;0,500;1,333;10,662;42,000;-36,000;6,000;GGGGGgrr;3,000
J21;101,000;0,500;1,333;10,662;42,000;-36,000;6,000;GGGGGgrr;3,000
J21;101,000;0,500;1,333;10,662;42,000;-36,000;6,000;GGGGGgrr;3,000
J21;101,000;0,500;1,333;10,662;42,000;-36,000;6,000;GGGGGgrr;3,000
J21;101,000;0,500;1,333;10,662;42,000;-36,000;6,000;GGGGGgrr;3,000
J21;101,000;0,500;1,333;10,662;42,000;-35,000;7,000;GGGGGgrr;4,000
J21;101,000;0,500;1,333;10,662;42,000;-35,000;7,000;GGGGGgrr;4,000
J21;101,000;0,500;1,333;10,662;42,000;-35,000;7,000;GGGGGgrr;4,000
J21;101,000;0,500;1,333;10,662;42,000;-35,000;7,000;GGGGGgrr;4,000
J21;101,000;0,500;1,333;10,662;42,000;-35,000;7,000;GGGGGgrr;4,000
J21;101,000;0,500;1,333;10,662;42,000;-35,000;7,000;GGGGGgrr;4,000
J21;101,000;0,667;1,833;8,975;42,000;-35,000;7,000;GGGGGgrr;4,000
J21;102,000;0,667;1,833;8,975;42,000;-35,000;7,000;GGGGGgrr;3,000
J21;102,000;0,667;1,833;8,975;42,000;-35,000;7,000;GGGGGgrr;3,000
J21;102,000;0,667;1,833;8,975;42,000;-35,000;7,000;GGGGGgrr;3,000
J21;102,000;0,667;1,833;8,975;42,000;-35,000;7,000;GGGGGgrr;3,000
J21;102,000;0,667;1,833;8,975;42,000;-35,000;7,000;GGGGGgrr;3,000
J21;102,000;0,667;1,833;8,975;42,000;-35,000;7,000;GGGGGgrr;3,000
J21;102,000;0,667;1,833;8,975;42,000;-35,000;7,000;GGGGGgrr;3,000
J21;102,000;0,667;1,833;8,975;42,000;-34,000;8,000;GGGGGgrr;4,000
J21;102,000;0,667;1,833;8,975;42,000;-34,000;8,000;GGGGGgrr;4,000
J21;102,000;0,667;1,833;8,975;42,000;-34,000;8,000;GGGGGgrr;4,000
J21;102,000;0,667;1,833;8,975;42,000;-34,000;8,000;GGGGGgrr;4,000
J21;102,000;0,667;1,833;8,975;42,000;-34,000;8,000;GGGGGgrr;4,000
J21;102,000;0,667;1,833;8,975;42,000;-34,000;8,000;GGGGGgrr;4,000
J21;102,000;0,667;2,500;9,011;42,000;-34,000;8,000;GGGGGgrr;4,000
J21;103,000;0,667;2,500;9,011;42,000;-34,000;8,000;GGGGGgrr;3,000
J21;103,000;0,667;2,500;9,011;42,000;-34,000;8,000;GGGGGgrr;3,000
J21;103,000;0,667;2,500;9,011;42,000;-34,000;8,000;GGGGGgrr;3,000
J21;103,000;0,667;2,500;9,011;42,000;-34,000;8,000;GGGGGgrr;3,000
J21;103,000;0,667;2,500;9,011;42,000;-34,000;8,000;GGGGGgrr;3,000
J21;103,000;0,667;2,500;9,011;42,000;-34,000;8,000;GGGGGgrr;3,000
J21;103,000;0,667;2,500;9,011;42,000;-33,000;9,000;GGGGGgrr;4,000
J21;103,000;0,667;2,500;9,011;42,000;-33,000;9,000;GGGGGgrr;4,000
J21;103,000;0,667;2,500;9,011;42,000;-33,000;9,000;GGGGGgrr;4,000
J21;103,000;0,667;2,500;9,011;42,000;-33,000;9,000;GGGGGgrr;4,000
J21;103,000;0,667;2,500;9,011;42,000;-33,000;9,000;GGGGGgrr;4,000
J21;104,000;0,667;3,167;10,421;42,000;-33,000;9,000;GGGGGgrr;3,000
J21;104,000;0,667;3,167;10,421;42,000;-33,000;9,000;GGGGGgrr;3,000
J21;104,000;0,667;3,167;10,421;42,000;-33,000;9,000;GGGGGgrr;3,000
J21;104,000;0,667;3,167;10,421;42,000;-33,000;9,000;GGGGGgrr;3,000
J21;104,000;0,667;3,167;10,421;42,000;-33,000;9,000;GGGGGgrr;3,000
J21;104,000;0,667;3,167;10,421;42,000;-33,000;9,000;GGGGGgrr;3,000
J21;104,000;0,667;3,167;10,421;42,000;-33,000;9,000;GGGGGgrr;3,000
J21;104,000;0,667;3,167;10,421;42,000;-33,000;9,000;GGGGGgrr;3,000
J21;104,000;0,667;3,167;10,421;42,000;-32,000;10,000;GGGGGgrr;4,000
J21;104,000;0,667;3,167;10,421;42,000;-32,000;10,000;GGGGGgrr;4,000
J21;104,000;0,667;3,167;10,421;42,000;-32,000;10,000;GGGGGgrr;4,000
J21;104,000;0,667;3,167;10,421;42,000;-32,000;10,000;GGGGGgrr;4,000
J21;104,000;0,667;3,167;10,421;42,000;-32,000;10,000;GGGGGgrr;4,000
J21;104,000;0,833;4,000;10,377;42,000;-32,000;10,000;GGGGGgrr;4,000
J21;105,000;0,833;4,000;10,377;42,000;-32,000;10,000;GGGGGgrr;3,000
J21;105,000;0,833;4,000;10,377;42,000;-32,000;10,000;GGGGGgrr;3,000
J21;105,000;0,833;4,000;10,377;42,000;-32,000;10,000;GGGGGgrr;3,000
J21;105,000;0,833;4,000;10,377;42,000;-32,000;10,000;GGGGGgrr;3,000
J21;105,000;0,833;4,000;10,377;42,000;-32,000;10,000;GGGGGgrr;3,000
J21;105,000;0,833;4,000;10,377;42,000;-32,000;10,000;GGGGGgrr;3,000
J21;105,000;0,833;4,000;10,377;42,000;-32,000;10,000;GGGGGgrr;3,000
J21;105,000;0,833;4,000;10,377;42,000;-31,000;11,000;GGGGGgrr;4,000
J21;105,000;0,833;4,000;10,377;42,000;-31,000;11,000;GGGGGgrr;4,000
J21;105,000;0,833;4,000;10,377;42,000;-31,000;11,000;GGGGGgrr;4,000
J21;105,000;0,833;4,000;10,377;42,000;-31,000;11,000;GGGGGgrr;4,000
J21;105,000;0,833;4,000;10,377;42,000;-31,000;11,000;GGGGGgrr;4,000
J21;105,000;1,000;5,000;10,706;42,000;-31,000;11,000;GGGGGgrr;4,000
J21;106,000;1,000;5,000;10,706;42,000;-31,000;11,000;GGGGGgrr;3,000
J21;106,000;1,000;5,000;10,706;42,000;-31,000;11,000;GGGGGgrr;3,000
J21;106,000;1,000;5,000;10,706;42,000;-31,000;11,000;GGGGGgrr;3,000
J21;106,000;1,000;5,000;10,706;42,000;-31,000;11,000;GGGGGgrr;3,000
J21;106,000;1,000;5,000;10,706;42,000;-31,000;11,000;GGGGGgrr;3,000
J21;106,000;1,000;5,000;10,706;42,000;-31,000;11,000;GGGGGgrr;3,000
J21;107,000;1,000;6,000;11,071;42,000;-30,000;12,000;GGGGGgrr;3,000
J21;107,000;1,000;6,000;11,071;42,000;-30,000;12,000;GGGGGgrr;3,000
J21;107,000;1,000;6,000;11,071;42,000;-30,000;12,000;GGGGGgrr;3,000
J21;107,000;1,000;6,000;11,071;42,000;-30,000;12,000;GGGGGgrr;3,000
J21;107,000;1,000;6,000;11,071;42,000;-29,000;13,000;GGGGGgrr;4,000
J21;107,000;1,000;6,000;11,071;42,000;-29,000;13,000;GGGGGgrr;4,000
J21;107,000;1,000;6,000;11,071;42,000;-29,000;13,000;GGGGGgrr;4,000
J21;108,000;1,167;7,167;11,337;42,000;-29,000;13,000;GGGGGgrr;3,000
J21;108,000;1,167;7,167;11,337;42,000;-29,000;13,000;GGGGGgrr;3,000
J21;108,000;1,167;7,167;11,337;42,000;-29,000;13,000;GGGGGgrr;3,000
J21;108,000;1,167;7,167;11,337;42,000;-28,000;14,000;GGGGGgrr;4,000
J21;108,000;1,167;7,167;11,337;42,000;-28,000;14,000;GGGGGgrr;4,000
J21;108,000;1,167;7,167;11,337;42,000;-28,000;14,000;GGGGGgrr;4,000
J21;108,000;1,333;8,333;9,406;42,000;-28,000;14,000;GGGGGgrr;4,000
J21;109,000;1,333;8,333;9,406;42,000;-28,000;14,000;GGGGGgrr;3,000
J21;109,000;1,333;8,333;9,406;42,000;-28,000;14,000;GGGGGgrr;3,000
J21;109,000;1,333;8,333;9,406;42,000;-28,000;14,000;GGGGGgrr;3,000
J21;109,000;1,333;8,333;9,406;42,000;-28,000;14,000;GGGGGgrr;3,000
J21;109,000;1,333;8,333;9,406;42,000;-28,000;14,000;GGGGGgrr;3,000
J21;109,000;1,333;8,333;9,406;42,000;-27,000;15,000;GGGGGgrr;4,000
J21;110,000;1,167;9,500;9,509;42,000;-27,000;15,000;GGGGGgrr;3,000
J21;110,000;1,167;9,500;9,509;42,000;-27,000;15,000;GGGGGgrr;3,000
J21;110,000;1,167;9,500;9,509;42,000;-27,000;15,000;GGGGGgrr;3,000
J21;110,000;1,167;9,500;9,509;42,000;-27,000;15,000;GGGGGgrr;3,000
J21;110,000;1,167;9,500;9,509;42,000;-27,000;15,000;GGGGGgrr;3,000
J21;110,000;1,167;9,500;9,509;42,000;-27,000;15,000;GGGGGgrr;3,000
J21;110,000;1,167;9,500;9,509;42,000;-27,000;15,000;GGGGGgrr;3,000
J21;110,000;1,167;9,500;9,509;42,000;-27,000;15,000;GGGGGgrr;3,000
J21;110,000;1,167;9,500;9,509;42,000;-26,000;16,000;GGGGGgrr;4,000
J21;110,000;1,167;9,500;9,509;42,000;-26,000;16,000;GGGGGgrr;4,000
J21;110,000;1,167;9,500;9,509;42,000;-26,000;16,000;GGGGGgrr;4,000
J21;110,000;1,167;9,500;9,509;42,000;-26,000;16,000;GGGGGgrr;4,000
J21;110,000;1,167;10,667;10,383;42,000;-26,000;16,000;GGGGGgrr;4,000
J21;111,000;1,167;10,667;10,383;42,000;-26,000;16,000;GGGGGgrr;3,000
J21;111,000;1,167;10,667;10,383;42,000;-26,000;16,000;GGGGGgrr;3,000
J21;111,000;1,167;10,667;10,383;42,000;-26,000;16,000;GGGGGgrr;3,000
J21;111,000;1,167;10,667;10,383;42,000;-26,000;16,000;GGGGGgrr;3,000
J21;111,000;1,167;10,667;10,383;42,000;-26,000;16,000;GGGGGgrr;3,000
J21;111,000;1,167;10,667;10,383;42,000;-26,000;16,000;GGGGGgrr;3,000
J21;111,000;1,167;10,667;10,383;42,000;-26,000;16,000;GGGGGgrr;3,000
J21;111,000;1,167;10,667;10,383;42,000;-26,000;16,000;GGGGGgrr;3,000
J21;111,000;1,167;10,667;10,383;42,000;-26,000;16,000;GGGGGgrr;3,000
J21;111,000;1,167;10,667;10,383;42,000;-26,000;16,000;GGGGGgrr;3,000
J21;111,000;1,167;10,667;10,383;42,000;-26,000;16,000;GGGGGgrr;3,000
J21;111,000;1,167;10,667;10,383;42,000;-26,000;16,000;GGGGGgrr;3,000
J21;111,000;1,167;10,667;10,383;42,000;-26,000;16,000;GGGGGgrr;3,000
J21;111,000;1,167;10,667;10,383;42,000;-26,000;16,000;GGGGGgrr;3,000
J21;111,000;1,167;10,667;10,383;42,000;-26,000;16,000;GGGGGgrr;3,000
J21;111,000;1,167;10,667;10,383;42,000;-26,000;16,000;GGGGGgrr;3,000
J21;112,000;1,167;11,833;10,337;42,000;-26,000;16,000;GGGGGgrr;2,000
J21;112,000;1,167;11,833;10,337;42,000;-26,000;16,000;GGGGGgrr;2,000
J21;112,000;1,167;11,833;10,337;42,000;-26,000;16,000;GGGGGgrr;2,000
J21;112,000;1,167;11,833;10,337;42,000;-26,000;16,000;GGGGGgrr;2,000
J21;112,000;1,167;11,833;10,337;42,000;-26,000;16,000;GGGGGgrr;2,000
J21;112,000;1,167;11,833;10,337;42,000;-26,000;16,000;GGGGGgrr;2,000
J21;112,000;1,167;11,833;10,337;42,000;-26,000;16,000;GGGGGgrr;2,000
J21;112,000;1,167;11,833;10,337;42,000;-26,000;16,000;GGGGGgrr;2,000
J21;112,000;1,167;11,833;10,337;42,000;-26,000;16,000;GGGGGgrr;2,000
J21;112,000;1,167;11,833;10,337;42,000;-26,000;16,000;GGGGGgrr;2,000
J21;112,000;1,167;11,833;10,337;42,000;-26,000;16,000;GGGGGgrr;2,000
J21;112,000;1,167;11,833;10,337;42,000;-26,398;15,602;GGGGGgrr;1,602
J21;112,000;1,167;11,833;10,337;42,000;-26,398;15,602;GGGGGgrr;1,602
J21;112,000;1,167;11,833;10,337;42,000;-26,398;15,602;GGGGGgrr;1,602
J21;112,000;1,167;11,833;10,337;42,000;-26,398;15,602;GGGGGgrr;1,602
J21;112,000;1,167;11,833;10,337;42,000;-26,398;15,602;GGGGGgrr;1,602
J21;112,000;1,167;11,833;10,337;42,000;-26,398;15,602;GGGGGgrr;1,602
J21;112,000;1,167;13,000;10,768;42,000;-26,398;15,602;GGGGGgrr;1,602
J32;1,000;0,100;0,000;12,501;13,000;0,000;13,000;rrrrrrrrrrrrrrrGGGGGGGrrrr;12,000
J32;1,000;0,100;0,000;12,501;13,000;0,000;13,000;rrrrrrrrrrrrrrrGGGGGGGrrrr;12,000
J32;1,000;0,100;0,000;12,501;13,000;0,000;13,000;rrrrrrrrrrrrrrrGGGGGGGrrrr;12,000
J32;1,000;0,100;0,000;12,501;13,000;0,000;13,000;rrrrrrrrrrrrrrrGGGGGGGrrrr;12,000
J32;1,000;0,100;0,000;12,501;13,000;0,000;13,000;rrrrrrrrrrrrrrrGGGGGGGrrrr;12,000
J32;1,000;0,100;0,000;12,501;13,000;0,000;13,000;rrrrrrrrrrrrrrrGGGGGGGrrrr;12,000
J32;1,000;0,100;0,000;12,501;13,000;0,000;13,000;rrrrrrrrrrrrrrrGGGGGGGrrrr;12,000
J32;1,000;0,000;0,000;12,737;6,000;4,000;10,000;rrrrrGGGrrrrrrrrrrrrrrrrrr;10,000
J32;2,000;0,000;0,000;12,737;6,000;4,000;10,000;rrrrrGGGrrrrrrrrrrrrrrrrrr;9,000
J32;2,000;0,000;0,000;12,737;6,000;4,000;10,000;rrrrrGGGrrrrrrrrrrrrrrrrrr;9,000
J32;2,000;0,000;0,000;12,737;6,000;4,000;10,000;rrrrrGGGrrrrrrrrrrrrrrrrrr;9,000
J32;2,000;0,000;0,000;12,737;6,000;4,000;10,000;rrrrrGGGrrrrrrrrrrrrrrrrrr;9,000
J32;2,000;0,000;0,000;12,737;6,000;4,000;10,000;rrrrrGGGrrrrrrrrrrrrrrrrrr;9,000
J32;2,000;0,000;0,000;12,737;6,000;4,000;10,000;rrrrrGGGrrrrrrrrrrrrrrrrrr;9,000
J32;2,000;0,000;0,000;12,737;6,000;4,000;10,000;rrrrrGGGrrrrrrrrrrrrrrrrrr;9,000
J32;2,000;0,000;0,000;12,737;6,000;4,000;10,000;rrrrrGGGrrrrrrrrrrrrrrrrrr;9,000
J32;2,000;0,000;0,000;12,737;6,000;4,000;10,000;rrrrrGGGrrrrrrrrrrrrrrrrrr;9,000
J32;2,000;0,000;0,000;12,737;6,000;4,000;10,000;rrrrrGGGrrrrrrrrrrrrrrrrrr;9,000
J32;2,000;0,000;0,000;12,737;6,000;4,000;10,000;rrrrrGGGrrrrrrrrrrrrrrrrrr;9,000
J32;2,000;0,000;0,000;12,737;6,000;4,000;10,000;rrrrrGGGrrrrrrrrrrrrrrrrrr;9,000
J32;2,000;0,000;0,000;12,737;6,000;4,000;10,000;rrrrrGGGrrrrrrrrrrrrrrrrrr;9,000
J32;2,000;0,000;0,000;12,737;6,000;-1,000;5,000;rrrrrGGGrrrrrrrrrrrrrrrrrr;4,000
J32;2,000;0,000;0,000;12,737;6,000;-1,000;5,000;rrrrrGGGrrrrrrrrrrrrrrrrrr;4,000
J32;2,000;0,000;0,000;12,737;6,000;-1,000;5,000;rrrrrGGGrrrrrrrrrrrrrrrrrr;4,000
J32;3,000;0,000;0,000;12,873;13,000;0,000;13,000;rrrrrrrrrrrrrrrGGGGGGGrrrr;12,000
J32;3,000;0,000;0,000;12,873;13,000;0,000;13,000;rrrrrrrrrrrrrrrGGGGGGGrrrr;12,000
J32;3,000;0,000;0,000;12,873;13,000;0,000;13,000;rrrrrrrrrrrrrrrGGGGGGGrrrr;12,000
J32;3,000;0,000;0,000;12,873;13,000;0,000;13,000;rrrrrrrrrrrrrrrGGGGGGGrrrr;12,000
J32;3,000;0,000;0,000;12,873;13,000;0,000;13,000;rrrrrrrrrrrrrrrGGGGGGGrrrr;12,000
J32;3,000;0,000;0,000;12,873;13,000;0,000;13,000;rrrrrrrrrrrrrrrGGGGGGGrrrr;12,000
J32;3,000;0,000;0,000;12,873;13,000;0,000;13,000;rrrrrrrrrrrrrrrGGGGGGGrrrr;12,000
J32;3,000;0,000;0,000;12,873;13,000;0,000;13,000;rrrrrrrrrrrrrrrGGGGGGGrrrr;12,000
J32;3,000;0,000;0,000;12,873;13,000;0,000;13,000;rrrrrrrrrrrrrrrGGGGGGGrrrr;12,000
J32;3,000;0,000;0,000;12,873;13,000;0,000;13,000;rrrrrrrrrrrrrrrGGGGGGGrrrr;12,000
J32;3,000;0,000;0,000;12,873;13,000;0,000;13,000;rrrrrrrrrrrrrrrGGGGGGGrrrr;12,000
J32;3,000;0,000;0,000;12,873;13,000;0,000;13,000;rrrrrrrrrrrrrrrGGGGGGGrrrr;12,000
J32;3,000;0,000;0,000;12,873;13,000;0,000;13,000;rrrrrrrrrrrrrrrGGGGGGGrrrr;12,000
J32;3,000;0,000;0,000;12,873;13,000;-8,000;5,000;rrrrrrrrrrrrrrrGGGGGGGrrrr;4,000
J32;3,000;0,000;0,000;12,873;13,000;-8,000;5,000;rrrrrrrrrrrrrrrGGGGGGGrrrr;4,000
J32;3,000;0,000;0,000;13,035;13,000;0,000;13,000;rrrrrrrrrrrrrrrGGGGGGGrrrr;13,000
J32;4,000;0,000;0,000;13,035;13,000;0,000;13,000;rrrrrrrrrrrrrrrGGGGGGGrrrr;12,000
J32;4,000;0,000;0,000;13,035;13,000;0,000;13,000;rrrrrrrrrrrrrrrGGGGGGGrrrr;12,000
J32;4,000;0,000;0,000;13,035;13,000;0,000;13,000;rrrrrrrrrrrrrrrGGGGGGGrrrr;12,000
J32;4,000;0,000;0,000;13,035;13,000;0,000;13,000;rrrrrrrrrrrrrrrGGGGGGGrrrr;12,000
J32;4,000;0,000;0,000;13,035;13,000;0,000;13,000;rrrrrrrrrrrrrrrGGGGGGGrrrr;12,000
J32;4,000;0,000;0,000;13,035;13,000;0,000;13,000;rrrrrrrrrrrrrrrGGGGGGGrrrr;12,000
J32;4,000;0,000;0,000;13,035;13,000;0,000;13,000;rrrrrrrrrrrrrrrGGGGGGGrrrr;12,000
J32;4,000;0,000;0,000;13,035;13,000;0,000;13,000;rrrrrrrrrrrrrrrGGGGGGGrrrr;12,000
J32;4,000;0,000;0,000;13,035;13,000;0,000;13,000;rrrrrrrrrrrrrrrGGGGGGGrrrr;12,000
J32;4,000;0,000;0,000;13,035;13,000;0,000;13,000;rrrrrrrrrrrrrrrGGGGGGGrrrr;12,000
J32;4,000;0,000;0,000;13,035;13,000;0,000;13,000;rrrrrrrrrrrrrrrGGGGGGGrrrr;12,000
J32;4,000;0,000;0,000;13,035;13,000;0,000;13,000;rrrrrrrrrrrrrrrGGGGGGGrrrr;12,000
J32;4,000;0,000;0,000;13,035;13,000;0,000;13,000;rrrrrrrrrrrrrrrGGGGGGGrrrr;12,000
J32;4,000;0,000;0,000;13,035;13,000;-8,000;5,000;rrrrrrrrrrrrrrrGGGGGGGrrrr;4,000
J32;4,000;0,000;0,000;13,035;13,000;-8,000;5,000;rrrrrrrrrrrrrrrGGGGGGGrrrr;4,000
J32;4,000;0,000;0,000;13,035;13,000;-8,000;5,000;rrrrrrrrrrrrrrrGGGGGGGrrrr;4,000
J32;5,000;0,000;0,000;13,208;13,000;0,000;13,000;rrrrrrrrrrrrrrrGGGGGGGrrrr;12,000
J32;5,000;0,000;0,000;13,208;13,000;0,000;13,000;rrrrrrrrrrrrrrrGGGGGGGrrrr;12,000
J32;5,000;0,000;0,000;13,208;13,000;0,000;13,000;rrrrrrrrrrrrrrrGGGGGGGrrrr;12,000
J32;5,000;0,000;0,000;13,208;13,000;0,000;13,000;rrrrrrrrrrrrrrrGGGGGGGrrrr;12,000
J32;5,000;0,000;0,000;13,208;13,000;0,000;13,000;rrrrrrrrrrrrrrrGGGGGGGrrrr;12,000
J32;5,000;0,000;0,000;13,208;13,000;0,000;13,000;rrrrrrrrrrrrrrrGGGGGGGrrrr;12,000
J32;5,000;0,000;0,000;13,208;13,000;0,000;13,000;rrrrrrrrrrrrrrrGGGGGGGrrrr;12,000
J32;5,000;0,000;0,000;13,208;13,000;0,000;13,000;rrrrrrrrrrrrrrrGGGGGGGrrrr;12,000
J32;5,000;0,000;0,000;13,208;13,000;0,000;13,000;rrrrrrrrrrrrrrrGGGGGGGrrrr;12,000
J32;5,000;0,000;0,000;13,208;13,000;-8,000;5,000;rrrrrrrrrrrrrrrGGGGGGGrrrr;4,000
J32;5,000;0,000;0,000;13,208;13,000;-8,000;5,000;rrrrrrrrrrrrrrrGGGGGGGrrrr;4,000
J32;5,000;0,000;0,000;13,208;13,000;-8,000;5,000;rrrrrrrrrrrrrrrGGGGGGGrrrr;4,000
J32;5,000;0,000;0,000;13,382;13,000;0,000;13,000;rrrrrrrrrrrrrrrGGGGGGGrrrr;13,000
J32;6,000;0,000;0,000;13,382;13,000;0,000;13,000;rrrrrrrrrrrrrrrGGGGGGGrrrr;12,000
J32;6,000;0,000;0,000;13,382;13,000;0,000;13,000;rrrrrrrrrrrrrrrGGGGGGGrrrr;12,000
J32;6,000;0,000;0,000;13,382;13,000;0,000;13,000;rrrrrrrrrrrrrrrGGGGGGGrrrr;12,000
J32;6,000;0,000;0,000;13,382;13,000;0,000;13,000;rrrrrrrrrrrrrrrGGGGGGGrrrr;12,000
J32;6,000;0,000;0,000;13,382;13,000;0,000;13,000;rrrrrrrrrrrrrrrGGGGGGGrrrr;12,000
J32;6,000;0,000;0,000;13,382;13,000;0,000;13,000;rrrrrrrrrrrrrrrGGGGGGGrrrr;12,000
J32;6,000;0,000;0,000;13,382;13,000;0,000;13,000;rrrrrrrrrrrrrrrGGGGGGGrrrr;12,000
J32;6,000;0,000;0,000;13,382;13,000;0,000;13,000;rrrrrrrrrrrrrrrGGGGGGGrrrr;12,000
J32;6,000;0,000;0,000;13,382;13,000;0,000;13,000;rrrrrrrrrrrrrrrGGGGGGGrrrr;12,000
J32;6,000;0,000;0,000;13,382;13,000;0,000;13,000;rrrrrrrrrrrrrrrGGGGGGGrrrr;12,000
J32;6,000;0,000;0,000;13,382;13,000;0,000;13,000;rrrrrrrrrrrrrrrGGGGGGGrrrr;12,000
J32;6,000;0,000;0,000;13,382;13,000;0,000;13,000;rrrrrrrrrrrrrrrGGGGGGGrrrr;12,000
J32;6,000;0,000;0,000;13,382;13,000;0,000;13,000;rrrrrrrrrrrrrrrGGGGGGGrrrr;12,000
J32;6,000;0,000;0,000;13,382;13,000;-8,000;5,000;rrrrrrrrrrrrrrrGGGGGGGrrrr;4,000
J32;6,000;0,000;0,000;13,382;13,000;-8,000;5,000;rrrrrrrrrrrrrrrGGGGGGGrrrr;4,000
J32;6,000;0,000;0,000;13,382;13,000;-8,000;5,000;rrrrrrrrrrrrrrrGGGGGGGrrrr;4,000
J32;6,000;0,000;0,000;13,382;13,000;-8,000;5,000;rrrrrrrrrrrrrrrGGGGGGGrrrr;4,000
J32;7,000;0,000;0,000;13,526;13,000;0,000;13,000;rrrrrrrrrrrrrrrGGGGGGGrrrr;12,000
J32;7,000;0,000;0,000;13,526;13,000;0,000;13,000;rrrrrrrrrrrrrrrGGGGGGGrrrr;12,000
J32;7,000;0,000;0,000;13,526;13,000;0,000;13,000;rrrrrrrrrrrrrrrGGGGGGGrrrr;12,000
J32;7,000;0,000;0,000;13,526;13,000;0,000;13,000;rrrrrrrrrrrrrrrGGGGGGGrrrr;12,000
J32;7,000;0,000;0,000;13,526;13,000;0,000;13,000;rrrrrrrrrrrrrrrGGGGGGGrrrr;12,000
J32;7,000;0,000;0,000;13,526;13,000;0,000;13,000;rrrrrrrrrrrrrrrGGGGGGGrrrr;12,000
J32;7,000;0,000;0,000;13,526;13,000;0,000;13,000;rrrrrrrrrrrrrrrGGGGGGGrrrr;12,000
J32;7,000;0,000;0,000;13,526;13,000;0,000;13,000;rrrrrrrrrrrrrrrGGGGGGGrrrr;12,000
J32;7,000;0,000;0,000;13,526;13,000;0,000;13,000;rrrrrrrrrrrrrrrGGGGGGGrrrr;12,000
J32;7,000;0,000;0,000;13,526;13,000;0,000;13,000;rrrrrrrrrrrrrrrGGGGGGGrrrr;12,000
J32;7,000;0,000;0,000;13,526;13,000;0,000;13,000;rrrrrrrrrrrrrrrGGGGGGGrrrr;12,000
J32;7,000;0,000;0,000;13,526;13,000;0,000;13,000;rrrrrrrrrrrrrrrGGGGGGGrrrr;12,000
J32;7,000;0,000;0,000;13,526;13,000;0,000;13,000;rrrrrrrrrrrrrrrGGGGGGGrrrr;12,000
J32;7,000;0,000;0,000;13,526;13,000;0,000;13,000;rrrrrrrrrrrrrrrGGGGGGGrrrr;12,000
J32;7,000;0,000;0,000;13,526;13,000;-8,000;5,000;rrrrrrrrrrrrrrrGGGGGGGrrrr;4,000
J32;7,000;0,000;0,000;13,526;13,000;-8,000;5,000;rrrrrrrrrrrrrrrGGGGGGGrrrr;4,000
J32;7,000;0,000;0,000;13,526;13,000;-8,000;5,000;rrrrrrrrrrrrrrrGGGGGGGrrrr;4,000
J32;7,000;0,000;0,000;13,526;13,000;-8,000;5,000;rrrrrrrrrrrrrrrGGGGGGGrrrr;4,000
J32;7,000;0,000;0,000;13,076;13,000;0,000;13,000;rrrrrrrrrrrrrrrGGGGGGGrrrr;13,000
J32;8,000;0,000;0,000;13,076;13,000;0,000;13,000;rrrrrrrrrrrrrrrGGGGGGGrrrr;12,000
J32;8,000;0,000;0,000;13,076;13,000;0,000;13,000;rrrrrrrrrrrrrrrGGGGGGGrrrr;12,000
J32;8,000;0,000;0,000;13,076;13,000;0,000;13,000;rrrrrrrrrrrrrrrGGGGGGGrrrr;12,000
J32;8,000;0,000;0,000;13,076;13,000;0,000;13,000;rrrrrrrrrrrrrrrGGGGGGGrrrr;12,000
J32;8,000;0,000;0,000;13,076;13,000;0,000;13,000;rrrrrrrrrrrrrrrGGGGGGGrrrr;12,000
J32;8,000;0,000;0,000;13,076;13,000;0,000;13,000;rrrrrrrrrrrrrrrGGGGGGGrrrr;12,000
J32;8,000;0,000;0,000;13,076;13,000;0,000;13,000;rrrrrrrrrrrrrrrGGGGGGGrrrr;12,000
J32;8,000;0,000;0,000;13,076;13,000;0,000;13,000;rrrrrrrrrrrrrrrGGGGGGGrrrr;12,000
J32;8,000;0,000;0,000;13,076;13,000;0,000;13,000;rrrrrrrrrrrrrrrGGGGGGGrrrr;12,000
J32;8,000;0,000;0,000;13,076;13,000;0,000;13,000;rrrrrrrrrrrrrrrGGGGGGGrrrr;12,000
J32;8,000;0,000;0,000;13,076;13,000;0,000;13,000;rrrrrrrrrrrrrrrGGGGGGGrrrr;12,000
J32;8,000;0,000;0,000;13,076;13,000;0,000;13,000;rrrrrrrrrrrrrrrGGGGGGGrrrr;12,000
J32;8,000;0,000;0,000;13,076;13,000;0,000;13,000;rrrrrrrrrrrrrrrGGGGGGGrrrr;12,000
J32;8,000;0,000;0,000;13,076;13,000;-8,000;5,000;rrrrrrrrrrrrrrrGGGGGGGrrrr;4,000
J32;8,000;0,000;0,000;13,076;13,000;-8,000;5,000;rrrrrrrrrrrrrrrGGGGGGGrrrr;4,000
J32;8,000;0,000;0,000;13,076;13,000;-8,000;5,000;rrrrrrrrrrrrrrrGGGGGGGrrrr;4,000
J32;8,000;0,100;0,000;12,601;13,000;0,000;13,000;rrrrrrrrrrrrrrrGGGGGGGrrrr;13,000
J32;9,000;0,100;0,000;12,601;13,000;0,000;13,000;rrrrrrrrrrrrrrrGGGGGGGrrrr;12,000
J32;9,000;0,100;0,000;12,601;13,000;0,000;13,000;rrrrrrrrrrrrrrrGGGGGGGrrrr;12,000
J32;9,000;0,100;0,000;12,601;13,000;0,000;13,000;rrrrrrrrrrrrrrrGGGGGGGrrrr;12,000
J32;9,000;0,100;0,000;12,601;13,000;0,000;13,000;rrrrrrrrrrrrrrrGGGGGGGrrrr;12,000
J32;9,000;0,100;0,000;12,601;13,000;0,000;13,000;rrrrrrrrrrrrrrrGGGGGGGrrrr;12,000
J32;9,000;0,100;0,000;12,601;13,000;0,000;13,000;rrrrrrrrrrrrrrrGGGGGGGrrrr;12,000
J32;9,000;0,100;0,000;12,601;13,000;0,000;13,000;rrrrrrrrrrrrrrrGGGGGGGrrrr;12,000
J32;9,000;0,100;0,000;12,601;13,000;0,000;13,000;rrrrrrrrrrrrrrrGGGGGGGrrrr;12,000
J32;9,000;0,100;0,000;12,601;13,000;0,000;13,000;rrrrrrrrrrrrrrrGGGGGGGrrrr;12,000
J32;9,000;0,100;0,000;12,601;13,000;0,000;13,000;rrrrrrrrrrrrrrrGGGGGGGrrrr;12,000
J32;9,000;0,100;0,000;12,601;13,000;0,000;13,000;rrrrrrrrrrrrrrrGGGGGGGrrrr;12,000
J32;9,000;0,100;0,000;12,601;13,000;0,000;13,000;rrrrrrrrrrrrrrrGGGGGGGrrrr;12,000
J32;9,000;0,000;0,000;12,611;13,000;0,000;13,000;rrrrrrrrrrrrrrrGGGGGGGrrrr;13,000
J32;10,000;0,000;0,000;12,611;13,000;0,000;13,000;rrrrrrrrrrrrrrrGGGGGGGrrrr;12,000
J32;10,000;0,000;0,000;12,611;13,000;0,000;13,000;rrrrrrrrrrrrrrrGGGGGGGrrrr;12,000
J32;10,000;0,000;0,000;12,611;13,000;0,000;13,000;rrrrrrrrrrrrrrrGGGGGGGrrrr;12,000
J32;10,000;0,000;0,000;12,611;13,000;0,000;13,000;rrrrrrrrrrrrrrrGGGGGGGrrrr;12,000
J32;10,000;0,000;0,000;12,611;13,000;0,000;13,000;rrrrrrrrrrrrrrrGGGGGGGrrrr;12,000
J32;10,000;0,000;0,000;12,611;13,000;0,000;13,000;rrrrrrrrrrrrrrrGGGGGGGrrrr;12,000
J32;10,000;0,000;0,000;12,611;13,000;0,000;13,000;rrrrrrrrrrrrrrrGGGGGGGrrrr;12,000
J32;10,000;0,000;0,000;12,611;13,000;0,000;13,000;rrrrrrrrrrrrrrrGGGGGGGrrrr;12,000
J32;10,000;0,000;0,000;12,611;13,000;0,000;13,000;rrrrrrrrrrrrrrrGGGGGGGrrrr;12,000
J32;10,000;0,000;0,000;12,611;13,000;0,000;13,000;rrrrrrrrrrrrrrrGGGGGGGrrrr;12,000
J32;10,000;0,000;0,000;12,611;13,000;0,000;13,000;rrrrrrrrrrrrrrrGGGGGGGrrrr;12,000
J32;10,000;0,000;0,000;12,611;13,000;0,000;13,000;rrrrrrrrrrrrrrrGGGGGGGrrrr;12,000
J32;10,000;0,000;0,000;12,611;13,000;0,000;13,000;rrrrrrrrrrrrrrrGGGGGGGrrrr;12,000
J32;10,000;0,000;0,000;12,611;13,000;-8,000;5,000;rrrrrrrrrrrrrrrGGGGGGGrrrr;4,000
J32;10,000;0,000;0,000;12,611;13,000;-8,000;5,000;rrrrrrrrrrrrrrrGGGGGGGrrrr;4,000
J32;10,000;0,000;0,100;12,679;13,000;0,000;13,000;rrrrrrrrrrrrrrrGGGGGGGrrrr;13,000
J32;11,000;0,100;0,100;12,679;13,000;0,000;13,000;rrrrrrrrrrrrrrrGGGGGGGrrrr;12,000
J32;11,000;0,100;0,100;12,679;13,000;0,000;13,000;rrrrrrrrrrrrrrrGGGGGGGrrrr;12,000
J32;11,000;0,100;0,100;12,679;13,000;0,000;13,000;rrrrrrrrrrrrrrrGGGGGGGrrrr;12,000
J32;11,000;0,100;0,100;12,679;13,000;0,000;13,000;rrrrrrrrrrrrrrrGGGGGGGrrrr;12,000
J32;11,000;0,100;0,100;12,679;13,000;0,000;13,000;rrrrrrrrrrrrrrrGGGGGGGrrrr;12,000
J32;11,000;0,100;0,100;12,679;13,000;0,000;13,000;rrrrrrrrrrrrrrrGGGGGGGrrrr;12,000
J32;11,000;0,100;0,100;12,679;13,000;0,000;13,000;rrrrrrrrrrrrrrrGGGGGGGrrrr;12,000
J32;11,000;0,100;0,100;12,679;13,000;0,000;13,000;rrrrrrrrrrrrrrrGGGGGGGrrrr;12,000
J32;11,000;0,100;0,100;12,679;13,000;0,000;13,000;rrrrrrrrrrrrrrrGGGGGGGrrrr;12,000
J32;11,000;0,100;0,100;12,679;13,000;0,000;13,000;rrrrrrrrrrrrrrrGGGGGGGrrrr;12,000
J32;11,000;0,100;0,100;12,679;13,000;0,000;13,000;rrrrrrrrrrrrrrrGGGGGGGrrrr;12,000
J32;11,000;0,100;0,100;12,679;13,000;0,000;13,000;rrrrrrrrrrrrrrrGGGGGGGrrrr;12,000
J32;11,000;0,100;0,100;12,679;13,000;0,000;13,000;rrrrrrrrrrrrrrrGGGGGGGrrrr;12,000
J32;11,000;0,100;0,100;12,679;13,000;0,000;13,000;rrrrrrrrrrrrrrrGGGGGGGrrrr;12,000
J32;11,000;0,000;0,000;13,057;6,000;4,000;10,000;rrrrrGGGrrrrrrrrrrrrrrrrrr;10,000
J32;12,000;0,000;0,000;13,057;6,000;4,000;10,000;rrrrrGGGrrrrrrrrrrrrrrrrrr;9,000
J32;12,000;0,000;0,000;13,057;6,000;4,000;10,000;rrrrrGGGrrrrrrrrrrrrrrrrrr;9,000
J32;12,000;0,000;0,000;13,057;6,000;4,000;10,000;rrrrrGGGrrrrrrrrrrrrrrrrrr;9,000
J32;12,000;0,000;0,000;13,057;6,000;4,000;10,000;rrrrrGGGrrrrrrrrrrrrrrrrrr;9,000
J32;12,000;0,000;0,000;13,057;6,000;4,000;10,000;rrrrrGGGrrrrrrrrrrrrrrrrrr;9,000
J32;12,000;0,000;0,000;13,057;6,000;4,000;10,000;rrrrrGGGrrrrrrrrrrrrrrrrrr;9,000
J32;12,000;0,000;0,000;13,057;6,000;4,000;10,000;rrrrrGGGrrrrrrrrrrrrrrrrrr;9,000
J32;12,000;0,000;0,000;13,057;6,000;4,000;10,000;rrrrrGGGrrrrrrrrrrrrrrrrrr;9,000
J32;12,000;0,000;0,000;13,057;6,000;4,000;10,000;rrrrrGGGrrrrrrrrrrrrrrrrrr;9,000
J32;12,000;0,000;0,000;13,057;6,000;4,000;10,000;rrrrrGGGrrrrrrrrrrrrrrrrrr;9,000
J32;12,000;0,000;0,000;13,057;6,000;4,000;10,000;rrrrrGGGrrrrrrrrrrrrrrrrrr;9,000
J32;12,000;0,000;0,000;13,057;6,000;4,000;10,000;rrrrrGGGrrrrrrrrrrrrrrrrrr;9,000
J32;12,000;0,000;0,000;13,057;6,000;4,000;10,000;rrrrrGGGrrrrrrrrrrrrrrrrrr;9,000
J32;12,000;0,000;0,000;13,057;6,000;-1,000;5,000;rrrrrGGGrrrrrrrrrrrrrrrrrr;4,000
J32;12,000;0,000;0,000;13,057;6,000;-1,000;5,000;rrrrrGGGrrrrrrrrrrrrrrrrrr;4,000
J32;12,000;0,000;0,000;13,057;6,000;-1,000;5,000;rrrrrGGGrrrrrrrrrrrrrrrrrr;4,000
J32;12,000;0,000;0,000;13,057;3,000;3,000;6,000;rrrrryyyrrrrrrrrrrrrrrrrrr;5,000
J32;13,000;0,000;0,000;13,316;3,000;3,000;6,000;rrrrryyyrrrrrrrrrrrrrrrrrr;4,000
J32;13,000;0,000;0,000;13,316;3,000;3,000;6,000;rrrrryyyrrrrrrrrrrrrrrrrrr;4,000
J32;13,000;0,000;0,000;13,316;3,000;3,000;6,000;rrrrryyyrrrrrrrrrrrrrrrrrr;4,000
J32;13,000;0,000;0,000;13,316;3,000;3,000;6,000;rrrrryyyrrrrrrrrrrrrrrrrrr;4,000
J32;13,000;0,000;0,000;13,316;3,000;3,000;6,000;rrrrryyyrrrrrrrrrrrrrrrrrr;4,000
J32;13,000;0,000;0,000;13,316;3,000;3,000;6,000;rrrrryyyrrrrrrrrrrrrrrrrrr;4,000
J32;13,000;0,000;0,000;13,316;3,000;3,000;6,000;rrrrryyyrrrrrrrrrrrrrrrrrr;4,000
J32;13,000;0,000;0,000;13,316;3,000;3,000;6,000;rrrrryyyrrrrrrrrrrrrrrrrrr;4,000
J32;13,000;0,000;0,000;13,316;3,000;3,000;6,000;rrrrryyyrrrrrrrrrrrrrrrrrr;4,000
J32;13,000;0,000;0,000;13,316;3,000;3,000;6,000;rrrrryyyrrrrrrrrrrrrrrrrrr;4,000
J32;13,000;0,000;0,000;13,316;3,000;3,000;6,000;rrrrryyyrrrrrrrrrrrrrrrrrr;4,000
J32;13,000;0,000;0,000;13,316;3,000;3,000;6,000;rrrrryyyrrrrrrrrrrrrrrrrrr;4,000
J32;13,000;0,000;0,000;13,316;3,000;3,000;6,000;rrrrryyyrrrrrrrrrrrrrrrrrr;4,000
J32;13,000;0,000;0,000;13,316;3,000;3,000;6,000;rrrrryyyrrrrrrrrrrrrrrrrrr;4,000
J32;13,000;0,000;0,000;13,316;3,000;3,000;6,000;rrrrryyyrrrrrrrrrrrrrrrrrr;4,000
J32;13,000;0,000;0,000;13,316;3,000;3,000;6,000;rrrrryyyrrrrrrrrrrrrrrrrrr;4,000
J32;14,000;0,000;0,000;13,463;13,000;0,000;13,000;rrrrrrrrrrrrrrrGGGGGGGrrrr;12,000
J32;14,000;0,000;0,000;13,463;13,000;0,000;13,000;rrrrrrrrrrrrrrrGGGGGGGrrrr;12,000
J32;14,000;0,000;0,000;13,463;13,000;0,000;13,000;rrrrrrrrrrrrrrrGGGGGGGrrrr;12,000
J32;14,000;0,000;0,000;13,463;13,000;0,000;13,000;rrrrrrrrrrrrrrrGGGGGGGrrrr;12,000
J32;14,000;0,000;0,000;13,463;13,000;0,000;13,000;rrrrrrrrrrrrrrrGGGGGGGrrrr;12,000
J32;14,000;0,000;0,000;13,463;13,000;0,000;13,000;rrrrrrrrrrrrrrrGGGGGGGrrrr;12,000
J32;14,000;0,000;0,000;13,463;13,000;0,000;13,000;rrrrrrrrrrrrrrrGGGGGGGrrrr;12,000
J32;14,000;0,000;0,000;13,463;13,000;0,000;13,000;rrrrrrrrrrrrrrrGGGGGGGrrrr;12,000
J32;14,000;0,000;0,000;13,463;13,000;0,000;13,000;rrrrrrrrrrrrrrrGGGGGGGrrrr;12,000
J32;14,000;0,000;0,000;13,463;13,000;0,000;13,000;rrrrrrrrrrrrrrrGGGGGGGrrrr;12,000
J32;14,000;0,000;0,000;13,463;13,000;0,000;13,000;rrrrrrrrrrrrrrrGGGGGGGrrrr;12,000
J32;14,000;0,000;0,000;13,463;13,000;0,000;13,000;rrrrrrrrrrrrrrrGGGGGGGrrrr;12,000
J32;14,000;0,000;0,000;13,463;13,000;-8,000;5,000;rrrrrrrrrrrrrrrGGGGGGGrrrr;4,000
J32;14,000;0,000;0,000;13,463;13,000;-8,000;5,000;rrrrrrrrrrrrrrrGGGGGGGrrrr;4,000
J32;14,000;0,000;0,000;13,463;13,000;-8,000;5,000;rrrrrrrrrrrrrrrGGGGGGGrrrr;4,000
J32;15,000;0,000;0,000;13,416;13,000;0,000;13,000;rrrrrrrrrrrrrrrGGGGGGGrrrr;12,000
J32;15,000;0,000;0,000;13,416;13,000;0,000;13,000;rrrrrrrrrrrrrrrGGGGGGGrrrr;12,000
J32;15,000;0,000;0,000;13,416;13,000;0,000;13,000;rrrrrrrrrrrrrrrGGGGGGGrrrr;12,000
J32;15,000;0,000;0,000;13,416;13,000;0,000;13,000;rrrrrrrrrrrrrrrGGGGGGGrrrr;12,000
J32;15,000;0,000;0,000;13,416;13,000;0,000;13,000;rrrrrrrrrrrrrrrGGGGGGGrrrr;12,000
J32;15,000;0,000;0,000;13,416;13,000;0,000;13,000;rrrrrrrrrrrrrrrGGGGGGGrrrr;12,000
J32;15,000;0,000;0,000;13,416;13,000;0,000;13,000;rrrrrrrrrrrrrrrGGGGGGGrrrr;12,000
J32;15,000;0,000;0,000;13,416;13,000;0,000;13,000;rrrrrrrrrrrrrrrGGGGGGGrrrr;12,000
J32;15,000;0,000;0,000;13,416;13,000;0,000;13,000;rrrrrrrrrrrrrrrGGGGGGGrrrr;12,000
J32;15,000;0,000;0,000;13,416;13,000;0,000;13,000;rrrrrrrrrrrrrrrGGGGGGGrrrr;12,000
J32;15,000;0,000;0,000;13,416;13,000;0,000;13,000;rrrrrrrrrrrrrrrGGGGGGGrrrr;12,000
J32;15,000;0,000;0,000;13,416;13,000;0,000;13,000;rrrrrrrrrrrrrrrGGGGGGGrrrr;12,000
J32;15,000;0,000;0,000;13,416;13,000;0,000;13,000;rrrrrrrrrrrrrrrGGGGGGGrrrr;12,000
J32;15,000;0,000;0,000;13,416;13,000;-8,000;5,000;rrrrrrrrrrrrrrrGGGGGGGrrrr;4,000
J32;15,000;0,000;0,000;13,416;13,000;-8,000;5,000;rrrrrrrrrrrrrrrGGGGGGGrrrr;4,000
J32;15,000;0,000;0,000;13,416;13,000;-8,000;5,000;rrrrrrrrrrrrrrrGGGGGGGrrrr;4,000
J32;16,000;0,100;0,000;12,750;13,000;0,000;13,000;rrrrrrrrrrrrrrrGGGGGGGrrrr;12,000
J32;16,000;0,100;0,000;12,750;13,000;0,000;13,000;rrrrrrrrrrrrrrrGGGGGGGrrrr;12,000
J32;16,000;0,100;0,000;12,750;13,000;0,000;13,000;rrrrrrrrrrrrrrrGGGGGGGrrrr;12,000
J32;16,000;0,100;0,000;12,750;13,000;0,000;13,000;rrrrrrrrrrrrrrrGGGGGGGrrrr;12,000
J32;16,000;0,100;0,000;12,750;13,000;0,000;13,000;rrrrrrrrrrrrrrrGGGGGGGrrrr;12,000
J32;16,000;0,100;0,000;12,750;13,000;0,000;13,000;rrrrrrrrrrrrrrrGGGGGGGrrrr;12,000
J32;16,000;0,100;0,000;12,750;13,000;0,000;13,000;rrrrrrrrrrrrrrrGGGGGGGrrrr;12,000
J32;16,000;0,100;0,000;12,750;13,000;0,000;13,000;rrrrrrrrrrrrrrrGGGGGGGrrrr;12,000
J32;16,000;0,100;0,000;12,750;13,000;0,000;13,000;rrrrrrrrrrrrrrrGGGGGGGrrrr;12,000
J32;16,000;0,100;0,000;12,750;13,000;0,000;13,000;rrrrrrrrrrrrrrrGGGGGGGrrrr;12,000
J32;16,000;0,100;0,000;12,750;13,000;0,000;13,000;rrrrrrrrrrrrrrrGGGGGGGrrrr;12,000
J32;16,000;0,100;0,000;12,750;13,000;0,000;13,000;rrrrrrrrrrrrrrrGGGGGGGrrrr;12,000
J32;16,000;0,100;0,000;12,750;13,000;0,000;13,000;rrrrrrrrrrrrrrrGGGGGGGrrrr;12,000
J32;16,000;0,100;0,000;12,750;13,000;0,000;13,000;rrrrrrrrrrrrrrrGGGGGGGrrrr;13,000
J32;17,000;0,000;0,000;12,651;13,000;0,000;13,000;rrrrrrrrrrrrrrrGGGGGGGrrrr;12,000
J32;17,000;0,000;0,000;12,651;13,000;0,000;13,000;rrrrrrrrrrrrrrrGGGGGGGrrrr;12,000
J32;17,000;0,000;0,000;12,651;13,000;0,000;13,000;rrrrrrrrrrrrrrrGGGGGGGrrrr;12,000
J32;17,000;0,000;0,000;12,651;13,000;0,000;13,000;rrrrrrrrrrrrrrrGGGGGGGrrrr;12,000
J32;17,000;0,000;0,000;12,651;13,000;0,000;13,000;rrrrrrrrrrrrrrrGGGGGGGrrrr;12,000
J32;17,000;0,000;0,000;12,651;13,000;0,000;13,000;rrrrrrrrrrrrrrrGGGGGGGrrrr;12,000
J32;17,000;0,000;0,000;12,651;13,000;0,000;13,000;rrrrrrrrrrrrrrrGGGGGGGrrrr;12,000
J32;17,000;0,000;0,000;12,651;13,000;0,000;13,000;rrrrrrrrrrrrrrrGGGGGGGrrrr;12,000
J32;17,000;0,000;0,000;12,651;13,000;0,000;13,000;rrrrrrrrrrrrrrrGGGGGGGrrrr;12,000
J32;17,000;0,000;0,000;12,651;13,000;0,000;13,000;rrrrrrrrrrrrrrrGGGGGGGrrrr;12,000
J32;17,000;0,000;0,000;12,651;13,000;0,000;13,000;rrrrrrrrrrrrrrrGGGGGGGrrrr;12,000
J32;17,000;0,000;0,000;12,651;13,000;0,000;13,000;rrrrrrrrrrrrrrrGGGGGGGrrrr;12,000
J32;17,000;0,000;0,000;12,651;13,000;0,000;13,000;rrrrrrrrrrrrrrrGGGGGGGrrrr;12,000
J32;17,000;0,000;0,000;12,651;13,000;-8,000;5,000;rrrrrrrrrrrrrrrGGGGGGGrrrr;4,000
J32;17,000;0,000;0,000;12,651;13,000;-8,000;5,000;rrrrrrrrrrrrrrrGGGGGGGrrrr;4,000
J32;17,000;0,000;0,000;12,651;13,000;-8,000;5,000;rrrrrrrrrrrrrrrGGGGGGGrrrr;4,000
J32;17,000;0,000;0,000;12,651;13,000;-8,000;5,000;rrrrrrrrrrrrrrrGGGGGGGrrrr;4,000
J32;18,000;0,000;0,000;12,732;13,000;0,000;13,000;rrrrrrrrrrrrrrrGGGGGGGrrrr;12,000
J32;18,000;0,000;0,000;12,732;13,000;0,000;13,000;rrrrrrrrrrrrrrrGGGGGGGrrrr;12,000
J32;18,000;0,000;0,000;12,732;13,000;0,000;13,000;rrrrrrrrrrrrrrrGGGGGGGrrrr;12,000
J32;18,000;0,000;0,000;12,732;13,000;0,000;13,000;rrrrrrrrrrrrrrrGGGGGGGrrrr;12,000
J32;18,000;0,000;0,000;12,732;13,000;0,000;13,000;rrrrrrrrrrrrrrrGGGGGGGrrrr;12,000
J32;18,000;0,000;0,000;12,732;13,000;0,000;13,000;rrrrrrrrrrrrrrrGGGGGGGrrrr;12,000
J32;18,000;0,000;0,000;12,732;13,000;0,000;13,000;rrrrrrrrrrrrrrrGGGGGGGrrrr;12,000
J32;18,000;0,000;0,000;12,732;13,000;0,000;13,000;rrrrrrrrrrrrrrrGGGGGGGrrrr;12,000
J32;18,000;0,000;0,000;12,732;13,000;0,000;13,000;rrrrrrrrrrrrrrrGGGGGGGrrrr;12,000
J32;18,000;0,000;0,000;12,732;13,000;0,000;13,000;rrrrrrrrrrrrrrrGGGGGGGrrrr;12,000
J32;18,000;0,000;0,000;12,732;13,000;0,000;13,000;rrrrrrrrrrrrrrrGGGGGGGrrrr;12,000
J32;18,000;0,000;0,000;12,732;13,000;0,000;13,000;rrrrrrrrrrrrrrrGGGGGGGrrrr;12,000
J32;18,000;0,000;0,000;12,732;13,000;0,000;13,000;rrrrrrrrrrrrrrrGGGGGGGrrrr;12,000
J32;18,000;0,000;0,000;12,732;13,000;-8,000;5,000;rrrrrrrrrrrrrrrGGGGGGGrrrr;4,000
J32;18,000;0,000;0,000;12,732;13,000;-8,000;5,000;rrrrrrrrrrrrrrrGGGGGGGrrrr;4,000
J32;18,000;0,000;0,000;12,732;13,000;-8,000;5,000;rrrrrrrrrrrrrrrGGGGGGGrrrr;4,000
J32;18,000;0,000;0,000;12,794;13,000;0,000;13,000;rrrrrrrrrrrrrrrGGGGGGGrrrr;13,000
J32;19,000;0,000;0,000;12,794;13,000;0,000;13,000;rrrrrrrrrrrrrrrGGGGGGGrrrr;12,000
J32;19,000;0,000;0,000;12,794;13,000;0,000;13,000;rrrrrrrrrrrrrrrGGGGGGGrrrr;12,000
J32;19,000;0,000;0,000;12,794;13,000;0,000;13,000;rrrrrrrrrrrrrrrGGGGGGGrrrr;12,000
J32;19,000;0,000;0,000;12,794;13,000;0,000;13,000;rrrrrrrrrrrrrrrGGGGGGGrrrr;12,000
J32;19,000;0,000;0,000;12,794;13,000;0,000;13,000;rrrrrrrrrrrrrrrGGGGGGGrrrr;12,000
J32;19,000;0,000;0,000;12,794;13,000;0,000;13,000;rrrrrrrrrrrrrrrGGGGGGGrrrr;12,000
J32;19,000;0,000;0,000;12,794;13,000;0,000;13,000;rrrrrrrrrrrrrrrGGGGGGGrrrr;12,000
J32;19,000;0,000;0,000;12,794;13,000;0,000;13,000;rrrrrrrrrrrrrrrGGGGGGGrrrr;12,000
J32;19,000;0,000;0,000;12,794;13,000;0,000;13,000;rrrrrrrrrrrrrrrGGGGGGGrrrr;12,000
J32;19,000;0,000;0,000;12,794;13,000;0,000;13,000;rrrrrrrrrrrrrrrGGGGGGGrrrr;12,000
J32;19,000;0,000;0,000;12,794;13,000;0,000;13,000;rrrrrrrrrrrrrrrGGGGGGGrrrr;12,000
J32;19,000;0,000;0,000;12,794;13,000;-8,000;5,000;rrrrrrrrrrrrrrrGGGGGGGrrrr;4,000
J32;19,000;0,000;0,000;12,794;13,000;-8,000;5,000;rrrrrrrrrrrrrrrGGGGGGGrrrr;4,000
J32;19,000;0,000;0,000;12,794;13,000;-8,000;5,000;rrrrrrrrrrrrrrrGGGGGGGrrrr;4,000
J32;19,000;0,100;0,100;12,917;13,000;0,000;13,000;rrrrrrrrrrrrrrrGGGGGGGrrrr;13,000
J32;20,000;0,100;0,100;12,917;13,000;0,000;13,000;rrrrrrrrrrrrrrrGGGGGGGrrrr;12,000
J32;20,000;0,100;0,100;12,917;13,000;0,000;13,000;rrrrrrrrrrrrrrrGGGGGGGrrrr;12,000
J32;20,000;0,100;0,100;12,917;13,000;0,000;13,000;rrrrrrrrrrrrrrrGGGGGGGrrrr;12,000
J32;20,000;0,100;0,100;12,917;13,000;0,000;13,000;rrrrrrrrrrrrrrrGGGGGGGrrrr;12,000
J32;20,000;0,100;0,100;12,917;13,000;0,000;13,000;rrrrrrrrrrrrrrrGGGGGGGrrrr;12,000
J32;20,000;0,100;0,100;12,917;13,000;0,000;13,000;rrrrrrrrrrrrrrrGGGGGGGrrrr;12,000
J32;20,000;0,100;0,100;12,917;13,000;0,000;13,000;rrrrrrrrrrrrrrrGGGGGGGrrrr;12,000
J32;20,000;0,100;0,100;12,917;13,000;0,000;13,000;rrrrrrrrrrrrrrrGGGGGGGrrrr;12,000
J32;20,000;0,100;0,100;12,917;13,000;0,000;13,000;rrrrrrrrrrrrrrrGGGGGGGrrrr;12,000
J32;20,000;0,100;0,100;12,917;13,000;0,000;13,000;rrrrrrrrrrrrrrrGGGGGGGrrrr;12,000
J32;20,000;0,100;0,100;12,917;13,000;0,000;13,000;rrrrrrrrrrrrrrrGGGGGGGrrrr;12,000
J32;20,000;0,100;0,100;12,917;13,000;0,000;13,000;rrrrrrrrrrrrrrrGGGGGGGrrrr;12,000
J32;20,000;0,100;0,100;12,917;13,000;0,000;13,000;rrrrrrrrrrrrrrrGGGGGGGrrrr;12,000
J32;20,000;0,100;0,100;12,917;13,000;0,000;13,000;rrrrrrrrrrrrrrrGGGGGGGrrrr;12,000
J32;20,000;0,100;0,100;12,917;13,000;0,000;13,000;rrrrrrrrrrrrrrrGGGGGGGrrrr;12,000
J32;20,000;0,100;0,100;12,917;13,000;0,000;13,000;rrrrrrrrrrrrrrrGGGGGGGrrrr;12,000
J32;21,000;0,100;0,200;13,002;13,000;0,000;13,000;rrrrrrrrrrrrrrrGGGGGGGrrrr;12,000
J32;21,000;0,100;0,200;13,002;13,000;0,000;13,000;rrrrrrrrrrrrrrrGGGGGGGrrrr;12,000
J32;21,000;0,100;0,200;13,002;13,000;0,000;13,000;rrrrrrrrrrrrrrrGGGGGGGrrrr;12,000
J32;21,000;0,100;0,200;13,002;13,000;0,000;13,000;rrrrrrrrrrrrrrrGGGGGGGrrrr;12,000
J32;21,000;0,100;0,200;13,002;13,000;0,000;13,000;rrrrrrrrrrrrrrrGGGGGGGrrrr;12,000
J32;21,000;0,100;0,200;13,002;13,000;0,000;13,000;rrrrrrrrrrrrrrrGGGGGGGrrrr;12,000
J32;21,000;0,100;0,200;13,002;13,000;0,000;13,000;rrrrrrrrrrrrrrrGGGGGGGrrrr;12,000
J32;21,000;0,100;0,200;13,002;13,000;0,000;13,000;rrrrrrrrrrrrrrrGGGGGGGrrrr;12,000
J32;21,000;0,100;0,200;13,002;13,000;0,000;13,000;rrrrrrrrrrrrrrrGGGGGGGrrrr;12,000
J32;21,000;0,100;0,200;13,002;13,000;0,000;13,000;rrrrrrrrrrrrrrrGGGGGGGrrrr;12,000
J32;21,000;0,100;0,200;13,002;13,000;0,000;13,000;rrrrrrrrrrrrrrrGGGGGGGrrrr;12,000
J32;21,000;0,100;0,200;13,002;13,000;0,000;13,000;rrrrrrrrrrrrrrrGGGGGGGrrrr;12,000
J32;21,000;0,100;0,200;13,002;13,000;0,000;13,000;rrrrrrrrrrrrrrrGGGGGGGrrrr;12,000
J32;21,000;0,100;0,200;13,002;13,000;0,000;13,000;rrrrrrrrrrrrrrrGGGGGGGrrrr;12,000
J32;21,000;0,100;0,200;13,002;13,000;0,000;13,000;rrrrrrrrrrrrrrrGGGGGGGrrrr;12,000
J32;21,000;0,100;0,200;13,002;13,000;0,000;13,000;rrrrrrrrrrrrrrrGGGGGGGrrrr;12,000
J32;21,000;0,100;0,300;12,782;13,000;0,000;13,000;rrrrrrrrrrrrrrrGGGGGGGrrrr;13,000
J32;22,000;0,100;0,300;12,782;13,000;0,000;13,000;rrrrrrrrrrrrrrrGGGGGGGrrrr;12,000
J32;22,000;0,100;0,300;12,782;13,000;0,000;13,000;rrrrrrrrrrrrrrrGGGGGGGrrrr;12,000
J32;22,000;0,100;0,300;12,782;13,000;0,000;13,000;rrrrrrrrrrrrrrrGGGGGGGrrrr;12,000
J32;22,000;0,100;0,300;12,782;13,000;0,000;13,000;rrrrrrrrrrrrrrrGGGGGGGrrrr;12,000
J32;22,000;0,100;0,300;12,782;13,000;0,000;13,000;rrrrrrrrrrrrrrrGGGGGGGrrrr;12,000
J32;22,000;0,100;0,300;12,782;13,000;0,000;13,000;rrrrrrrrrrrrrrrGGGGGGGrrrr;12,000
J32;22,000;0,100;0,300;12,782;13,000;0,000;13,000;rrrrrrrrrrrrrrrGGGGGGGrrrr;12,000
J32;22,000;0,100;0,300;12,782;13,000;0,000;13,000;rrrrrrrrrrrrrrrGGGGGGGrrrr;12,000
J32;22,000;0,100;0,300;12,782;13,000;0,000;13,000;rrrrrrrrrrrrrrrGGGGGGGrrrr;12,000
J32;22,000;0,100;0,300;12,782;13,000;0,000;13,000;rrrrrrrrrrrrrrrGGGGGGGrrrr;12,000
J32;22,000;0,100;0,300;12,782;13,000;0,000;13,000;rrrrrrrrrrrrrrrGGGGGGGrrrr;12,000
J32;22,000;0,100;0,300;12,782;13,000;0,000;13,000;rrrrrrrrrrrrrrrGGGGGGGrrrr;12,000
J32;22,000;0,100;0,300;12,782;13,000;0,000;13,000;rrrrrrrrrrrrrrrGGGGGGGrrrr;12,000
J32;22,000;0,100;0,300;12,782;13,000;0,000;13,000;rrrrrrrrrrrrrrrGGGGGGGrrrr;12,000
J32;23,000;0,200;0,400;12,604;13,000;0,000;13,000;rrrrrrrrrrrrrrrGGGGGGGrrrr;12,000
J32;23,000;0,200;0,400;12,604;13,000;0,000;13,000;rrrrrrrrrrrrrrrGGGGGGGrrrr;12,000
J32;23,000;0,200;0,400;12,604;13,000;0,000;13,000;rrrrrrrrrrrrrrrGGGGGGGrrrr;12,000
J32;23,000;0,200;0,400;12,604;13,000;0,000;13,000;rrrrrrrrrrrrrrrGGGGGGGrrrr;12,000
J32;23,000;0,200;0,400;12,604;13,000;0,000;13,000;rrrrrrrrrrrrrrrGGGGGGGrrrr;12,000
J32;23,000;0,200;0,400;12,604;13,000;0,000;13,000;rrrrrrrrrrrrrrrGGGGGGGrrrr;12,000
J32;23,000;0,200;0,400;12,604;13,000;0,000;13,000;rrrrrrrrrrrrrrrGGGGGGGrrrr;12,000
J32;23,000;0,200;0,400;12,604;13,000;0,000;13,000;rrrrrrrrrrrrrrrGGGGGGGrrrr;12,000
J32;23,000;0,200;0,400;12,604;13,000;0,000;13,000;rrrrrrrrrrrrrrrGGGGGGGrrrr;12,000
J32;23,000;0,200;0,400;12,604;13,000;0,000;13,000;rrrrrrrrrrrrrrrGGGGGGGrrrr;12,000
J32;23,000;0,200;0,400;12,604;13,000;0,000;13,000;rrrrrrrrrrrrrrrGGGGGGGrrrr;12,000
J32;23,000;0,200;0,400;12,604;13,000;0,000;13,000;rrrrrrrrrrrrrrrGGGGGGGrrrr;12,000
J32;23,000;0,200;0,400;12,604;13,000;0,000;13,000;rrrrrrrrrrrrrrrGGGGGGGrrrr;12,000
J32;23,000;0,200;0,400;12,604;13,000;0,000;13,000;rrrrrrrrrrrrrrrGGGGGGGrrrr;12,000
J32;24,000;0,200;0,600;12,549;13,000;0,000;13,000;rrrrrrrrrrrrrrrGGGGGGGrrrr;12,000
J32;24,000;0,200;0,600;12,549;13,000;0,000;13,000;rrrrrrrrrrrrrrrGGGGGGGrrrr;12,000
J32;24,000;0,200;0,600;12,549;13,000;0,000;13,000;rrrrrrrrrrrrrrrGGGGGGGrrrr;12,000
J32;24,000;0,200;0,600;12,549;13,000;0,000;13,000;rrrrrrrrrrrrrrrGGGGGGGrrrr;12,000
J32;24,000;0,200;0,600;12,549;13,000;0,000;13,000;rrrrrrrrrrrrrrrGGGGGGGrrrr;12,000
J32;24,000;0,200;0,600;12,549;13,000;0,000;13,000;rrrrrrrrrrrrrrrGGGGGGGrrrr;12,000
J32;24,000;0,200;0,600;12,549;13,000;0,000;13,000;rrrrrrrrrrrrrrrGGGGGGGrrrr;12,000
J32;24,000;0,200;0,600;12,549;13,000;0,000;13,000;rrrrrrrrrrrrrrrGGGGGGGrrrr;12,000
J32;24,000;0,200;0,600;12,549;13,000;0,000;13,000;rrrrrrrrrrrrrrrGGGGGGGrrrr;12,000
J32;24,000;0,200;0,600;12,549;13,000;0,000;13,000;rrrrrrrrrrrrrrrGGGGGGGrrrr;12,000
J32;24,000;0,200;0,800;12,215;13,000;0,000;13,000;rrrrrrrrrrrrrrrGGGGGGGrrrr;13,000
J32;25,000;0,200;0,800;12,215;13,000;0,000;13,000;rrrrrrrrrrrrrrrGGGGGGGrrrr;12,000
J32;25,000;0,200;0,800;12,215;13,000;0,000;13,000;rrrrrrrrrrrrrrrGGGGGGGrrrr;12,000
J32;25,000;0,200;0,800;12,215;13,000;0,000;13,000;rrrrrrrrrrrrrrrGGGGGGGrrrr;12,000
J32;25,000;0,200;0,800;12,215;13,000;0,000;13,000;rrrrrrrrrrrrrrrGGGGGGGrrrr;12,000
J32;25,000;0,200;0,800;12,215;13,000;0,000;13,000;rrrrrrrrrrrrrrrGGGGGGGrrrr;12,000
J32;25,000;0,200;0,800;12,215;13,000;0,000;13,000;rrrrrrrrrrrrrrrGGGGGGGrrrr;12,000
J32;25,000;0,200;0,800;12,215;13,000;0,000;13,000;rrrrrrrrrrrrrrrGGGGGGGrrrr;12,000
J32;25,000;0,200;0,800;12,215;13,000;0,000;13,000;rrrrrrrrrrrrrrrGGGGGGGrrrr;12,000
J32;25,000;0,200;0,800;12,215;13,000;0,000;13,000;rrrrrrrrrrrrrrrGGGGGGGrrrr;12,000
J32;25,000;0,200;0,800;12,215;13,000;0,000;13,000;rrrrrrrrrrrrrrrGGGGGGGrrrr;12,000
J32;25,000;0,200;0,800;12,215;13,000;0,000;13,000;rrrrrrrrrrrrrrrGGGGGGGrrrr;12,000
J32;25,000;0,200;0,800;12,215;13,000;0,000;13,000;rrrrrrrrrrrrrrrGGGGGGGrrrr;12,000
J32;25,000;0,200;0,800;12,215;13,000;0,000;13,000;rrrrrrrrrrrrrrrGGGGGGGrrrr;12,000
J32;25,000;0,200;0,800;12,215;13,000;0,000;13,000;rrrrrrrrrrrrrrrGGGGGGGrrrr;12,000
J32;25,000;0,200;0,800;12,215;13,000;0,000;13,000;rrrrrrrrrrrrrrrGGGGGGGrrrr;12,000
J32;26,000;0,100;0,300;12,525;16,000;-6,000;10,000;rrrrrgggggrrrrrrrrrrrGGGGG;9,000
J32;26,000;0,100;0,300;12,525;16,000;-6,000;10,000;rrrrrgggggrrrrrrrrrrrGGGGG;9,000
J32;26,000;0,100;0,300;12,525;16,000;-6,000;10,000;rrrrrgggggrrrrrrrrrrrGGGGG;9,000
J32;26,000;0,100;0,300;12,525;16,000;-6,000;10,000;rrrrrgggggrrrrrrrrrrrGGGGG;9,000
J32;26,000;0,100;0,300;12,525;16,000;-6,000;10,000;rrrrrgggggrrrrrrrrrrrGGGGG;9,000
J32;26,000;0,100;0,300;12,525;16,000;-6,000;10,000;rrrrrgggggrrrrrrrrrrrGGGGG;9,000
J32;26,000;0,100;0,300;12,525;16,000;-6,000;10,000;rrrrrgggggrrrrrrrrrrrGGGGG;9,000
J32;26,000;0,100;0,300;12,525;16,000;-6,000;10,000;rrrrrgggggrrrrrrrrrrrGGGGG;9,000
J32;26,000;0,100;0,300;12,525;16,000;-6,000;10,000;rrrrrgggggrrrrrrrrrrrGGGGG;9,000
J32;26,000;0,100;0,300;12,525;16,000;-6,000;10,000;rrrrrgggggrrrrrrrrrrrGGGGG;9,000
J32;26,000;0,100;0,300;12,525;16,000;-6,000;10,000;rrrrrgggggrrrrrrrrrrrGGGGG;9,000
J32;26,000;0,100;0,300;12,525;16,000;-6,000;10,000;rrrrrgggggrrrrrrrrrrrGGGGG;9,000
J32;26,000;0,100;0,300;12,525;16,000;6,876;22,876;rrrrrgggggrrrrrrrrrrrGGGGG;21,876
J32;26,000;0,100;0,300;12,525;16,000;6,876;22,876;rrrrrgggggrrrrrrrrrrrGGGGG;21,876
J32;26,000;0,100;0,300;12,525;16,000;6,876;22,876;rrrrrgggggrrrrrrrrrrrGGGGG;21,876
J32;26,000;0,100;0,300;12,525;16,000;6,876;22,876;rrrrrgggggrrrrrrrrrrrGGGGG;21,876
J32;27,000;0,000;0,000;12,672;16,000;-12,000;4,000;rrrrrgggggrrrrrrrrrrrGGGGG;2,000
J32;27,000;0,000;0,000;12,672;16,000;-12,000;4,000;rrrrrgggggrrrrrrrrrrrGGGGG;2,000
J32;27,000;0,000;0,000;12,672;16,000;-12,000;4,000;rrrrrgggggrrrrrrrrrrrGGGGG;2,000
J32;27,000;0,000;0,000;12,672;16,000;-12,000;4,000;rrrrrgggggrrrrrrrrrrrGGGGG;2,000
J32;27,000;0,000;0,000;12,672;16,000;-12,000;4,000;rrrrrgggggrrrrrrrrrrrGGGGG;2,000
J32;27,000;0,000;0,000;12,672;16,000;-12,000;4,000;rrrrrgggggrrrrrrrrrrrGGGGG;2,000
J32;27,000;0,000;0,000;12,672;16,000;-12,000;4,000;rrrrrgggggrrrrrrrrrrrGGGGG;2,000
J32;27,000;0,000;0,000;12,672;16,000;-12,000;4,000;rrrrrgggggrrrrrrrrrrrGGGGG;2,000
J32;27,000;0,000;0,000;12,672;16,000;-12,000;4,000;rrrrrgggggrrrrrrrrrrrGGGGG;2,000
J32;27,000;0,000;0,000;12,672;16,000;-12,000;4,000;rrrrrgggggrrrrrrrrrrrGGGGG;2,000
J32;27,000;0,000;0,000;12,672;16,000;-12,000;4,000;rrrrrgggggrrrrrrrrrrrGGGGG;2,000
J32;27,000;0,000;0,000;12,672;16,000;-12,000;4,000;rrrrrgggggrrrrrrrrrrrGGGGG;2,000
J32;27,000;0,000;0,000;12,672;16,000;-10,000;6,000;rrrrrgggggrrrrrrrrrrrGGGGG;4,000
J32;27,000;0,000;0,000;12,672;16,000;-10,000;6,000;rrrrrgggggrrrrrrrrrrrGGGGG;4,000
J32;27,000;0,000;0,000;12,672;16,000;-10,000;6,000;rrrrrgggggrrrrrrrrrrrGGGGG;4,000
J32;27,000;0,000;0,000;12,672;16,000;-10,000;6,000;rrrrrgggggrrrrrrrrrrrGGGGG;4,000
J32;28,000;0,000;0,000;12,990;16,000;-11,000;5,000;rrrrrgggggrrrrrrrrrrrGGGGG;2,000
J32;28,000;0,000;0,000;12,990;16,000;-11,000;5,000;rrrrrgggggrrrrrrrrrrrGGGGG;2,000
J32;28,000;0,000;0,000;12,990;16,000;-11,000;5,000;rrrrrgggggrrrrrrrrrrrGGGGG;2,000
J32;28,000;0,000;0,000;12,990;16,000;-11,000;5,000;rrrrrgggggrrrrrrrrrrrGGGGG;2,000
J32;28,000;0,000;0,000;12,990;16,000;-11,000;5,000;rrrrrgggggrrrrrrrrrrrGGGGG;2,000
J32;28,000;0,000;0,000;12,990;16,000;-11,000;5,000;rrrrrgggggrrrrrrrrrrrGGGGG;2,000
J32;28,000;0,000;0,000;12,990;16,000;-11,000;5,000;rrrrrgggggrrrrrrrrrrrGGGGG;2,000
J32;28,000;0,000;0,000;12,990;16,000;-11,000;5,000;rrrrrgggggrrrrrrrrrrrGGGGG;2,000
J32;28,000;0,000;0,000;12,990;16,000;-11,000;5,000;rrrrrgggggrrrrrrrrrrrGGGGG;2,000
J32;28,000;0,000;0,000;12,990;16,000;-11,000;5,000;rrrrrgggggrrrrrrrrrrrGGGGG;2,000
J32;28,000;0,000;0,000;12,990;16,000;-11,000;5,000;rrrrrgggggrrrrrrrrrrrGGGGG;2,000
J32;28,000;0,000;0,000;12,990;16,000;-9,000;7,000;rrrrrgggggrrrrrrrrrrrGGGGG;4,000
J32;28,000;0,000;0,000;12,990;16,000;-9,000;7,000;rrrrrgggggrrrrrrrrrrrGGGGG;4,000
J32;28,000;0,000;0,000;12,990;16,000;-9,000;7,000;rrrrrgggggrrrrrrrrrrrGGGGG;4,000
J32;28,000;0,000;0,000;12,990;16,000;-9,000;7,000;rrrrrgggggrrrrrrrrrrrGGGGG;4,000
J32;28,000;0,000;0,000;13,062;16,000;-10,000;6,000;rrrrrgggggrrrrrrrrrrrGGGGG;3,000
J32;29,000;0,000;0,000;13,062;16,000;-10,000;6,000;rrrrrgggggrrrrrrrrrrrGGGGG;2,000
J32;29,000;0,000;0,000;13,062;16,000;-10,000;6,000;rrrrrgggggrrrrrrrrrrrGGGGG;2,000
J32;29,000;0,000;0,000;13,062;16,000;-10,000;6,000;rrrrrgggggrrrrrrrrrrrGGGGG;2,000
J32;29,000;0,000;0,000;13,062;16,000;-10,000;6,000;rrrrrgggggrrrrrrrrrrrGGGGG;2,000
J32;29,000;0,000;0,000;13,062;16,000;-10,000;6,000;rrrrrgggggrrrrrrrrrrrGGGGG;2,000
J32;29,000;0,000;0,000;13,062;16,000;-10,000;6,000;rrrrrgggggrrrrrrrrrrrGGGGG;2,000
J32;29,000;0,000;0,000;13,062;16,000;-10,000;6,000;rrrrrgggggrrrrrrrrrrrGGGGG;2,000
J32;29,000;0,000;0,000;13,062;16,000;-10,000;6,000;rrrrrgggggrrrrrrrrrrrGGGGG;2,000
J32;29,000;0,000;0,000;13,062;16,000;-10,000;6,000;rrrrrgggggrrrrrrrrrrrGGGGG;2,000
J32;29,000;0,000;0,000;13,062;16,000;-8,000;8,000;rrrrrgggggrrrrrrrrrrrGGGGG;4,000
J32;29,000;0,000;0,000;13,062;16,000;-8,000;8,000;rrrrrgggggrrrrrrrrrrrGGGGG;4,000
J32;29,000;0,000;0,000;13,062;16,000;-8,000;8,000;rrrrrgggggrrrrrrrrrrrGGGGG;4,000
J32;29,000;0,100;0,000;12,626;16,000;-9,000;7,000;rrrrrgggggrrrrrrrrrrrGGGGG;3,000
J32;30,000;0,100;0,000;12,626;16,000;-9,000;7,000;rrrrrgggggrrrrrrrrrrrGGGGG;2,000
J32;30,000;0,100;0,000;12,626;16,000;-9,000;7,000;rrrrrgggggrrrrrrrrrrrGGGGG;2,000
J32;30,000;0,100;0,000;12,626;16,000;-9,000;7,000;rrrrrgggggrrrrrrrrrrrGGGGG;2,000
J32;30,000;0,100;0,000;12,626;16,000;-9,000;7,000;rrrrrgggggrrrrrrrrrrrGGGGG;2,000
J32;30,000;0,100;0,000;12,626;16,000;-9,000;7,000;rrrrrgggggrrrrrrrrrrrGGGGG;2,000
J32;30,000;0,100;0,000;12,626;16,000;-9,000;7,000;rrrrrgggggrrrrrrrrrrrGGGGG;2,000
J32;30,000;0,100;0,000;12,626;16,000;-9,000;7,000;rrrrrgggggrrrrrrrrrrrGGGGG;2,000
J32;30,000;0,100;0,000;12,626;16,000;-9,000;7,000;rrrrrgggggrrrrrrrrrrrGGGGG;2,000
J32;30,000;0,100;0,000;12,626;1,000;6,000;7,000;rrrrrrrrrrrrrrrrrrrrrrrrrr;2,000
J32;30,000;0,100;0,000;12,626;1,000;6,000;7,000;rrrrrrrrrrrrrrrrrrrrrrrrrr;2,000
J32;30,000;0,100;0,000;12,626;1,000;6,000;7,000;rrrrrrrrrrrrrrrrrrrrrrrrrr;2,000
J32;30,000;0,000;0,000;12,555;13,000;0,000;13,000;rrrrrrrrrrrrrrrGGGGGGGrrrr;13,000
J32;31,000;0,000;0,000;12,555;13,000;0,000;13,000;rrrrrrrrrrrrrrrGGGGGGGrrrr;12,000
J32;31,000;0,000;0,000;12,555;13,000;0,000;13,000;rrrrrrrrrrrrrrrGGGGGGGrrrr;12,000
J32;31,000;0,000;0,000;12,555;13,000;0,000;13,000;rrrrrrrrrrrrrrrGGGGGGGrrrr;12,000
J32;31,000;0,000;0,000;12,555;13,000;0,000;13,000;rrrrrrrrrrrrrrrGGGGGGGrrrr;12,000
J32;31,000;0,000;0,000;12,555;13,000;0,000;13,000;rrrrrrrrrrrrrrrGGGGGGGrrrr;12,000
J32;31,000;0,000;0,000;12,555;13,000;0,000;13,000;rrrrrrrrrrrrrrrGGGGGGGrrrr;12,000
J32;31,000;0,000;0,000;12,555;13,000;0,000;13,000;rrrrrrrrrrrrrrrGGGGGGGrrrr;12,000
J32;31,000;0,000;0,000;12,555;13,000;0,000;13,000;rrrrrrrrrrrrrrrGGGGGGGrrrr;12,000
J32;31,000;0,000;0,000;12,555;13,000;0,000;13,000;rrrrrrrrrrrrrrrGGGGGGGrrrr;12,000
J32;31,000;0,000;0,000;12,555;13,000;-8,000;5,000;rrrrrrrrrrrrrrrGGGGGGGrrrr;4,000
J32;31,000;0,000;0,000;12,555;13,000;-8,000;5,000;rrrrrrrrrrrrrrrGGGGGGGrrrr;4,000
J32;31,000;0,000;0,000;12,555;13,000;-8,000;5,000;rrrrrrrrrrrrrrrGGGGGGGrrrr;4,000
J32;31,000;0,000;0,000;12,555;13,000;0,000;13,000;rrrrrrrrrrrrrrrGGGGGGGrrrr;13,000
J32;32,000;0,000;0,000;12,536;13,000;0,000;13,000;rrrrrrrrrrrrrrrGGGGGGGrrrr;12,000
J32;32,000;0,000;0,000;12,536;13,000;0,000;13,000;rrrrrrrrrrrrrrrGGGGGGGrrrr;12,000
J32;32,000;0,000;0,000;12,536;13,000;0,000;13,000;rrrrrrrrrrrrrrrGGGGGGGrrrr;12,000
J32;32,000;0,000;0,000;12,536;13,000;0,000;13,000;rrrrrrrrrrrrrrrGGGGGGGrrrr;12,000
J32;32,000;0,000;0,000;12,536;13,000;0,000;13,000;rrrrrrrrrrrrrrrGGGGGGGrrrr;12,000
J32;32,000;0,000;0,000;12,536;13,000;0,000;13,000;rrrrrrrrrrrrrrrGGGGGGGrrrr;12,000
J32;32,000;0,000;0,000;12,536;13,000;0,000;13,000;rrrrrrrrrrrrrrrGGGGGGGrrrr;12,000
J32;32,000;0,000;0,000;12,536;13,000;0,000;13,000;rrrrrrrrrrrrrrrGGGGGGGrrrr;12,000
J32;32,000;0,000;0,000;12,536;13,000;-8,000;5,000;rrrrrrrrrrrrrrrGGGGGGGrrrr;4,000
J32;32,000;0,000;0,000;12,536;13,000;-8,000;5,000;rrrrrrrrrrrrrrrGGGGGGGrrrr;4,000
J32;32,000;0,100;0,100;12,540;13,000;0,000;13,000;rrrrrrrrrrrrrrrGGGGGGGrrrr;13,000
J32;33,000;0,100;0,100;12,540;13,000;0,000;13,000;rrrrrrrrrrrrrrrGGGGGGGrrrr;12,000
J32;33,000;0,100;0,100;12,540;13,000;0,000;13,000;rrrrrrrrrrrrrrrGGGGGGGrrrr;12,000
J32;33,000;0,100;0,100;12,540;13,000;0,000;13,000;rrrrrrrrrrrrrrrGGGGGGGrrrr;12,000
J32;33,000;0,100;0,100;12,540;13,000;0,000;13,000;rrrrrrrrrrrrrrrGGGGGGGrrrr;12,000
J32;33,000;0,100;0,100;12,540;13,000;0,000;13,000;rrrrrrrrrrrrrrrGGGGGGGrrrr;12,000
J32;33,000;0,100;0,100;12,540;13,000;0,000;13,000;rrrrrrrrrrrrrrrGGGGGGGrrrr;12,000
J32;33,000;0,100;0,100;12,540;13,000;0,000;13,000;rrrrrrrrrrrrrrrGGGGGGGrrrr;12,000
J32;33,000;0,100;0,100;12,540;13,000;0,000;13,000;rrrrrrrrrrrrrrrGGGGGGGrrrr;12,000
J32;33,000;0,100;0,100;12,540;13,000;0,000;13,000;rrrrrrrrrrrrrrrGGGGGGGrrrr;12,000
J32;33,000;0,100;0,100;12,540;13,000;0,000;13,000;rrrrrrrrrrrrrrrGGGGGGGrrrr;12,000
J32;33,000;0,100;0,100;12,540;13,000;0,000;13,000;rrrrrrrrrrrrrrrGGGGGGGrrrr;12,000
J32;34,000;0,100;0,200;12,601;13,000;0,000;13,000;rrrrrrrrrrrrrrrGGGGGGGrrrr;12,000
J32;34,000;0,100;0,200;12,601;13,000;0,000;13,000;rrrrrrrrrrrrrrrGGGGGGGrrrr;12,000
J32;34,000;0,100;0,200;12,601;13,000;0,000;13,000;rrrrrrrrrrrrrrrGGGGGGGrrrr;12,000
J32;34,000;0,100;0,200;12,601;13,000;0,000;13,000;rrrrrrrrrrrrrrrGGGGGGGrrrr;12,000
J32;34,000;0,100;0,200;12,601;13,000;0,000;13,000;rrrrrrrrrrrrrrrGGGGGGGrrrr;12,000
J32;34,000;0,100;0,200;12,601;13,000;0,000;13,000;rrrrrrrrrrrrrrrGGGGGGGrrrr;12,000
J32;34,000;0,100;0,200;12,601;13,000;0,000;13,000;rrrrrrrrrrrrrrrGGGGGGGrrrr;12,000
J32;34,000;0,100;0,200;12,601;13,000;0,000;13,000;rrrrrrrrrrrrrrrGGGGGGGrrrr;12,000
J32;34,000;0,100;0,200;12,601;13,000;0,000;13,000;rrrrrrrrrrrrrrrGGGGGGGrrrr;12,000
J32;34,000;0,100;0,200;12,601;13,000;0,000;13,000;rrrrrrrrrrrrrrrGGGGGGGrrrr;12,000
J32;34,000;0,100;0,200;12,601;13,000;0,000;13,000;rrrrrrrrrrrrrrrGGGGGGGrrrr;12,000
J32;34,000;0,100;0,200;12,601;13,000;0,000;13,000;rrrrrrrrrrrrrrrGGGGGGGrrrr;12,000
J32;34,000;0,100;0,200;12,601;13,000;0,000;13,000;rrrrrrrrrrrrrrrGGGGGGGrrrr;12,000
J32;34,000;0,100;0,200;12,601;13,000;0,000;13,000;rrrrrrrrrrrrrrrGGGGGGGrrrr;12,000
J32;34,000;0,100;0,300;12,500;13,000;0,000;13,000;rrrrrrrrrrrrrrrGGGGGGGrrrr;13,000
J32;35,000;0,100;0,300;12,500;13,000;0,000;13,000;rrrrrrrrrrrrrrrGGGGGGGrrrr;12,000
J32;35,000;0,100;0,300;12,500;13,000;0,000;13,000;rrrrrrrrrrrrrrrGGGGGGGrrrr;12,000
J32;35,000;0,100;0,300;12,500;13,000;0,000;13,000;rrrrrrrrrrrrrrrGGGGGGGrrrr;12,000
J32;35,000;0,100;0,300;12,500;13,000;0,000;13,000;rrrrrrrrrrrrrrrGGGGGGGrrrr;12,000
J32;35,000;0,100;0,300;12,500;13,000;0,000;13,000;rrrrrrrrrrrrrrrGGGGGGGrrrr;12,000
J32;35,000;0,100;0,300;12,500;13,000;0,000;13,000;rrrrrrrrrrrrrrrGGGGGGGrrrr;12,000
J32;35,000;0,100;0,300;12,500;13,000;0,000;13,000;rrrrrrrrrrrrrrrGGGGGGGrrrr;12,000
J32;35,000;0,100;0,300;12,500;13,000;0,000;13,000;rrrrrrrrrrrrrrrGGGGGGGrrrr;12,000
J32;35,000;0,100;0,300;12,500;13,000;0,000;13,000;rrrrrrrrrrrrrrrGGGGGGGrrrr;12,000
J32;35,000;0,100;0,300;12,500;13,000;0,000;13,000;rrrrrrrrrrrrrrrGGGGGGGrrrr;12,000
J32;35,000;0,100;0,300;12,500;13,000;0,000;13,000;rrrrrrrrrrrrrrrGGGGGGGrrrr;12,000
J32;35,000;0,100;0,300;12,500;13,000;0,000;13,000;rrrrrrrrrrrrrrrGGGGGGGrrrr;12,000
J32;35,000;0,100;0,300;12,500;13,000;0,000;13,000;rrrrrrrrrrrrrrrGGGGGGGrrrr;12,000
J32;35,000;0,100;0,300;12,500;13,000;0,000;13,000;rrrrrrrrrrrrrrrGGGGGGGrrrr;12,000
J32;35,000;0,100;0,300;12,500;13,000;0,000;13,000;rrrrrrrrrrrrrrrGGGGGGGrrrr;12,000
J32;36,000;0,100;0,400;12,147;13,000;0,000;13,000;rrrrrrrrrrrrrrrGGGGGGGrrrr;12,000
J32;36,000;0,100;0,400;12,147;13,000;0,000;13,000;rrrrrrrrrrrrrrrGGGGGGGrrrr;12,000
J32;36,000;0,100;0,400;12,147;13,000;0,000;13,000;rrrrrrrrrrrrrrrGGGGGGGrrrr;12,000
J32;36,000;0,100;0,400;12,147;13,000;0,000;13,000;rrrrrrrrrrrrrrrGGGGGGGrrrr;12,000
J32;36,000;0,100;0,400;12,147;13,000;0,000;13,000;rrrrrrrrrrrrrrrGGGGGGGrrrr;12,000
J32;36,000;0,100;0,400;12,147;13,000;0,000;13,000;rrrrrrrrrrrrrrrGGGGGGGrrrr;12,000
J32;36,000;0,100;0,400;12,147;13,000;0,000;13,000;rrrrrrrrrrrrrrrGGGGGGGrrrr;12,000
J32;36,000;0,100;0,400;12,147;13,000;0,000;13,000;rrrrrrrrrrrrrrrGGGGGGGrrrr;12,000
J32;36,000;0,100;0,400;12,147;13,000;0,000;13,000;rrrrrrrrrrrrrrrGGGGGGGrrrr;12,000
J32;36,000;0,100;0,400;12,147;13,000;0,000;13,000;rrrrrrrrrrrrrrrGGGGGGGrrrr;12,000
J32;36,000;0,100;0,400;12,147;13,000;0,000;13,000;rrrrrrrrrrrrrrrGGGGGGGrrrr;12,000
J32;36,000;0,100;0,400;12,147;13,000;0,000;13,000;rrrrrrrrrrrrrrrGGGGGGGrrrr;12,000
J32;36,000;0,100;0,400;12,147;13,000;0,000;13,000;rrrrrrrrrrrrrrrGGGGGGGrrrr;12,000
J32;36,000;0,100;0,400;12,147;13,000;0,000;13,000;rrrrrrrrrrrrrrrGGGGGGGrrrr;12,000
J32;37,000;0,300;0,600;11,668;13,000;0,000;13,000;rrrrrrrrrrrrrrrGGGGGGGrrrr;12,000
J32;37,000;0,300;0,600;11,668;13,000;0,000;13,000;rrrrrrrrrrrrrrrGGGGGGGrrrr;12,000
J32;37,000;0,300;0,600;11,668;13,000;0,000;13,000;rrrrrrrrrrrrrrrGGGGGGGrrrr;12,000
J32;37,000;0,300;0,600;11,668;13,000;0,000;13,000;rrrrrrrrrrrrrrrGGGGGGGrrrr;12,000
J32;37,000;0,300;0,600;11,668;13,000;0,000;13,000;rrrrrrrrrrrrrrrGGGGGGGrrrr;12,000
J32;37,000;0,300;0,600;11,668;13,000;0,000;13,000;rrrrrrrrrrrrrrrGGGGGGGrrrr;12,000
J32;37,000;0,300;0,600;11,668;13,000;0,000;13,000;rrrrrrrrrrrrrrrGGGGGGGrrrr;12,000
J32;37,000;0,300;0,600;11,668;13,000;0,000;13,000;rrrrrrrrrrrrrrrGGGGGGGrrrr;12,000
J32;37,000;0,300;0,600;11,668;13,000;0,000;13,000;rrrrrrrrrrrrrrrGGGGGGGrrrr;12,000
J32;37,000;0,300;0,600;11,668;13,000;0,000;13,000;rrrrrrrrrrrrrrrGGGGGGGrrrr;12,000
J32;37,000;0,300;0,600;11,668;13,000;0,000;13,000;rrrrrrrrrrrrrrrGGGGGGGrrrr;12,000
J32;37,000;0,300;0,600;11,668;13,000;0,000;13,000;rrrrrrrrrrrrrrrGGGGGGGrrrr;12,000
J32;37,000;0,300;0,600;11,668;13,000;0,000;13,000;rrrrrrrrrrrrrrrGGGGGGGrrrr;12,000
J32;37,000;0,300;0,600;11,668;13,000;0,000;13,000;rrrrrrrrrrrrrrrGGGGGGGrrrr;12,000
J32;37,000;0,300;0,600;11,668;13,000;0,000;13,000;rrrrrrrrrrrrrrrGGGGGGGrrrr;12,000
J32;37,000;0,300;0,900;11,188;13,000;0,000;13,000;rrrrrrrrrrrrrrrGGGGGGGrrrr;13,000
J32;38,000;0,300;0,900;11,188;13,000;0,000;13,000;rrrrrrrrrrrrrrrGGGGGGGrrrr;12,000
J32;38,000;0,300;0,900;11,188;13,000;0,000;13,000;rrrrrrrrrrrrrrrGGGGGGGrrrr;12,000
J32;38,000;0,300;0,900;11,188;13,000;0,000;13,000;rrrrrrrrrrrrrrrGGGGGGGrrrr;12,000
J32;38,000;0,300;0,900;11,188;13,000;0,000;13,000;rrrrrrrrrrrrrrrGGGGGGGrrrr;12,000
J32;38,000;0,300;0,900;11,188;13,000;0,000;13,000;rrrrrrrrrrrrrrrGGGGGGGrrrr;12,000
J32;38,000;0,300;0,900;11,188;13,000;0,000;13,000;rrrrrrrrrrrrrrrGGGGGGGrrrr;12,000
J32;38,000;0,300;0,900;11,188;13,000;0,000;13,000;rrrrrrrrrrrrrrrGGGGGGGrrrr;12,000
J32;38,000;0,300;0,900;11,188;13,000;0,000;13,000;rrrrrrrrrrrrrrrGGGGGGGrrrr;12,000
J32;38,000;0,300;0,900;11,188;13,000;0,000;13,000;rrrrrrrrrrrrrrrGGGGGGGrrrr;12,000
J32;38,000;0,300;0,900;11,188;13,000;0,000;13,000;rrrrrrrrrrrrrrrGGGGGGGrrrr;12,000
J32;38,000;0,300;0,900;11,188;13,000;0,000;13,000;rrrrrrrrrrrrrrrGGGGGGGrrrr;12,000
J32;38,000;0,300;0,900;11,188;13,000;0,000;13,000;rrrrrrrrrrrrrrrGGGGGGGrrrr;12,000
J32;38,000;0,300;0,900;11,188;13,000;0,000;13,000;rrrrrrrrrrrrrrrGGGGGGGrrrr;12,000
J32;38,000;0,300;0,900;11,188;13,000;0,000;13,000;rrrrrrrrrrrrrrrGGGGGGGrrrr;12,000
J32;38,000;0,300;1,200;11,196;13,000;0,000;13,000;rrrrrrrrrrrrrrrGGGGGGGrrrr;13,000
J32;39,000;0,300;1,200;11,196;13,000;0,000;13,000;rrrrrrrrrrrrrrrGGGGGGGrrrr;12,000
J32;39,000;0,300;1,200;11,196;13,000;0,000;13,000;rrrrrrrrrrrrrrrGGGGGGGrrrr;12,000
J32;39,000;0,300;1,200;11,196;13,000;0,000;13,000;rrrrrrrrrrrrrrrGGGGGGGrrrr;12,000
J32;39,000;0,300;1,200;11,196;13,000;0,000;13,000;rrrrrrrrrrrrrrrGGGGGGGrrrr;12,000
J32;39,000;0,300;1,200;11,196;13,000;0,000;13,000;rrrrrrrrrrrrrrrGGGGGGGrrrr;12,000
J32;39,000;0,300;1,200;11,196;13,000;0,000;13,000;rrrrrrrrrrrrrrrGGGGGGGrrrr;12,000
J32;39,000;0,300;1,200;11,196;13,000;0,000;13,000;rrrrrrrrrrrrrrrGGGGGGGrrrr;12,000
J32;39,000;0,300;1,200;11,196;13,000;0,000;13,000;rrrrrrrrrrrrrrrGGGGGGGrrrr;12,000
J32;39,000;0,300;1,200;11,196;13,000;0,000;13,000;rrrrrrrrrrrrrrrGGGGGGGrrrr;12,000
J32;39,000;0,300;1,200;11,196;13,000;0,000;13,000;rrrrrrrrrrrrrrrGGGGGGGrrrr;12,000
J32;39,000;0,300;1,200;11,196;13,000;0,000;13,000;rrrrrrrrrrrrrrrGGGGGGGrrrr;12,000
J32;39,000;0,300;1,200;11,196;13,000;0,000;13,000;rrrrrrrrrrrrrrrGGGGGGGrrrr;12,000
J32;39,000;0,300;1,200;11,196;13,000;0,000;13,000;rrrrrrrrrrrrrrrGGGGGGGrrrr;12,000
J32;39,000;0,300;1,200;11,196;13,000;0,000;13,000;rrrrrrrrrrrrrrrGGGGGGGrrrr;12,000
J32;40,000;0,400;1,600;11,236;13,000;0,000;13,000;rrrrrrrrrrrrrrrGGGGGGGrrrr;12,000
J32;40,000;0,400;1,600;11,236;13,000;0,000;13,000;rrrrrrrrrrrrrrrGGGGGGGrrrr;12,000
J32;40,000;0,400;1,600;11,236;13,000;0,000;13,000;rrrrrrrrrrrrrrrGGGGGGGrrrr;12,000
J32;40,000;0,400;1,600;11,236;13,000;0,000;13,000;rrrrrrrrrrrrrrrGGGGGGGrrrr;12,000
J32;40,000;0,400;1,600;11,236;13,000;0,000;13,000;rrrrrrrrrrrrrrrGGGGGGGrrrr;12,000
J32;40,000;0,400;1,600;11,236;13,000;0,000;13,000;rrrrrrrrrrrrrrrGGGGGGGrrrr;12,000
J32;40,000;0,400;1,600;11,236;13,000;0,000;13,000;rrrrrrrrrrrrrrrGGGGGGGrrrr;12,000
J32;40,000;0,400;1,600;11,236;13,000;0,000;13,000;rrrrrrrrrrrrrrrGGGGGGGrrrr;12,000
J32;40,000;0,400;1,600;11,236;13,000;0,000;13,000;rrrrrrrrrrrrrrrGGGGGGGrrrr;12,000
J32;40,000;0,400;1,600;11,236;13,000;0,000;13,000;rrrrrrrrrrrrrrrGGGGGGGrrrr;12,000
J32;40,000;0,400;1,600;11,236;13,000;0,000;13,000;rrrrrrrrrrrrrrrGGGGGGGrrrr;12,000
J32;40,000;0,400;1,600;11,236;13,000;0,000;13,000;rrrrrrrrrrrrrrrGGGGGGGrrrr;12,000
J32;40,000;0,400;1,600;11,236;13,000;0,000;13,000;rrrrrrrrrrrrrrrGGGGGGGrrrr;12,000
J32;40,000;0,400;1,600;11,236;13,000;0,000;13,000;rrrrrrrrrrrrrrrGGGGGGGrrrr;12,000
J32;40,000;0,400;1,600;11,236;13,000;0,000;13,000;rrrrrrrrrrrrrrrGGGGGGGrrrr;12,000
J32;40,000;0,400;1,600;11,236;13,000;0,000;13,000;rrrrrrrrrrrrrrrGGGGGGGrrrr;12,000
J32;40,000;0,400;2,000;11,295;13,000;0,000;13,000;rrrrrrrrrrrrrrrGGGGGGGrrrr;13,000
J32;41,000;0,400;2,000;11,295;13,000;0,000;13,000;rrrrrrrrrrrrrrrGGGGGGGrrrr;12,000
J32;41,000;0,400;2,000;11,295;13,000;0,000;13,000;rrrrrrrrrrrrrrrGGGGGGGrrrr;12,000
J32;41,000;0,400;2,000;11,295;13,000;0,000;13,000;rrrrrrrrrrrrrrrGGGGGGGrrrr;12,000
J32;41,000;0,400;2,000;11,295;13,000;0,000;13,000;rrrrrrrrrrrrrrrGGGGGGGrrrr;12,000
J32;41,000;0,400;2,000;11,295;13,000;0,000;13,000;rrrrrrrrrrrrrrrGGGGGGGrrrr;12,000
J32;41,000;0,400;2,000;11,295;13,000;0,000;13,000;rrrrrrrrrrrrrrrGGGGGGGrrrr;12,000
J32;41,000;0,400;2,000;11,295;13,000;0,000;13,000;rrrrrrrrrrrrrrrGGGGGGGrrrr;12,000
J32;41,000;0,400;2,000;11,295;13,000;0,000;13,000;rrrrrrrrrrrrrrrGGGGGGGrrrr;12,000
J32;41,000;0,400;2,000;11,295;13,000;0,000;13,000;rrrrrrrrrrrrrrrGGGGGGGrrrr;12,000
J32;41,000;0,400;2,000;11,295;13,000;0,000;13,000;rrrrrrrrrrrrrrrGGGGGGGrrrr;12,000
J32;41,000;0,400;2,000;11,295;13,000;0,000;13,000;rrrrrrrrrrrrrrrGGGGGGGrrrr;12,000
J32;41,000;0,400;2,000;11,295;13,000;0,000;13,000;rrrrrrrrrrrrrrrGGGGGGGrrrr;12,000
J32;41,000;0,400;2,000;11,295;13,000;0,000;13,000;rrrrrrrrrrrrrrrGGGGGGGrrrr;12,000
J32;41,000;0,400;2,000;11,295;3,000;2,000;5,000;rrrrrrrrrrrrrrryyyyyyGrrrr;4,000
J32;42,000;0,400;2,400;11,361;3,000;2,000;5,000;rrrrrrrrrrrrrrryyyyyyGrrrr;3,000
J32;42,000;0,400;2,400;11,361;3,000;2,000;5,000;rrrrrrrrrrrrrrryyyyyyGrrrr;3,000
J32;42,000;0,400;2,400;11,361;3,000;2,000;5,000;rrrrrrrrrrrrrrryyyyyyGrrrr;3,000
J32;42,000;0,400;2,400;11,361;3,000;2,000;5,000;rrrrrrrrrrrrrrryyyyyyGrrrr;3,000
J32;42,000;0,400;2,400;11,361;3,000;2,000;5,000;rrrrrrrrrrrrrrryyyyyyGrrrr;3,000
J32;42,000;0,400;2,400;11,361;3,000;2,000;5,000;rrrrrrrrrrrrrrryyyyyyGrrrr;3,000
J32;42,000;0,400;2,400;11,361;3,000;2,000;5,000;rrrrrrrrrrrrrrryyyyyyGrrrr;3,000
J32;42,000;0,400;2,400;11,361;13,000;0,000;13,000;rrrrrrrrrrrrrrrGGGGGGGrrrr;13,000
J32;42,000;0,400;2,400;11,361;13,000;0,000;13,000;rrrrrrrrrrrrrrrGGGGGGGrrrr;13,000
J32;43,000;0,400;2,800;11,228;13,000;0,000;13,000;rrrrrrrrrrrrrrrGGGGGGGrrrr;12,000
J32;43,000;0,400;2,800;11,228;13,000;0,000;13,000;rrrrrrrrrrrrrrrGGGGGGGrrrr;12,000
J32;43,000;0,400;2,800;11,228;13,000;0,000;13,000;rrrrrrrrrrrrrrrGGGGGGGrrrr;12,000
J32;43,000;0,400;2,800;11,228;13,000;0,000;13,000;rrrrrrrrrrrrrrrGGGGGGGrrrr;12,000
J32;43,000;0,400;2,800;11,228;13,000;0,000;13,000;rrrrrrrrrrrrrrrGGGGGGGrrrr;12,000
J32;43,000;0,400;2,800;11,228;13,000;0,000;13,000;rrrrrrrrrrrrrrrGGGGGGGrrrr;12,000
J32;43,000;0,400;2,800;11,228;13,000;0,000;13,000;rrrrrrrrrrrrrrrGGGGGGGrrrr;12,000
J32;43,000;0,400;2,800;11,228;13,000;0,000;13,000;rrrrrrrrrrrrrrrGGGGGGGrrrr;12,000
J32;43,000;0,400;2,800;11,228;13,000;0,000;13,000;rrrrrrrrrrrrrrrGGGGGGGrrrr;12,000
J32;43,000;0,400;2,800;11,228;13,000;0,000;13,000;rrrrrrrrrrrrrrrGGGGGGGrrrr;12,000
J32;43,000;0,400;3,300;11,065;13,000;0,000;13,000;rrrrrrrrrrrrrrrGGGGGGGrrrr;12,000
J32;44,000;0,500;3,300;11,065;13,000;0,000;13,000;rrrrrrrrrrrrrrrGGGGGGGrrrr;11,000
J32;44,000;0,500;3,300;11,065;13,000;0,000;13,000;rrrrrrrrrrrrrrrGGGGGGGrrrr;11,000
J32;44,000;0,500;3,300;11,065;13,000;0,000;13,000;rrrrrrrrrrrrrrrGGGGGGGrrrr;11,000
J32;44,000;0,500;3,300;11,065;13,000;0,000;13,000;rrrrrrrrrrrrrrrGGGGGGGrrrr;11,000
J32;44,000;0,500;3,300;11,065;13,000;0,000;13,000;rrrrrrrrrrrrrrrGGGGGGGrrrr;11,000
J32;44,000;0,500;3,300;11,065;13,000;0,000;13,000;rrrrrrrrrrrrrrrGGGGGGGrrrr;11,000
J32;44,000;0,500;3,300;11,065;13,000;0,000;13,000;rrrrrrrrrrrrrrrGGGGGGGrrrr;11,000
J32;44,000;0,500;3,300;11,065;13,000;0,000;13,000;rrrrrrrrrrrrrrrGGGGGGGrrrr;11,000
J32;44,000;0,600;3,800;11,062;13,000;0,000;13,000;rrrrrrrrrrrrrrrGGGGGGGrrrr;11,000
J32;45,000;0,600;3,800;11,062;13,000;0,000;13,000;rrrrrrrrrrrrrrrGGGGGGGrrrr;10,000
J32;45,000;0,600;3,800;11,062;13,000;0,000;13,000;rrrrrrrrrrrrrrrGGGGGGGrrrr;10,000
J32;45,000;0,600;3,800;11,062;13,000;0,000;13,000;rrrrrrrrrrrrrrrGGGGGGGrrrr;10,000
J32;45,000;0,600;3,800;11,062;13,000;0,000;13,000;rrrrrrrrrrrrrrrGGGGGGGrrrr;10,000
J32;45,000;0,600;3,800;11,062;13,000;0,000;13,000;rrrrrrrrrrrrrrrGGGGGGGrrrr;10,000
J32;45,000;0,600;3,800;11,062;13,000;0,000;13,000;rrrrrrrrrrrrrrrGGGGGGGrrrr;10,000
J32;45,000;0,600;3,800;11,062;13,000;0,000;13,000;rrrrrrrrrrrrrrrGGGGGGGrrrr;10,000
J32;45,000;0,500;4,300;11,177;13,000;0,000;13,000;rrrrrrrrrrrrrrrGGGGGGGrrrr;10,000
J32;46,000;0,500;4,300;11,177;13,000;0,000;13,000;rrrrrrrrrrrrrrrGGGGGGGrrrr;9,000
J32;46,000;0,500;4,300;11,177;13,000;0,000;13,000;rrrrrrrrrrrrrrrGGGGGGGrrrr;9,000
J32;46,000;0,500;4,300;11,177;13,000;0,000;13,000;rrrrrrrrrrrrrrrGGGGGGGrrrr;9,000
J32;46,000;0,500;4,300;11,177;13,000;0,000;13,000;rrrrrrrrrrrrrrrGGGGGGGrrrr;9,000
J32;46,000;0,500;4,300;11,177;13,000;0,000;13,000;rrrrrrrrrrrrrrrGGGGGGGrrrr;9,000
J32;46,000;0,500;4,300;11,177;13,000;0,000;13,000;rrrrrrrrrrrrrrrGGGGGGGrrrr;9,000
J32;46,000;0,500;4,300;11,177;13,000;0,000;13,000;rrrrrrrrrrrrrrrGGGGGGGrrrr;9,000
J32;46,000;0,500;4,300;11,177;13,000;0,000;13,000;rrrrrrrrrrrrrrrGGGGGGGrrrr;9,000
J32;46,000;0,500;4,300;11,177;13,000;0,000;13,000;rrrrrrrrrrrrrrrGGGGGGGrrrr;9,000
J32;46,000;0,500;4,300;11,177;13,000;0,000;13,000;rrrrrrrrrrrrrrrGGGGGGGrrrr;9,000
J32;46,000;0,500;4,300;11,177;13,000;0,000;13,000;rrrrrrrrrrrrrrrGGGGGGGrrrr;9,000
J32;46,000;0,500;4,300;11,177;13,000;0,000;13,000;rrrrrrrrrrrrrrrGGGGGGGrrrr;9,000
J32;46,000;0,500;4,300;11,177;13,000;0,000;13,000;rrrrrrrrrrrrrrrGGGGGGGrrrr;9,000
J32;46,000;0,500;4,300;11,177;13,000;0,000;13,000;rrrrrrrrrrrrrrrGGGGGGGrrrr;9,000
J32;47,000;0,500;4,800;11,160;13,000;0,000;13,000;rrrrrrrrrrrrrrrGGGGGGGrrrr;8,000
J32;47,000;0,500;4,800;11,160;13,000;0,000;13,000;rrrrrrrrrrrrrrrGGGGGGGrrrr;8,000
J32;47,000;0,500;4,800;11,160;13,000;0,000;13,000;rrrrrrrrrrrrrrrGGGGGGGrrrr;8,000
J32;47,000;0,500;4,800;11,160;13,000;0,000;13,000;rrrrrrrrrrrrrrrGGGGGGGrrrr;8,000
J32;47,000;0,500;4,800;11,160;13,000;0,000;13,000;rrrrrrrrrrrrrrrGGGGGGGrrrr;8,000
J32;47,000;0,500;4,800;11,160;13,000;0,000;13,000;rrrrrrrrrrrrrrrGGGGGGGrrrr;8,000
J32;47,000;0,500;4,800;11,160;13,000;0,000;13,000;rrrrrrrrrrrrrrrGGGGGGGrrrr;8,000
J32;47,000;0,500;4,800;11,160;13,000;0,000;13,000;rrrrrrrrrrrrrrrGGGGGGGrrrr;8,000
J32;47,000;0,500;5,300;11,273;13,000;0,000;13,000;rrrrrrrrrrrrrrrGGGGGGGrrrr;8,000
J32;48,000;0,500;5,300;11,273;13,000;0,000;13,000;rrrrrrrrrrrrrrrGGGGGGGrrrr;7,000
J32;48,000;0,500;5,300;11,273;13,000;0,000;13,000;rrrrrrrrrrrrrrrGGGGGGGrrrr;7,000
J32;48,000;0,500;5,300;11,273;13,000;0,000;13,000;rrrrrrrrrrrrrrrGGGGGGGrrrr;7,000
J32;48,000;0,500;5,300;11,273;13,000;0,000;13,000;rrrrrrrrrrrrrrrGGGGGGGrrrr;7,000
J32;48,000;0,500;5,300;11,273;13,000;0,000;13,000;rrrrrrrrrrrrrrrGGGGGGGrrrr;7,000
J32;48,000;0,500;5,300;11,273;13,000;0,000;13,000;rrrrrrrrrrrrrrrGGGGGGGrrrr;7,000
J32;48,000;0,500;5,300;11,273;13,000;0,000;13,000;rrrrrrrrrrrrrrrGGGGGGGrrrr;7,000
J32;48,000;0,500;5,300;11,273;13,000;0,000;13,000;rrrrrrrrrrrrrrrGGGGGGGrrrr;7,000
J32;48,000;0,500;5,300;11,273;13,000;0,000;13,000;rrrrrrrrrrrrrrrGGGGGGGrrrr;7,000
J32;48,000;0,500;5,300;11,273;13,000;0,000;13,000;rrrrrrrrrrrrrrrGGGGGGGrrrr;7,000
J32;49,000;0,500;5,800;11,296;13,000;0,000;13,000;rrrrrrrrrrrrrrrGGGGGGGrrrr;6,000
J32;49,000;0,500;5,800;11,296;13,000;0,000;13,000;rrrrrrrrrrrrrrrGGGGGGGrrrr;6,000
J32;49,000;0,500;5,800;11,296;13,000;0,000;13,000;rrrrrrrrrrrrrrrGGGGGGGrrrr;6,000
J32;49,000;0,500;5,800;11,296;13,000;0,000;13,000;rrrrrrrrrrrrrrrGGGGGGGrrrr;6,000
J32;49,000;0,500;5,800;11,296;13,000;0,000;13,000;rrrrrrrrrrrrrrrGGGGGGGrrrr;6,000
J32;49,000;0,500;5,800;11,296;13,000;0,000;13,000;rrrrrrrrrrrrrrrGGGGGGGrrrr;6,000
J32;49,000;0,500;5,800;11,296;13,000;0,000;13,000;rrrrrrrrrrrrrrrGGGGGGGrrrr;6,000
J32;49,000;0,500;5,800;11,296;13,000;0,000;13,000;rrrrrrrrrrrrrrrGGGGGGGrrrr;6,000
J32;49,000;0,500;5,800;11,296;13,000;0,000;13,000;rrrrrrrrrrrrrrrGGGGGGGrrrr;6,000
J32;49,000;0,500;6,000;11,184;13,000;0,000;13,000;rrrrrrrrrrrrrrrGGGGGGGrrrr;6,000
J32;50,000;0,500;6,300;11,184;13,000;0,000;13,000;rrrrrrrrrrrrrrrGGGGGGGrrrr;5,000
J32;50,000;0,500;6,300;11,184;13,000;0,000;13,000;rrrrrrrrrrrrrrrGGGGGGGrrrr;5,000
J32;50,000;0,500;6,300;11,184;13,000;0,000;13,000;rrrrrrrrrrrrrrrGGGGGGGrrrr;5,000
J32;50,000;0,500;6,300;11,184;13,000;0,000;13,000;rrrrrrrrrrrrrrrGGGGGGGrrrr;5,000
J32;50,000;0,500;6,300;11,184;13,000;0,000;13,000;rrrrrrrrrrrrrrrGGGGGGGrrrr;5,000
J32;50,000;0,500;6,300;11,184;13,000;0,000;13,000;rrrrrrrrrrrrrrrGGGGGGGrrrr;5,000
J32;50,000;0,500;6,300;11,184;13,000;0,000;13,000;rrrrrrrrrrrrrrrGGGGGGGrrrr;5,000
J32;50,000;0,500;6,300;11,184;13,000;0,000;13,000;rrrrrrrrrrrrrrrGGGGGGGrrrr;5,000
J32;50,000;0,500;6,300;11,184;13,000;0,000;13,000;rrrrrrrrrrrrrrrGGGGGGGrrrr;5,000
J32;50,000;0,500;6,300;11,184;13,000;0,000;13,000;rrrrrrrrrrrrrrrGGGGGGGrrrr;5,000
J32;50,000;0,500;6,300;11,184;13,000;0,000;13,000;rrrrrrrrrrrrrrrGGGGGGGrrrr;5,000
J32;51,000;0,500;6,800;11,437;13,000;0,000;13,000;rrrrrrrrrrrrrrrGGGGGGGrrrr;4,000
J32;51,000;0,500;6,800;11,437;13,000;0,000;13,000;rrrrrrrrrrrrrrrGGGGGGGrrrr;4,000
J32;51,000;0,500;6,800;11,437;13,000;0,000;13,000;rrrrrrrrrrrrrrrGGGGGGGrrrr;4,000
J32;51,000;0,500;6,800;11,437;13,000;0,000;13,000;rrrrrrrrrrrrrrrGGGGGGGrrrr;4,000
J32;51,000;0,500;6,800;11,437;13,000;0,000;13,000;rrrrrrrrrrrrrrrGGGGGGGrrrr;4,000
J32;51,000;0,500;6,800;11,437;13,000;0,000;13,000;rrrrrrrrrrrrrrrGGGGGGGrrrr;4,000
J32;51,000;0,500;6,800;11,437;13,000;0,000;13,000;rrrrrrrrrrrrrrrGGGGGGGrrrr;4,000
J32;51,000;0,500;6,800;11,437;13,000;0,000;13,000;rrrrrrrrrrrrrrrGGGGGGGrrrr;4,000
J32;51,000;0,500;6,800;11,437;13,000;0,000;13,000;rrrrrrrrrrrrrrrGGGGGGGrrrr;4,000
J32;51,000;0,500;6,800;11,437;13,000;0,000;13,000;rrrrrrrrrrrrrrrGGGGGGGrrrr;4,000
J32;51,000;0,500;6,800;11,437;13,000;0,000;13,000;rrrrrrrrrrrrrrrGGGGGGGrrrr;4,000
J32;51,000;0,500;6,800;11,437;13,000;0,000;13,000;rrrrrrrrrrrrrrrGGGGGGGrrrr;4,000
J32;52,000;0,600;7,300;11,492;13,000;0,000;13,000;rrrrrrrrrrrrrrrGGGGGGGrrrr;3,000
J32;52,000;0,600;7,300;11,492;13,000;0,000;13,000;rrrrrrrrrrrrrrrGGGGGGGrrrr;3,000
J32;52,000;0,600;7,300;11,492;13,000;0,000;13,000;rrrrrrrrrrrrrrrGGGGGGGrrrr;3,000
J32;52,000;0,600;7,300;11,492;13,000;0,000;13,000;rrrrrrrrrrrrrrrGGGGGGGrrrr;3,000
J32;52,000;0,600;7,300;11,492;13,000;0,000;13,000;rrrrrrrrrrrrrrrGGGGGGGrrrr;3,000
J32;52,000;0,600;7,300;11,492;13,000;0,000;13,000;rrrrrrrrrrrrrrrGGGGGGGrrrr;3,000
J32;52,000;0,600;7,300;11,492;13,000;0,000;13,000;rrrrrrrrrrrrrrrGGGGGGGrrrr;3,000
J32;52,000;0,600;7,300;11,492;13,000;0,000;13,000;rrrrrrrrrrrrrrrGGGGGGGrrrr;3,000
J32;52,000;0,600;7,300;11,492;13,000;0,000;13,000;rrrrrrrrrrrrrrrGGGGGGGrrrr;3,000
J32;52,000;0,600;7,300;11,492;13,000;0,000;13,000;rrrrrrrrrrrrrrrGGGGGGGrrrr;3,000
J32;52,000;0,600;7,300;11,492;13,000;0,000;13,000;rrrrrrrrrrrrrrrGGGGGGGrrrr;3,000
J32;52,000;0,600;7,300;11,492;13,000;0,000;13,000;rrrrrrrrrrrrrrrGGGGGGGrrrr;3,000
J32;52,000;0,600;7,900;11,566;13,000;0,000;13,000;rrrrrrrrrrrrrrrGGGGGGGrrrr;3,000
J32;53,000;0,600;7,900;11,566;13,000;0,000;13,000;rrrrrrrrrrrrrrrGGGGGGGrrrr;2,000
J32;53,000;0,600;7,900;11,566;13,000;0,000;13,000;rrrrrrrrrrrrrrrGGGGGGGrrrr;2,000
J32;53,000;0,600;7,900;11,566;13,000;0,000;13,000;rrrrrrrrrrrrrrrGGGGGGGrrrr;2,000
J32;53,000;0,600;7,900;11,566;13,000;0,000;13,000;rrrrrrrrrrrrrrrGGGGGGGrrrr;2,000
J32;53,000;0,600;7,900;11,566;13,000;0,000;13,000;rrrrrrrrrrrrrrrGGGGGGGrrrr;2,000
J32;53,000;0,600;7,900;11,566;13,000;0,000;13,000;rrrrrrrrrrrrrrrGGGGGGGrrrr;2,000
J32;53,000;0,600;7,900;11,566;13,000;0,000;13,000;rrrrrrrrrrrrrrrGGGGGGGrrrr;2,000
J32;53,000;0,600;7,900;11,566;13,000;0,000;13,000;rrrrrrrrrrrrrrrGGGGGGGrrrr;2,000
J32;53,000;0,600;7,900;11,566;13,000;0,000;13,000;rrrrrrrrrrrrrrrGGGGGGGrrrr;2,000
J32;54,000;0,600;8,500;11,594;13,000;0,000;13,000;rrrrrrrrrrrrrrrGGGGGGGrrrr;1,000
J32;54,000;0,600;8,500;11,594;13,000;0,000;13,000;rrrrrrrrrrrrrrrGGGGGGGrrrr;1,000
J32;54,000;0,600;8,500;11,594;13,000;0,000;13,000;rrrrrrrrrrrrrrrGGGGGGGrrrr;1,000
J32;54,000;0,600;8,500;11,594;13,000;0,000;13,000;rrrrrrrrrrrrrrrGGGGGGGrrrr;1,000
J32;54,000;0,600;8,500;11,594;13,000;0,000;13,000;rrrrrrrrrrrrrrrGGGGGGGrrrr;1,000
J32;54,000;0,600;8,500;11,594;13,000;0,000;13,000;rrrrrrrrrrrrrrrGGGGGGGrrrr;1,000
J32;54,000;0,600;8,500;11,594;13,000;0,000;13,000;rrrrrrrrrrrrrrrGGGGGGGrrrr;1,000
J32;54,000;0,600;8,500;11,594;13,000;0,000;13,000;rrrrrrrrrrrrrrrGGGGGGGrrrr;1,000
J32;54,000;0,600;8,500;11,594;13,000;0,000;13,000;rrrrrrrrrrrrrrrGGGGGGGrrrr;1,000
J32;54,000;0,500;6,800;11,635;16,000;0,000;16,000;rrrrrgggggrrrrrrrrrrrGGGGG;16,000
J32;55,000;0,500;6,800;11,635;16,000;0,000;16,000;rrrrrgggggrrrrrrrrrrrGGGGG;15,000
J32;55,000;0,500;6,800;11,635;16,000;0,000;16,000;rrrrrgggggrrrrrrrrrrrGGGGG;15,000
J32;55,000;0,500;6,800;11,635;16,000;0,000;16,000;rrrrrgggggrrrrrrrrrrrGGGGG;15,000
J32;55,000;0,500;6,800;11,635;16,000;0,000;16,000;rrrrrgggggrrrrrrrrrrrGGGGG;15,000
J32;55,000;0,500;6,800;11,635;16,000;0,000;16,000;rrrrrgggggrrrrrrrrrrrGGGGG;15,000
J32;55,000;0,500;6,800;11,635;16,000;0,000;16,000;rrrrrgggggrrrrrrrrrrrGGGGG;15,000
J32;55,000;0,500;6,800;11,635;16,000;0,000;16,000;rrrrrgggggrrrrrrrrrrrGGGGG;15,000
J32;55,000;0,500;6,800;11,635;16,000;0,000;16,000;rrrrrgggggrrrrrrrrrrrGGGGG;15,000
J32;55,000;0,500;6,800;11,635;16,000;0,000;16,000;rrrrrgggggrrrrrrrrrrrGGGGG;15,000
J32;55,000;0,500;6,800;11,635;16,000;0,000;16,000;rrrrrgggggrrrrrrrrrrrGGGGG;15,000
J32;55,000;0,500;6,800;11,635;16,000;19,156;35,156;rrrrrgggggrrrrrrrrrrrGGGGG;34,156
J32;56,000;0,400;5,400;11,651;3,000;2,000;5,000;rrrrryyyyyrrrrrrrrrrryyyyy;3,000
J32;56,000;0,400;5,400;11,651;3,000;2,000;5,000;rrrrryyyyyrrrrrrrrrrryyyyy;3,000
J32;56,000;0,400;5,400;11,651;3,000;2,000;5,000;rrrrryyyyyrrrrrrrrrrryyyyy;3,000
J32;56,000;0,400;5,400;11,651;3,000;2,000;5,000;rrrrryyyyyrrrrrrrrrrryyyyy;3,000
J32;56,000;0,400;5,400;11,651;3,000;2,000;5,000;rrrrryyyyyrrrrrrrrrrryyyyy;3,000
J32;56,000;0,400;5,400;11,651;3,000;2,000;5,000;rrrrryyyyyrrrrrrrrrrryyyyy;3,000
J32;56,000;0,400;5,400;11,651;3,000;2,000;5,000;rrrrryyyyyrrrrrrrrrrryyyyy;3,000
J32;56,000;0,400;5,400;11,651;3,000;2,000;5,000;rrrrryyyyyrrrrrrrrrrryyyyy;3,000
J32;56,000;0,400;5,400;11,651;3,000;2,000;5,000;rrrrryyyyyrrrrrrrrrrryyyyy;3,000
J32;56,000;0,400;5,400;11,651;3,000;2,000;5,000;rrrrryyyyyrrrrrrrrrrryyyyy;3,000
J32;56,000;0,400;5,400;11,651;3,000;2,000;5,000;rrrrryyyyyrrrrrrrrrrryyyyy;3,000
J32;57,000;0,300;4,400;11,716;3,000;2,000;5,000;rrrrryyyyyrrrrrrrrrrryyyyy;2,000
J32;57,000;0,300;4,400;11,716;3,000;2,000;5,000;rrrrryyyyyrrrrrrrrrrryyyyy;2,000
J32;57,000;0,300;4,400;11,716;3,000;2,000;5,000;rrrrryyyyyrrrrrrrrrrryyyyy;2,000
J32;57,000;0,300;4,400;11,716;3,000;2,000;5,000;rrrrryyyyyrrrrrrrrrrryyyyy;2,000
J32;57,000;0,300;4,400;11,716;3,000;2,000;5,000;rrrrryyyyyrrrrrrrrrrryyyyy;2,000
J32;57,000;0,300;4,400;11,716;3,000;2,000;5,000;rrrrryyyyyrrrrrrrrrrryyyyy;2,000
J32;57,000;0,300;4,400;11,716;3,000;2,000;5,000;rrrrryyyyyrrrrrrrrrrryyyyy;2,000
J32;57,000;0,300;4,400;11,716;3,000;2,000;5,000;rrrrryyyyyrrrrrrrrrrryyyyy;2,000
J32;57,000;0,300;4,400;11,716;3,000;2,000;5,000;rrrrryyyyyrrrrrrrrrrryyyyy;2,000
J32;57,000;0,300;4,400;11,716;3,000;2,000;5,000;rrrrryyyyyrrrrrrrrrrryyyyy;2,000
J32;57,000;0,300;4,400;11,716;3,000;2,000;5,000;rrrrryyyyyrrrrrrrrrrryyyyy;2,000
J32;57,000;0,300;4,400;11,716;3,000;2,000;5,000;rrrrryyyyyrrrrrrrrrrryyyyy;2,000
J32;57,000;0,300;4,400;11,716;3,000;2,000;5,000;rrrrryyyyyrrrrrrrrrrryyyyy;2,000
J32;57,000;0,200;4,100;11,655;3,000;2,000;5,000;rrrrryyyyyrrrrrrrrrrryyyyy;2,000
J32;58,000;0,200;4,100;11,655;3,000;2,000;5,000;rrrrryyyyyrrrrrrrrrrryyyyy;1,000
J32;58,000;0,200;4,100;11,655;3,000;2,000;5,000;rrrrryyyyyrrrrrrrrrrryyyyy;1,000
J32;58,000;0,200;4,100;11,655;3,000;2,000;5,000;rrrrryyyyyrrrrrrrrrrryyyyy;1,000
J32;58,000;0,200;4,100;11,655;3,000;2,000;5,000;rrrrryyyyyrrrrrrrrrrryyyyy;1,000
J32;58,000;0,200;4,100;11,655;3,000;2,000;5,000;rrrrryyyyyrrrrrrrrrrryyyyy;1,000
J32;58,000;0,200;4,100;11,655;3,000;2,000;5,000;rrrrryyyyyrrrrrrrrrrryyyyy;1,000
J32;58,000;0,200;4,100;11,655;3,000;2,000;5,000;rrrrryyyyyrrrrrrrrrrryyyyy;1,000
J32;58,000;0,200;4,100;11,655;3,000;2,000;5,000;rrrrryyyyyrrrrrrrrrrryyyyy;1,000
J32;58,000;0,200;4,100;11,655;3,000;2,000;5,000;rrrrryyyyyrrrrrrrrrrryyyyy;1,000
J32;58,000;0,200;4,100;11,655;3,000;2,000;5,000;rrrrryyyyyrrrrrrrrrrryyyyy;1,000
J32;58,000;0,200;4,100;11,655;3,000;2,000;5,000;rrrrryyyyyrrrrrrrrrrryyyyy;1,000
J32;58,000;0,200;4,100;11,655;3,000;2,000;5,000;rrrrryyyyyrrrrrrrrrrryyyyy;1,000
J32;58,000;0,200;4,100;11,655;3,000;2,000;5,000;rrrrryyyyyrrrrrrrrrrryyyyy;1,000
J32;58,000;0,300;4,300;11,563;3,000;2,000;5,000;rrrrryyyyyrrrrrrrrrrryyyyy;1,000
J32;59,000;0,300;4,300;11,563;3,000;2,000;5,000;rrrrryyyyyrrrrrrrrrrryyyyy;0,000
J32;59,000;0,300;4,300;11,563;3,000;2,000;5,000;rrrrryyyyyrrrrrrrrrrryyyyy;0,000
J32;59,000;0,300;4,300;11,563;3,000;2,000;5,000;rrrrryyyyyrrrrrrrrrrryyyyy;0,000
J32;59,000;0,300;4,300;11,563;3,000;2,000;5,000;rrrrryyyyyrrrrrrrrrrryyyyy;0,000
J32;59,000;0,300;4,300;11,563;3,000;2,000;5,000;rrrrryyyyyrrrrrrrrrrryyyyy;0,000
J32;59,000;0,300;4,300;11,563;3,000;2,000;5,000;rrrrryyyyyrrrrrrrrrrryyyyy;0,000
J32;59,000;0,300;4,300;11,563;3,000;2,000;5,000;rrrrryyyyyrrrrrrrrrrryyyyy;0,000
J32;59,000;0,300;4,300;11,563;3,000;2,000;5,000;rrrrryyyyyrrrrrrrrrrryyyyy;0,000
J32;59,000;0,300;4,300;11,563;3,000;2,000;5,000;rrrrryyyyyrrrrrrrrrrryyyyy;0,000
J32;59,000;0,300;4,300;11,563;3,000;2,000;5,000;rrrrryyyyyrrrrrrrrrrryyyyy;0,000
J32;59,000;0,300;4,300;11,563;3,000;2,000;5,000;rrrrryyyyyrrrrrrrrrrryyyyy;0,000
J32;59,000;0,300;4,300;11,563;3,000;2,000;5,000;rrrrryyyyyrrrrrrrrrrryyyyy;0,000
J32;59,000;0,300;4,300;11,563;3,000;2,000;5,000;rrrrryyyyyrrrrrrrrrrryyyyy;0,000
J32;59,000;0,300;4,300;11,563;3,000;2,000;5,000;rrrrryyyyyrrrrrrrrrrryyyyy;0,000
J32;60,000;0,100;2,100;11,556;16,000;0,000;16,000;rrrrrrrrrrGGGGGGrrrrrrrrrr;15,000
J32;60,000;0,100;2,100;11,556;16,000;0,000;16,000;rrrrrrrrrrGGGGGGrrrrrrrrrr;15,000
J32;60,000;0,100;2,100;11,556;16,000;0,000;16,000;rrrrrrrrrrGGGGGGrrrrrrrrrr;15,000
J32;60,000;0,100;2,100;11,556;16,000;0,000;16,000;rrrrrrrrrrGGGGGGrrrrrrrrrr;15,000
J32;60,000;0,100;2,100;11,556;16,000;0,000;16,000;rrrrrrrrrrGGGGGGrrrrrrrrrr;15,000
J32;60,000;0,100;2,100;11,556;16,000;0,000;16,000;rrrrrrrrrrGGGGGGrrrrrrrrrr;15,000
J32;60,000;0,100;2,100;11,556;16,000;0,000;16,000;rrrrrrrrrrGGGGGGrrrrrrrrrr;15,000
J32;60,000;0,100;2,100;11,556;16,000;0,000;16,000;rrrrrrrrrrGGGGGGrrrrrrrrrr;15,000
J32;60,000;0,100;2,100;11,556;16,000;0,000;16,000;rrrrrrrrrrGGGGGGrrrrrrrrrr;15,000
J32;60,000;0,100;2,100;11,556;16,000;0,000;16,000;rrrrrrrrrrGGGGGGrrrrrrrrrr;15,000
J32;60,000;0,100;2,100;11,556;16,000;0,000;16,000;rrrrrrrrrrGGGGGGrrrrrrrrrr;15,000
J32;60,000;0,100;2,100;11,556;16,000;0,000;16,000;rrrrrrrrrrGGGGGGrrrrrrrrrr;15,000
J32;60,000;0,100;2,100;11,556;16,000;0,000;16,000;rrrrrrrrrrGGGGGGrrrrrrrrrr;15,000
J32;60,000;0,100;2,100;11,556;16,000;0,000;16,000;rrrrrrrrrrGGGGGGrrrrrrrrrr;15,000
J32;60,000;0,100;2,100;11,556;16,000;0,000;16,000;rrrrrrrrrrGGGGGGrrrrrrrrrr;15,000
J32;60,000;0,100;2,100;11,556;16,000;19,072;35,072;rrrrrrrrrrGGGGGGrrrrrrrrrr;34,072
J32;60,000;0,100;2,100;11,556;16,000;19,072;35,072;rrrrrrrrrrGGGGGGrrrrrrrrrr;34,072
J32;60,000;0,100;2,100;11,556;16,000;19,072;35,072;rrrrrrrrrrGGGGGGrrrrrrrrrr;34,072
J32;61,000;0,100;0,100;11,450;16,000;0,000;16,000;rrrrrrrrrrGGGGGGrrrrrrrrrr;15,000
J32;61,000;0,100;0,100;11,450;16,000;0,000;16,000;rrrrrrrrrrGGGGGGrrrrrrrrrr;15,000
J32;61,000;0,100;0,100;11,450;16,000;0,000;16,000;rrrrrrrrrrGGGGGGrrrrrrrrrr;15,000
J32;61,000;0,100;0,100;11,450;16,000;0,000;16,000;rrrrrrrrrrGGGGGGrrrrrrrrrr;15,000
J32;61,000;0,100;0,100;11,450;16,000;0,000;16,000;rrrrrrrrrrGGGGGGrrrrrrrrrr;15,000
J32;61,000;0,100;0,100;11,450;16,000;0,000;16,000;rrrrrrrrrrGGGGGGrrrrrrrrrr;15,000
J32;61,000;0,100;0,100;11,450;16,000;0,000;16,000;rrrrrrrrrrGGGGGGrrrrrrrrrr;15,000
J32;61,000;0,100;0,100;11,450;16,000;0,000;16,000;rrrrrrrrrrGGGGGGrrrrrrrrrr;15,000
J32;61,000;0,100;0,100;11,450;16,000;0,000;16,000;rrrrrrrrrrGGGGGGrrrrrrrrrr;15,000
J32;61,000;0,100;0,100;11,450;16,000;0,000;16,000;rrrrrrrrrrGGGGGGrrrrrrrrrr;15,000
J32;61,000;0,100;0,100;11,450;16,000;0,000;16,000;rrrrrrrrrrGGGGGGrrrrrrrrrr;15,000
J32;61,000;0,100;0,100;11,450;16,000;-11,000;5,000;rrrrrrrrrrGGGGGGrrrrrrrrrr;4,000
J32;61,000;0,100;0,100;11,450;16,000;-11,000;5,000;rrrrrrrrrrGGGGGGrrrrrrrrrr;4,000
J32;61,000;0,100;0,100;11,450;16,000;-11,000;5,000;rrrrrrrrrrGGGGGGrrrrrrrrrr;4,000
J32;61,000;0,100;0,100;11,486;16,000;-12,000;4,000;rrrrrrrrrrGGGGGGrrrrrrrrrr;3,000
J32;62,000;0,100;0,200;11,455;16,000;-12,000;4,000;rrrrrrrrrrGGGGGGrrrrrrrrrr;2,000
J32;62,000;0,100;0,200;11,455;16,000;-12,000;4,000;rrrrrrrrrrGGGGGGrrrrrrrrrr;2,000
J32;62,000;0,100;0,200;11,455;16,000;-12,000;4,000;rrrrrrrrrrGGGGGGrrrrrrrrrr;2,000
J32;62,000;0,100;0,200;11,455;16,000;-12,000;4,000;rrrrrrrrrrGGGGGGrrrrrrrrrr;2,000
J32;62,000;0,100;0,200;11,455;16,000;-12,000;4,000;rrrrrrrrrrGGGGGGrrrrrrrrrr;2,000
J32;62,000;0,100;0,200;11,455;16,000;-12,000;4,000;rrrrrrrrrrGGGGGGrrrrrrrrrr;2,000
J32;62,000;0,100;0,200;11,455;16,000;-12,000;4,000;rrrrrrrrrrGGGGGGrrrrrrrrrr;2,000
J32;62,000;0,100;0,200;11,455;16,000;-12,000;4,000;rrrrrrrrrrGGGGGGrrrrrrrrrr;2,000
J32;62,000;0,100;0,200;11,455;16,000;-12,000;4,000;rrrrrrrrrrGGGGGGrrrrrrrrrr;2,000
J32;62,000;0,100;0,200;11,455;16,000;-12,000;4,000;rrrrrrrrrrGGGGGGrrrrrrrrrr;2,000
J32;62,000;0,100;0,200;11,455;16,000;-12,000;4,000;rrrrrrrrrrGGGGGGrrrrrrrrrr;2,000
J32;62,000;0,100;0,200;11,455;16,000;-12,000;4,000;rrrrrrrrrrGGGGGGrrrrrrrrrr;2,000
J32;62,000;0,100;0,200;11,455;16,000;-10,000;6,000;rrrrrrrrrrGGGGGGrrrrrrrrrr;4,000
J32;62,000;0,100;0,200;11,455;16,000;-10,000;6,000;rrrrrrrrrrGGGGGGrrrrrrrrrr;4,000
J32;62,000;0,100;0,200;11,455;16,000;-10,000;6,000;rrrrrrrrrrGGGGGGrrrrrrrrrr;4,000
J32;62,000;0,200;0,400;11,426;16,000;-11,000;5,000;rrrrrrrrrrGGGGGGrrrrrrrrrr;3,000
J32;63,000;0,200;0,400;11,426;16,000;-11,000;5,000;rrrrrrrrrrGGGGGGrrrrrrrrrr;2,000
J32;63,000;0,200;0,400;11,426;16,000;-11,000;5,000;rrrrrrrrrrGGGGGGrrrrrrrrrr;2,000
J32;63,000;0,200;0,400;11,426;16,000;-11,000;5,000;rrrrrrrrrrGGGGGGrrrrrrrrrr;2,000
J32;63,000;0,200;0,400;11,426;16,000;-11,000;5,000;rrrrrrrrrrGGGGGGrrrrrrrrrr;2,000
J32;63,000;0,200;0,400;11,426;16,000;-11,000;5,000;rrrrrrrrrrGGGGGGrrrrrrrrrr;2,000
J32;63,000;0,200;0,400;11,426;16,000;-11,000;5,000;rrrrrrrrrrGGGGGGrrrrrrrrrr;2,000
J32;63,000;0,200;0,400;11,426;16,000;-11,000;5,000;rrrrrrrrrrGGGGGGrrrrrrrrrr;2,000
J32;63,000;0,200;0,400;11,426;16,000;-11,000;5,000;rrrrrrrrrrGGGGGGrrrrrrrrrr;2,000
J32;63,000;0,200;0,400;11,426;16,000;-11,000;5,000;rrrrrrrrrrGGGGGGrrrrrrrrrr;2,000
J32;63,000;0,200;0,400;11,426;16,000;-11,000;5,000;rrrrrrrrrrGGGGGGrrrrrrrrrr;2,000
J32;63,000;0,200;0,400;11,426;16,000;-11,000;5,000;rrrrrrrrrrGGGGGGrrrrrrrrrr;2,000
J32;63,000;0,200;0,400;11,426;16,000;-11,000;5,000;rrrrrrrrrrGGGGGGrrrrrrrrrr;2,000
J32;63,000;0,200;0,400;11,426;16,000;-9,000;7,000;rrrrrrrrrrGGGGGGrrrrrrrrrr;4,000
J32;63,000;0,200;0,400;11,426;16,000;-9,000;7,000;rrrrrrrrrrGGGGGGrrrrrrrrrr;4,000
J32;63,000;0,200;0,400;11,426;16,000;-9,000;7,000;rrrrrrrrrrGGGGGGrrrrrrrrrr;4,000
J32;63,000;0,200;0,400;11,581;3,000;5,000;8,000;rrrrrrrrrryyyyyGrrrrrrrrrr;5,000
J32;64,000;0,300;0,700;11,581;3,000;5,000;8,000;rrrrrrrrrryyyyyGrrrrrrrrrr;4,000
J32;64,000;0,300;0,700;11,581;3,000;5,000;8,000;rrrrrrrrrryyyyyGrrrrrrrrrr;4,000
J32;64,000;0,300;0,700;11,581;3,000;5,000;8,000;rrrrrrrrrryyyyyGrrrrrrrrrr;4,000
J32;64,000;0,300;0,700;11,581;3,000;5,000;8,000;rrrrrrrrrryyyyyGrrrrrrrrrr;4,000
J32;64,000;0,300;0,700;11,581;3,000;5,000;8,000;rrrrrrrrrryyyyyGrrrrrrrrrr;4,000
J32;64,000;0,300;0,700;11,581;3,000;5,000;8,000;rrrrrrrrrryyyyyGrrrrrrrrrr;4,000
J32;64,000;0,300;0,700;11,581;3,000;5,000;8,000;rrrrrrrrrryyyyyGrrrrrrrrrr;4,000
J32;64,000;0,300;0,700;11,581;3,000;5,000;8,000;rrrrrrrrrryyyyyGrrrrrrrrrr;4,000
J32;64,000;0,300;0,700;11,581;3,000;5,000;8,000;rrrrrrrrrryyyyyGrrrrrrrrrr;4,000
J32;64,000;0,300;0,700;11,581;3,000;5,000;8,000;rrrrrrrrrryyyyyGrrrrrrrrrr;4,000
J32;64,000;0,300;0,700;11,581;3,000;5,000;8,000;rrrrrrrrrryyyyyGrrrrrrrrrr;4,000
J32;64,000;0,300;0,700;11,581;3,000;5,000;8,000;rrrrrrrrrryyyyyGrrrrrrrrrr;4,000
J32;64,000;0,300;0,700;11,581;3,000;5,000;8,000;rrrrrrrrrryyyyyGrrrrrrrrrr;4,000
J32;64,000;0,300;0,700;11,656;3,000;5,000;8,000;rrrrrrrrrryyyyyGrrrrrrrrrr;4,000
J32;65,000;0,400;1,100;11,620;13,000;0,000;13,000;rrrrrrrrrrrrrrrGGGGGGGrrrr;12,000
J32;65,000;0,400;1,100;11,620;13,000;0,000;13,000;rrrrrrrrrrrrrrrGGGGGGGrrrr;12,000
J32;65,000;0,400;1,100;11,620;13,000;0,000;13,000;rrrrrrrrrrrrrrrGGGGGGGrrrr;12,000
J32;65,000;0,400;1,100;11,620;13,000;0,000;13,000;rrrrrrrrrrrrrrrGGGGGGGrrrr;12,000
J32;65,000;0,400;1,100;11,620;13,000;0,000;13,000;rrrrrrrrrrrrrrrGGGGGGGrrrr;12,000
J32;65,000;0,400;1,100;11,620;13,000;0,000;13,000;rrrrrrrrrrrrrrrGGGGGGGrrrr;12,000
J32;65,000;0,400;1,100;11,620;13,000;0,000;13,000;rrrrrrrrrrrrrrrGGGGGGGrrrr;12,000
J32;65,000;0,400;1,100;11,620;13,000;0,000;13,000;rrrrrrrrrrrrrrrGGGGGGGrrrr;12,000
J32;65,000;0,400;1,100;11,620;13,000;0,000;13,000;rrrrrrrrrrrrrrrGGGGGGGrrrr;12,000
J32;65,000;0,400;1,100;11,620;13,000;0,000;13,000;rrrrrrrrrrrrrrrGGGGGGGrrrr;12,000
J32;65,000;0,400;1,100;11,620;13,000;0,000;13,000;rrrrrrrrrrrrrrrGGGGGGGrrrr;12,000
J32;65,000;0,400;1,100;11,620;13,000;0,000;13,000;rrrrrrrrrrrrrrrGGGGGGGrrrr;12,000
J32;65,000;0,400;1,100;11,620;13,000;0,000;13,000;rrrrrrrrrrrrrrrGGGGGGGrrrr;12,000
J32;65,000;0,400;1,100;11,620;13,000;0,000;13,000;rrrrrrrrrrrrrrrGGGGGGGrrrr;12,000
J32;66,000;0,500;1,500;11,326;13,000;0,000;13,000;rrrrrrrrrrrrrrrGGGGGGGrrrr;12,000
J32;66,000;0,500;1,500;11,326;13,000;0,000;13,000;rrrrrrrrrrrrrrrGGGGGGGrrrr;12,000
J32;66,000;0,500;1,500;11,326;13,000;0,000;13,000;rrrrrrrrrrrrrrrGGGGGGGrrrr;12,000
J32;66,000;0,500;1,500;11,326;13,000;0,000;13,000;rrrrrrrrrrrrrrrGGGGGGGrrrr;12,000
J32;66,000;0,500;1,500;11,326;13,000;0,000;13,000;rrrrrrrrrrrrrrrGGGGGGGrrrr;12,000
J32;66,000;0,500;1,500;11,326;13,000;0,000;13,000;rrrrrrrrrrrrrrrGGGGGGGrrrr;12,000
J32;66,000;0,500;1,500;11,326;13,000;0,000;13,000;rrrrrrrrrrrrrrrGGGGGGGrrrr;12,000
J32;66,000;0,500;1,500;11,326;13,000;0,000;13,000;rrrrrrrrrrrrrrrGGGGGGGrrrr;12,000
J32;66,000;0,500;1,500;11,326;13,000;0,000;13,000;rrrrrrrrrrrrrrrGGGGGGGrrrr;12,000
J32;66,000;0,500;1,500;11,326;13,000;0,000;13,000;rrrrrrrrrrrrrrrGGGGGGGrrrr;12,000
J32;66,000;0,500;1,500;11,326;13,000;0,000;13,000;rrrrrrrrrrrrrrrGGGGGGGrrrr;12,000
J32;66,000;0,500;1,500;11,326;13,000;0,000;13,000;rrrrrrrrrrrrrrrGGGGGGGrrrr;12,000
J32;66,000;0,500;1,500;11,326;13,000;0,000;13,000;rrrrrrrrrrrrrrrGGGGGGGrrrr;12,000
J32;66,000;0,500;1,500;11,326;13,000;0,000;13,000;rrrrrrrrrrrrrrrGGGGGGGrrrr;12,000
J32;66,000;0,400;1,300;11,176;6,000;4,000;10,000;rrrrrGGGrrrrrrrrrrrrrrrrrr;10,000
J32;67,000;0,400;1,300;11,176;6,000;4,000;10,000;rrrrrGGGrrrrrrrrrrrrrrrrrr;9,000
J32;67,000;0,400;1,300;11,176;6,000;4,000;10,000;rrrrrGGGrrrrrrrrrrrrrrrrrr;9,000
J32;67,000;0,400;1,300;11,176;6,000;4,000;10,000;rrrrrGGGrrrrrrrrrrrrrrrrrr;9,000
J32;67,000;0,400;1,300;11,176;6,000;4,000;10,000;rrrrrGGGrrrrrrrrrrrrrrrrrr;9,000
J32;67,000;0,400;1,300;11,176;6,000;4,000;10,000;rrrrrGGGrrrrrrrrrrrrrrrrrr;9,000
J32;67,000;0,400;1,300;11,176;6,000;4,000;10,000;rrrrrGGGrrrrrrrrrrrrrrrrrr;9,000
J32;67,000;0,400;1,300;11,176;6,000;4,000;10,000;rrrrrGGGrrrrrrrrrrrrrrrrrr;9,000
J32;67,000;0,400;1,300;11,176;6,000;4,000;10,000;rrrrrGGGrrrrrrrrrrrrrrrrrr;9,000
J32;67,000;0,400;1,300;11,176;6,000;4,000;10,000;rrrrrGGGrrrrrrrrrrrrrrrrrr;9,000
J32;67,000;0,400;1,300;11,176;6,000;4,000;10,000;rrrrrGGGrrrrrrrrrrrrrrrrrr;9,000
J32;67,000;0,400;1,300;11,176;6,000;4,000;10,000;rrrrrGGGrrrrrrrrrrrrrrrrrr;9,000
J32;67,000;0,400;1,300;11,176;6,000;4,000;10,000;rrrrrGGGrrrrrrrrrrrrrrrrrr;9,000
J32;67,000;0,400;1,300;11,176;6,000;4,000;10,000;rrrrrGGGrrrrrrrrrrrrrrrrrr;9,000
J32;67,000;0,400;1,300;11,176;6,000;17,527;23,527;rrrrrGGGrrrrrrrrrrrrrrrrrr;22,527
J32;67,000;0,400;1,300;11,176;6,000;17,527;23,527;rrrrrGGGrrrrrrrrrrrrrrrrrr;22,527
J32;67,000;0,400;1,200;11,224;6,000;-2,000;4,000;rrrrrGGGrrrrrrrrrrrrrrrrrr;3,000
J32;68,000;0,400;1,200;11,224;6,000;-2,000;4,000;rrrrrGGGrrrrrrrrrrrrrrrrrr;2,000
J32;68,000;0,400;1,200;11,224;6,000;-2,000;4,000;rrrrrGGGrrrrrrrrrrrrrrrrrr;2,000
J32;68,000;0,400;1,200;11,224;6,000;-2,000;4,000;rrrrrGGGrrrrrrrrrrrrrrrrrr;2,000
J32;68,000;0,400;1,200;11,224;6,000;-2,000;4,000;rrrrrGGGrrrrrrrrrrrrrrrrrr;2,000
J32;68,000;0,400;1,200;11,224;6,000;-2,000;4,000;rrrrrGGGrrrrrrrrrrrrrrrrrr;2,000
J32;68,000;0,400;1,200;11,224;6,000;-2,000;4,000;rrrrrGGGrrrrrrrrrrrrrrrrrr;2,000
J32;68,000;0,400;1,200;11,224;6,000;-2,000;4,000;rrrrrGGGrrrrrrrrrrrrrrrrrr;2,000
J32;68,000;0,400;1,200;11,224;6,000;-2,000;4,000;rrrrrGGGrrrrrrrrrrrrrrrrrr;2,000
J32;68,000;0,400;1,200;11,224;6,000;-2,000;4,000;rrrrrGGGrrrrrrrrrrrrrrrrrr;2,000
J32;68,000;0,400;1,200;11,224;6,000;-2,000;4,000;rrrrrGGGrrrrrrrrrrrrrrrrrr;2,000
J32;68,000;0,400;1,200;11,224;6,000;-2,000;4,000;rrrrrGGGrrrrrrrrrrrrrrrrrr;2,000
J32;68,000;0,400;1,200;11,224;6,000;-2,000;4,000;rrrrrGGGrrrrrrrrrrrrrrrrrr;2,000
J32;68,000;0,400;1,200;11,224;6,000;17,429;23,429;rrrrrGGGrrrrrrrrrrrrrrrrrr;21,429
J32;68,000;0,400;1,200;11,224;6,000;17,429;23,429;rrrrrGGGrrrrrrrrrrrrrrrrrr;21,429
J32;68,000;0,300;1,000;11,241;6,000;-1,000;5,000;rrrrrGGGrrrrrrrrrrrrrrrrrr;3,000
J32;69,000;0,300;1,000;11,241;6,000;-1,000;5,000;rrrrrGGGrrrrrrrrrrrrrrrrrr;2,000
J32;69,000;0,300;1,000;11,241;6,000;-1,000;5,000;rrrrrGGGrrrrrrrrrrrrrrrrrr;2,000
J32;69,000;0,300;1,000;11,241;6,000;-1,000;5,000;rrrrrGGGrrrrrrrrrrrrrrrrrr;2,000
J32;69,000;0,300;1,000;11,241;6,000;-1,000;5,000;rrrrrGGGrrrrrrrrrrrrrrrrrr;2,000
J32;69,000;0,300;1,000;11,241;6,000;-1,000;5,000;rrrrrGGGrrrrrrrrrrrrrrrrrr;2,000
J32;69,000;0,300;1,000;11,241;6,000;-1,000;5,000;rrrrrGGGrrrrrrrrrrrrrrrrrr;2,000
J32;69,000;0,300;1,000;11,241;6,000;-1,000;5,000;rrrrrGGGrrrrrrrrrrrrrrrrrr;2,000
J32;69,000;0,300;1,000;11,241;6,000;-1,000;5,000;rrrrrGGGrrrrrrrrrrrrrrrrrr;2,000
J32;69,000;0,300;1,000;11,241;6,000;-1,000;5,000;rrrrrGGGrrrrrrrrrrrrrrrrrr;2,000
J32;69,000;0,300;1,000;11,241;6,000;-1,000;5,000;rrrrrGGGrrrrrrrrrrrrrrrrrr;2,000
J32;69,000;0,300;1,000;11,241;6,000;17,420;23,420;rrrrrGGGrrrrrrrrrrrrrrrrrr;20,420
J32;69,000;0,300;1,000;11,241;6,000;17,420;23,420;rrrrrGGGrrrrrrrrrrrrrrrrrr;20,420
J32;69,000;0,200;0,700;11,210;6,000;0,000;6,000;rrrrrGGGrrrrrrrrrrrrrrrrrr;3,000
J32;70,000;0,200;0,700;11,210;6,000;0,000;6,000;rrrrrGGGrrrrrrrrrrrrrrrrrr;2,000
J32;70,000;0,200;0,700;11,210;6,000;0,000;6,000;rrrrrGGGrrrrrrrrrrrrrrrrrr;2,000
J32;70,000;0,200;0,700;11,210;6,000;0,000;6,000;rrrrrGGGrrrrrrrrrrrrrrrrrr;2,000
J32;70,000;0,200;0,700;11,210;6,000;0,000;6,000;rrrrrGGGrrrrrrrrrrrrrrrrrr;2,000
J32;70,000;0,200;0,700;11,210;6,000;0,000;6,000;rrrrrGGGrrrrrrrrrrrrrrrrrr;2,000
J32;70,000;0,200;0,700;11,210;6,000;0,000;6,000;rrrrrGGGrrrrrrrrrrrrrrrrrr;2,000
J32;70,000;0,200;0,700;11,210;6,000;0,000;6,000;rrrrrGGGrrrrrrrrrrrrrrrrrr;2,000
J32;70,000;0,200;0,700;11,210;6,000;0,000;6,000;rrrrrGGGrrrrrrrrrrrrrrrrrr;2,000
J32;70,000;0,200;0,700;11,210;6,000;0,000;6,000;rrrrrGGGrrrrrrrrrrrrrrrrrr;2,000
J32;70,000;0,200;0,700;11,210;6,000;0,000;6,000;rrrrrGGGrrrrrrrrrrrrrrrrrr;2,000
J32;70,000;0,200;0,700;11,210;6,000;0,000;6,000;rrrrrGGGrrrrrrrrrrrrrrrrrr;2,000
J32;70,000;0,200;0,700;11,210;6,000;0,000;6,000;rrrrrGGGrrrrrrrrrrrrrrrrrr;2,000
J32;70,000;0,200;0,700;11,210;6,000;17,644;23,644;rrrrrGGGrrrrrrrrrrrrrrrrrr;19,644
J32;70,000;0,200;0,700;11,210;3,000;6,000;9,000;rrrrryyyrrrrrrrrrrrrrrrrrr;5,000
J32;71,000;0,100;0,400;11,314;3,000;6,000;9,000;rrrrryyyrrrrrrrrrrrrrrrrrr;4,000
J32;71,000;0,100;0,400;11,314;3,000;6,000;9,000;rrrrryyyrrrrrrrrrrrrrrrrrr;4,000
J32;71,000;0,100;0,400;11,314;3,000;6,000;9,000;rrrrryyyrrrrrrrrrrrrrrrrrr;4,000
J32;71,000;0,100;0,400;11,314;3,000;6,000;9,000;rrrrryyyrrrrrrrrrrrrrrrrrr;4,000
J32;71,000;0,100;0,400;11,314;3,000;6,000;9,000;rrrrryyyrrrrrrrrrrrrrrrrrr;4,000
J32;71,000;0,100;0,400;11,314;3,000;6,000;9,000;rrrrryyyrrrrrrrrrrrrrrrrrr;4,000
J32;71,000;0,100;0,400;11,314;3,000;6,000;9,000;rrrrryyyrrrrrrrrrrrrrrrrrr;4,000
J32;71,000;0,100;0,400;11,314;3,000;6,000;9,000;rrrrryyyrrrrrrrrrrrrrrrrrr;4,000
J32;71,000;0,100;0,400;11,314;1,000;6,000;7,000;rrrrrrrrrrrrrrrrrrrrrrrrrr;2,000
J32;71,000;0,100;0,400;11,314;1,000;6,000;7,000;rrrrrrrrrrrrrrrrrrrrrrrrrr;2,000
J32;71,000;0,100;0,400;11,314;13,000;0,000;13,000;rrrrrrrrrrrrrrrGGGGGGGrrrr;13,000
J32;72,000;0,100;0,500;11,407;13,000;0,000;13,000;rrrrrrrrrrrrrrrGGGGGGGrrrr;12,000
J32;72,000;0,100;0,500;11,407;13,000;0,000;13,000;rrrrrrrrrrrrrrrGGGGGGGrrrr;12,000
J32;72,000;0,100;0,500;11,407;13,000;0,000;13,000;rrrrrrrrrrrrrrrGGGGGGGrrrr;12,000
J32;72,000;0,100;0,500;11,407;13,000;0,000;13,000;rrrrrrrrrrrrrrrGGGGGGGrrrr;12,000
J32;72,000;0,100;0,500;11,407;13,000;0,000;13,000;rrrrrrrrrrrrrrrGGGGGGGrrrr;12,000
J32;72,000;0,100;0,500;11,407;13,000;0,000;13,000;rrrrrrrrrrrrrrrGGGGGGGrrrr;12,000
J32;72,000;0,100;0,500;11,407;13,000;0,000;13,000;rrrrrrrrrrrrrrrGGGGGGGrrrr;12,000
J32;72,000;0,100;0,500;11,407;13,000;0,000;13,000;rrrrrrrrrrrrrrrGGGGGGGrrrr;12,000
J32;72,000;0,100;0,500;11,407;13,000;0,000;13,000;rrrrrrrrrrrrrrrGGGGGGGrrrr;12,000
J32;72,000;0,100;0,500;11,407;13,000;0,000;13,000;rrrrrrrrrrrrrrrGGGGGGGrrrr;12,000
J32;72,000;0,100;0,500;11,407;13,000;0,000;13,000;rrrrrrrrrrrrrrrGGGGGGGrrrr;12,000
J32;72,000;0,100;0,500;11,407;13,000;0,000;13,000;rrrrrrrrrrrrrrrGGGGGGGrrrr;12,000
J32;72,000;0,200;0,600;11,348;13,000;0,000;13,000;rrrrrrrrrrrrrrrGGGGGGGrrrr;13,000
J32;73,000;0,200;0,600;11,348;13,000;0,000;13,000;rrrrrrrrrrrrrrrGGGGGGGrrrr;12,000
J32;73,000;0,200;0,600;11,348;13,000;0,000;13,000;rrrrrrrrrrrrrrrGGGGGGGrrrr;12,000
J32;73,000;0,200;0,600;11,348;13,000;0,000;13,000;rrrrrrrrrrrrrrrGGGGGGGrrrr;12,000
J32;73,000;0,200;0,600;11,348;13,000;0,000;13,000;rrrrrrrrrrrrrrrGGGGGGGrrrr;12,000
J32;73,000;0,200;0,600;11,348;13,000;0,000;13,000;rrrrrrrrrrrrrrrGGGGGGGrrrr;12,000
J32;73,000;0,200;0,600;11,348;13,000;0,000;13,000;rrrrrrrrrrrrrrrGGGGGGGrrrr;12,000
J32;73,000;0,200;0,600;11,348;13,000;0,000;13,000;rrrrrrrrrrrrrrrGGGGGGGrrrr;12,000
J32;73,000;0,200;0,600;11,348;13,000;0,000;13,000;rrrrrrrrrrrrrrrGGGGGGGrrrr;12,000
J32;73,000;0,200;0,600;11,348;13,000;0,000;13,000;rrrrrrrrrrrrrrrGGGGGGGrrrr;12,000
J32;73,000;0,200;0,600;11,348;13,000;0,000;13,000;rrrrrrrrrrrrrrrGGGGGGGrrrr;12,000
J32;73,000;0,200;0,600;11,348;13,000;0,000;13,000;rrrrrrrrrrrrrrrGGGGGGGrrrr;12,000
J32;73,000;0,200;0,600;11,348;13,000;0,000;13,000;rrrrrrrrrrrrrrrGGGGGGGrrrr;12,000
J32;74,000;0,100;0,700;11,340;13,000;0,000;13,000;rrrrrrrrrrrrrrrGGGGGGGrrrr;12,000
J32;74,000;0,100;0,700;11,340;13,000;0,000;13,000;rrrrrrrrrrrrrrrGGGGGGGrrrr;12,000
J32;74,000;0,100;0,700;11,340;13,000;0,000;13,000;rrrrrrrrrrrrrrrGGGGGGGrrrr;12,000
J32;74,000;0,100;0,700;11,340;13,000;0,000;13,000;rrrrrrrrrrrrrrrGGGGGGGrrrr;12,000
J32;74,000;0,100;0,700;11,340;13,000;0,000;13,000;rrrrrrrrrrrrrrrGGGGGGGrrrr;12,000
J32;74,000;0,100;0,700;11,340;13,000;0,000;13,000;rrrrrrrrrrrrrrrGGGGGGGrrrr;12,000
J32;74,000;0,100;0,700;11,340;13,000;0,000;13,000;rrrrrrrrrrrrrrrGGGGGGGrrrr;12,000
J32;74,000;0,100;0,700;11,340;13,000;0,000;13,000;rrrrrrrrrrrrrrrGGGGGGGrrrr;12,000
J32;74,000;0,100;0,700;11,340;13,000;0,000;13,000;rrrrrrrrrrrrrrrGGGGGGGrrrr;12,000
J32;74,000;0,100;0,700;11,340;13,000;0,000;13,000;rrrrrrrrrrrrrrrGGGGGGGrrrr;12,000
J32;74,000;0,100;0,700;11,340;13,000;0,000;13,000;rrrrrrrrrrrrrrrGGGGGGGrrrr;12,000
J32;74,000;0,100;0,700;11,340;13,000;0,000;13,000;rrrrrrrrrrrrrrrGGGGGGGrrrr;12,000
J32;74,000;0,100;0,700;11,340;13,000;0,000;13,000;rrrrrrrrrrrrrrrGGGGGGGrrrr;12,000
J32;74,000;0,100;0,700;11,340;13,000;0,000;13,000;rrrrrrrrrrrrrrrGGGGGGGrrrr;12,000
J32;75,000;0,200;0,900;11,323;13,000;0,000;13,000;rrrrrrrrrrrrrrrGGGGGGGrrrr;12,000
J32;75,000;0,200;0,900;11,323;13,000;0,000;13,000;rrrrrrrrrrrrrrrGGGGGGGrrrr;12,000
J32;75,000;0,200;0,900;11,323;13,000;0,000;13,000;rrrrrrrrrrrrrrrGGGGGGGrrrr;12,000
J32;75,000;0,200;0,900;11,323;13,000;0,000;13,000;rrrrrrrrrrrrrrrGGGGGGGrrrr;12,000
J32;75,000;0,200;0,900;11,323;13,000;0,000;13,000;rrrrrrrrrrrrrrrGGGGGGGrrrr;12,000
J32;75,000;0,200;0,900;11,323;13,000;0,000;13,000;rrrrrrrrrrrrrrrGGGGGGGrrrr;12,000
J32;75,000;0,200;0,900;11,323;13,000;0,000;13,000;rrrrrrrrrrrrrrrGGGGGGGrrrr;12,000
J32;75,000;0,200;0,900;11,323;13,000;0,000;13,000;rrrrrrrrrrrrrrrGGGGGGGrrrr;12,000
J32;75,000;0,200;0,900;11,323;13,000;0,000;13,000;rrrrrrrrrrrrrrrGGGGGGGrrrr;12,000
J32;75,000;0,200;0,900;11,323;13,000;0,000;13,000;rrrrrrrrrrrrrrrGGGGGGGrrrr;12,000
J32;75,000;0,200;0,900;11,323;13,000;0,000;13,000;rrrrrrrrrrrrrrrGGGGGGGrrrr;12,000
J32;75,000;0,200;0,900;11,323;13,000;0,000;13,000;rrrrrrrrrrrrrrrGGGGGGGrrrr;12,000
J32;75,000;0,200;0,900;11,323;13,000;0,000;13,000;rrrrrrrrrrrrrrrGGGGGGGrrrr;12,000
J32;76,000;0,200;1,100;11,260;13,000;0,000;13,000;rrrrrrrrrrrrrrrGGGGGGGrrrr;12,000
J32;76,000;0,200;1,100;11,260;13,000;0,000;13,000;rrrrrrrrrrrrrrrGGGGGGGrrrr;12,000
J32;76,000;0,200;1,100;11,260;13,000;0,000;13,000;rrrrrrrrrrrrrrrGGGGGGGrrrr;12,000
J32;76,000;0,200;1,100;11,260;13,000;0,000;13,000;rrrrrrrrrrrrrrrGGGGGGGrrrr;12,000
J32;76,000;0,200;1,100;11,260;13,000;0,000;13,000;rrrrrrrrrrrrrrrGGGGGGGrrrr;12,000
J32;76,000;0,200;1,100;11,260;13,000;0,000;13,000;rrrrrrrrrrrrrrrGGGGGGGrrrr;12,000
J32;76,000;0,200;1,100;11,260;13,000;0,000;13,000;rrrrrrrrrrrrrrrGGGGGGGrrrr;12,000
J32;76,000;0,200;1,100;11,260;13,000;0,000;13,000;rrrrrrrrrrrrrrrGGGGGGGrrrr;12,000
J32;76,000;0,200;1,100;11,260;13,000;0,000;13,000;rrrrrrrrrrrrrrrGGGGGGGrrrr;12,000
J32;76,000;0,200;1,100;11,260;13,000;0,000;13,000;rrrrrrrrrrrrrrrGGGGGGGrrrr;13,000
J32;77,000;0,300;1,400;11,776;13,000;0,000;13,000;rrrrrrrrrrrrrrrGGGGGGGrrrr;12,000
J32;77,000;0,300;1,400;11,776;13,000;0,000;13,000;rrrrrrrrrrrrrrrGGGGGGGrrrr;12,000
J32;77,000;0,300;1,400;11,776;13,000;0,000;13,000;rrrrrrrrrrrrrrrGGGGGGGrrrr;12,000
J32;77,000;0,300;1,400;11,776;13,000;0,000;13,000;rrrrrrrrrrrrrrrGGGGGGGrrrr;12,000
J32;77,000;0,300;1,400;11,776;13,000;0,000;13,000;rrrrrrrrrrrrrrrGGGGGGGrrrr;12,000
J32;77,000;0,300;1,400;11,776;13,000;0,000;13,000;rrrrrrrrrrrrrrrGGGGGGGrrrr;12,000
J32;77,000;0,300;1,400;11,776;13,000;0,000;13,000;rrrrrrrrrrrrrrrGGGGGGGrrrr;12,000
J32;77,000;0,300;1,400;11,776;13,000;0,000;13,000;rrrrrrrrrrrrrrrGGGGGGGrrrr;12,000
J32;77,000;0,300;1,400;11,776;13,000;0,000;13,000;rrrrrrrrrrrrrrrGGGGGGGrrrr;12,000
J32;77,000;0,300;1,400;11,776;13,000;0,000;13,000;rrrrrrrrrrrrrrrGGGGGGGrrrr;12,000
J32;77,000;0,300;1,400;11,776;13,000;0,000;13,000;rrrrrrrrrrrrrrrGGGGGGGrrrr;12,000
J32;77,000;0,300;1,400;11,776;13,000;0,000;13,000;rrrrrrrrrrrrrrrGGGGGGGrrrr;12,000
J32;77,000;0,300;1,400;11,776;13,000;0,000;13,000;rrrrrrrrrrrrrrrGGGGGGGrrrr;12,000
J32;77,000;0,300;1,400;11,776;13,000;0,000;13,000;rrrrrrrrrrrrrrrGGGGGGGrrrr;12,000
J32;77,000;0,300;1,700;11,721;13,000;0,000;13,000;rrrrrrrrrrrrrrrGGGGGGGrrrr;13,000
J32;78,000;0,300;1,700;11,721;13,000;0,000;13,000;rrrrrrrrrrrrrrrGGGGGGGrrrr;12,000
J32;78,000;0,300;1,700;11,721;13,000;0,000;13,000;rrrrrrrrrrrrrrrGGGGGGGrrrr;12,000
J32;78,000;0,300;1,700;11,721;13,000;0,000;13,000;rrrrrrrrrrrrrrrGGGGGGGrrrr;12,000
J32;78,000;0,300;1,700;11,721;13,000;0,000;13,000;rrrrrrrrrrrrrrrGGGGGGGrrrr;12,000
J32;78,000;0,300;1,700;11,721;13,000;0,000;13,000;rrrrrrrrrrrrrrrGGGGGGGrrrr;12,000
J32;78,000;0,300;1,700;11,721;13,000;0,000;13,000;rrrrrrrrrrrrrrrGGGGGGGrrrr;12,000
J32;78,000;0,300;1,700;11,721;13,000;0,000;13,000;rrrrrrrrrrrrrrrGGGGGGGrrrr;12,000
J32;78,000;0,300;1,700;11,721;13,000;0,000;13,000;rrrrrrrrrrrrrrrGGGGGGGrrrr;12,000
J32;78,000;0,300;1,700;11,721;13,000;0,000;13,000;rrrrrrrrrrrrrrrGGGGGGGrrrr;12,000
J32;78,000;0,300;1,700;11,721;13,000;0,000;13,000;rrrrrrrrrrrrrrrGGGGGGGrrrr;12,000
J32;78,000;0,300;1,700;11,721;13,000;0,000;13,000;rrrrrrrrrrrrrrrGGGGGGGrrrr;12,000
J32;78,000;0,300;1,700;11,721;13,000;0,000;13,000;rrrrrrrrrrrrrrrGGGGGGGrrrr;12,000
J32;78,000;0,300;1,700;11,721;13,000;0,000;13,000;rrrrrrrrrrrrrrrGGGGGGGrrrr;12,000
J32;78,000;0,300;1,700;11,721;13,000;0,000;13,000;rrrrrrrrrrrrrrrGGGGGGGrrrr;12,000
J32;78,000;0,400;2,100;11,886;13,000;0,000;13,000;rrrrrrrrrrrrrrrGGGGGGGrrrr;13,000
J32;79,000;0,400;2,100;11,886;13,000;0,000;13,000;rrrrrrrrrrrrrrrGGGGGGGrrrr;12,000
J32;79,000;0,400;2,100;11,886;13,000;0,000;13,000;rrrrrrrrrrrrrrrGGGGGGGrrrr;12,000
J32;79,000;0,400;2,100;11,886;13,000;0,000;13,000;rrrrrrrrrrrrrrrGGGGGGGrrrr;12,000
J32;79,000;0,400;2,100;11,886;13,000;0,000;13,000;rrrrrrrrrrrrrrrGGGGGGGrrrr;12,000
J32;79,000;0,400;2,100;11,886;13,000;0,000;13,000;rrrrrrrrrrrrrrrGGGGGGGrrrr;12,000
J32;79,000;0,400;2,100;11,886;13,000;0,000;13,000;rrrrrrrrrrrrrrrGGGGGGGrrrr;12,000
J32;79,000;0,400;2,100;11,886;13,000;0,000;13,000;rrrrrrrrrrrrrrrGGGGGGGrrrr;12,000
J32;79,000;0,400;2,100;11,886;13,000;0,000;13,000;rrrrrrrrrrrrrrrGGGGGGGrrrr;12,000
J32;79,000;0,400;2,100;11,886;13,000;0,000;13,000;rrrrrrrrrrrrrrrGGGGGGGrrrr;12,000
J32;79,000;0,400;2,100;11,886;13,000;0,000;13,000;rrrrrrrrrrrrrrrGGGGGGGrrrr;12,000
J32;79,000;0,400;2,100;11,886;13,000;0,000;13,000;rrrrrrrrrrrrrrrGGGGGGGrrrr;12,000
J32;79,000;0,400;2,100;11,886;13,000;0,000;13,000;rrrrrrrrrrrrrrrGGGGGGGrrrr;12,000
J32;79,000;0,400;2,100;11,886;13,000;0,000;13,000;rrrrrrrrrrrrrrrGGGGGGGrrrr;12,000
J32;79,000;0,400;2,100;11,886;13,000;0,000;13,000;rrrrrrrrrrrrrrrGGGGGGGrrrr;12,000
J32;79,000;0,500;2,600;11,920;13,000;0,000;13,000;rrrrrrrrrrrrrrrGGGGGGGrrrr;13,000
J32;80,000;0,500;2,600;11,920;13,000;0,000;13,000;rrrrrrrrrrrrrrrGGGGGGGrrrr;12,000
J32;80,000;0,500;2,600;11,920;13,000;0,000;13,000;rrrrrrrrrrrrrrrGGGGGGGrrrr;12,000
J32;80,000;0,500;2,600;11,920;13,000;0,000;13,000;rrrrrrrrrrrrrrrGGGGGGGrrrr;12,000
J32;80,000;0,500;2,600;11,920;13,000;0,000;13,000;rrrrrrrrrrrrrrrGGGGGGGrrrr;12,000
J32;80,000;0,500;2,600;11,920;13,000;0,000;13,000;rrrrrrrrrrrrrrrGGGGGGGrrrr;12,000
J32;80,000;0,500;2,600;11,920;13,000;0,000;13,000;rrrrrrrrrrrrrrrGGGGGGGrrrr;12,000
J32;80,000;0,500;2,600;11,920;13,000;0,000;13,000;rrrrrrrrrrrrrrrGGGGGGGrrrr;12,000
J32;80,000;0,500;2,600;11,920;13,000;0,000;13,000;rrrrrrrrrrrrrrrGGGGGGGrrrr;12,000
J32;80,000;0,500;2,600;11,920;13,000;0,000;13,000;rrrrrrrrrrrrrrrGGGGGGGrrrr;12,000
J32;80,000;0,500;2,600;11,920;13,000;0,000;13,000;rrrrrrrrrrrrrrrGGGGGGGrrrr;12,000
J32;80,000;0,500;2,600;11,920;13,000;0,000;13,000;rrrrrrrrrrrrrrrGGGGGGGrrrr;12,000
J32;80,000;0,500;2,600;11,920;13,000;0,000;13,000;rrrrrrrrrrrrrrrGGGGGGGrrrr;12,000
J32;80,000;0,700;3,200;11,927;13,000;0,000;13,000;rrrrrrrrrrrrrrrGGGGGGGrrrr;13,000
J32;81,000;0,700;3,200;11,927;13,000;0,000;13,000;rrrrrrrrrrrrrrrGGGGGGGrrrr;12,000
J32;81,000;0,700;3,200;11,927;13,000;0,000;13,000;rrrrrrrrrrrrrrrGGGGGGGrrrr;12,000
J32;81,000;0,700;3,200;11,927;13,000;0,000;13,000;rrrrrrrrrrrrrrrGGGGGGGrrrr;12,000
J32;81,000;0,700;3,200;11,927;13,000;0,000;13,000;rrrrrrrrrrrrrrrGGGGGGGrrrr;12,000
J32;81,000;0,700;3,200;11,927;13,000;0,000;13,000;rrrrrrrrrrrrrrrGGGGGGGrrrr;12,000
J32;81,000;0,700;3,200;11,927;13,000;0,000;13,000;rrrrrrrrrrrrrrrGGGGGGGrrrr;12,000
J32;81,000;0,700;3,200;11,927;13,000;0,000;13,000;rrrrrrrrrrrrrrrGGGGGGGrrrr;12,000
J32;81,000;0,700;3,200;11,927;13,000;0,000;13,000;rrrrrrrrrrrrrrrGGGGGGGrrrr;12,000
J32;81,000;0,700;3,200;11,927;13,000;0,000;13,000;rrrrrrrrrrrrrrrGGGGGGGrrrr;12,000
J32;81,000;0,700;3,200;11,927;13,000;0,000;13,000;rrrrrrrrrrrrrrrGGGGGGGrrrr;12,000
J32;81,000;0,700;3,200;11,927;13,000;0,000;13,000;rrrrrrrrrrrrrrrGGGGGGGrrrr;12,000
J32;81,000;0,700;3,200;11,927;13,000;0,000;13,000;rrrrrrrrrrrrrrrGGGGGGGrrrr;12,000
J32;81,000;0,700;3,200;11,927;13,000;0,000;13,000;rrrrrrrrrrrrrrrGGGGGGGrrrr;12,000
J32;81,000;0,700;3,000;11,902;6,000;17,644;23,644;rrrrrGGGrrrrrrrrrrrrrrrrrr;23,644
J32;82,000;0,500;3,000;11,902;16,000;14,000;30,000;rrrrrgggggrrrrrrrrrrrGGGGG;29,000
J32;82,000;0,500;3,000;11,902;16,000;14,000;30,000;rrrrrgggggrrrrrrrrrrrGGGGG;29,000
J32;82,000;0,500;3,000;11,902;16,000;14,000;30,000;rrrrrgggggrrrrrrrrrrrGGGGG;29,000
J32;82,000;0,500;3,000;11,902;16,000;14,000;30,000;rrrrrgggggrrrrrrrrrrrGGGGG;29,000
J32;82,000;0,500;3,000;11,902;16,000;14,000;30,000;rrrrrgggggrrrrrrrrrrrGGGGG;29,000
J32;82,000;0,500;3,000;11,902;16,000;14,000;30,000;rrrrrgggggrrrrrrrrrrrGGGGG;29,000
J32;82,000;0,500;3,000;11,902;16,000;14,000;30,000;rrrrrgggggrrrrrrrrrrrGGGGG;29,000
J32;82,000;0,500;3,000;11,902;16,000;14,000;30,000;rrrrrgggggrrrrrrrrrrrGGGGG;29,000
J32;82,000;0,500;3,000;11,902;16,000;14,000;30,000;rrrrrgggggrrrrrrrrrrrGGGGG;29,000
J32;82,000;0,500;3,000;11,902;16,000;14,000;30,000;rrrrrgggggrrrrrrrrrrrGGGGG;29,000
J32;82,000;0,500;3,000;11,902;16,000;14,000;30,000;rrrrrgggggrrrrrrrrrrrGGGGG;29,000
J32;82,000;0,500;3,000;11,902;16,000;14,000;30,000;rrrrrgggggrrrrrrrrrrrGGGGG;29,000
J32;82,000;0,500;3,000;11,902;16,000;14,000;30,000;rrrrrgggggrrrrrrrrrrrGGGGG;29,000
J32;82,000;0,500;3,000;11,902;16,000;16,979;32,979;rrrrrgggggrrrrrrrrrrrGGGGG;31,979
J32;82,000;0,500;3,000;11,902;16,000;16,979;32,979;rrrrrgggggrrrrrrrrrrrGGGGG;31,979
J32;83,000;0,400;2,800;12,006;16,000;16,979;32,979;rrrrrgggggrrrrrrrrrrrGGGGG;30,979
J32;83,000;0,400;2,800;12,006;16,000;16,979;32,979;rrrrrgggggrrrrrrrrrrrGGGGG;30,979
J32;83,000;0,400;2,800;12,006;16,000;16,979;32,979;rrrrrgggggrrrrrrrrrrrGGGGG;30,979
J32;83,000;0,400;2,800;12,006;16,000;16,979;32,979;rrrrrgggggrrrrrrrrrrrGGGGG;30,979
J32;83,000;0,400;2,800;12,006;16,000;16,979;32,979;rrrrrgggggrrrrrrrrrrrGGGGG;30,979
J32;83,000;0,400;2,800;12,006;16,000;-11,000;5,000;rrrrrgggggrrrrrrrrrrrGGGGG;3,000
J32;83,000;0,400;2,800;12,006;16,000;-11,000;5,000;rrrrrgggggrrrrrrrrrrrGGGGG;3,000
J32;83,000;0,300;2,600;11,999;16,000;-11,000;5,000;rrrrrgggggrrrrrrrrrrrGGGGG;3,000
J32;84,000;0,300;2,600;11,999;16,000;-11,000;5,000;rrrrrgggggrrrrrrrrrrrGGGGG;2,000
J32;84,000;0,300;2,600;11,999;16,000;-11,000;5,000;rrrrrgggggrrrrrrrrrrrGGGGG;2,000
J32;84,000;0,300;2,600;11,999;16,000;-11,000;5,000;rrrrrgggggrrrrrrrrrrrGGGGG;2,000
J32;84,000;0,300;2,600;11,999;16,000;-11,000;5,000;rrrrrgggggrrrrrrrrrrrGGGGG;2,000
J32;84,000;0,300;2,600;11,999;16,000;-11,000;5,000;rrrrrgggggrrrrrrrrrrrGGGGG;2,000
J32;84,000;0,300;2,600;11,999;16,000;-11,000;5,000;rrrrrgggggrrrrrrrrrrrGGGGG;2,000
J32;84,000;0,300;2,600;11,999;16,000;-11,000;5,000;rrrrrgggggrrrrrrrrrrrGGGGG;2,000
J32;84,000;0,300;2,600;11,999;16,000;-11,000;5,000;rrrrrgggggrrrrrrrrrrrGGGGG;2,000
J32;84,000;0,300;2,600;11,999;16,000;-11,000;5,000;rrrrrgggggrrrrrrrrrrrGGGGG;2,000
J32;84,000;0,300;2,600;11,999;16,000;-11,000;5,000;rrrrrgggggrrrrrrrrrrrGGGGG;2,000
J32;84,000;0,300;2,600;11,999;16,000;-11,000;5,000;rrrrrgggggrrrrrrrrrrrGGGGG;2,000
J32;84,000;0,300;2,600;11,999;16,000;-11,000;5,000;rrrrrgggggrrrrrrrrrrrGGGGG;2,000
J32;84,000;0,300;2,600;11,999;16,000;-11,000;5,000;rrrrrgggggrrrrrrrrrrrGGGGG;2,000
J32;84,000;0,300;2,600;11,999;16,000;17,473;33,473;rrrrrgggggrrrrrrrrrrrGGGGG;30,473
J32;84,000;0,300;2,600;11,999;16,000;17,473;33,473;rrrrrgggggrrrrrrrrrrrGGGGG;30,473
J32;85,000;0,200;2,300;11,948;16,000;-10,000;6,000;rrrrrgggggrrrrrrrrrrrGGGGG;2,000
J32;85,000;0,200;2,300;11,948;16,000;-10,000;6,000;rrrrrgggggrrrrrrrrrrrGGGGG;2,000
J32;85,000;0,200;2,300;11,948;16,000;-10,000;6,000;rrrrrgggggrrrrrrrrrrrGGGGG;2,000
J32;85,000;0,200;2,300;11,948;16,000;-10,000;6,000;rrrrrgggggrrrrrrrrrrrGGGGG;2,000
J32;85,000;0,200;2,300;11,948;16,000;-10,000;6,000;rrrrrgggggrrrrrrrrrrrGGGGG;2,000
J32;85,000;0,200;2,300;11,948;16,000;-10,000;6,000;rrrrrgggggrrrrrrrrrrrGGGGG;2,000
J32;85,000;0,200;2,300;11,948;16,000;-10,000;6,000;rrrrrgggggrrrrrrrrrrrGGGGG;2,000
J32;85,000;0,200;2,300;11,948;16,000;-10,000;6,000;rrrrrgggggrrrrrrrrrrrGGGGG;2,000
J32;85,000;0,200;2,300;11,948;16,000;-10,000;6,000;rrrrrgggggrrrrrrrrrrrGGGGG;2,000
J32;85,000;0,200;2,300;11,948;16,000;-10,000;6,000;rrrrrgggggrrrrrrrrrrrGGGGG;2,000
J32;85,000;0,200;2,300;11,948;16,000;-10,000;6,000;rrrrrgggggrrrrrrrrrrrGGGGG;2,000
J32;85,000;0,200;2,300;11,948;16,000;-10,000;6,000;rrrrrgggggrrrrrrrrrrrGGGGG;2,000
J32;85,000;0,200;2,300;11,948;16,000;-10,000;6,000;rrrrrgggggrrrrrrrrrrrGGGGG;2,000
J32;85,000;0,200;2,300;11,948;16,000;-10,000;6,000;rrrrrgggggrrrrrrrrrrrGGGGG;2,000
J32;85,000;0,200;2,300;11,948;16,000;17,650;33,650;rrrrrgggggrrrrrrrrrrrGGGGG;29,650
J32;85,000;0,200;2,300;11,948;16,000;17,650;33,650;rrrrrgggggrrrrrrrrrrrGGGGG;29,650
J32;86,000;0,200;2,000;12,098;16,000;-9,000;7,000;rrrrrgggggrrrrrrrrrrrGGGGG;2,000
J32;86,000;0,200;2,000;12,098;16,000;-9,000;7,000;rrrrrgggggrrrrrrrrrrrGGGGG;2,000
J32;86,000;0,200;2,000;12,098;16,000;-9,000;7,000;rrrrrgggggrrrrrrrrrrrGGGGG;2,000
J32;86,000;0,200;2,000;12,098;16,000;-9,000;7,000;rrrrrgggggrrrrrrrrrrrGGGGG;2,000
J32;86,000;0,200;2,000;12,098;16,000;-9,000;7,000;rrrrrgggggrrrrrrrrrrrGGGGG;2,000
J32;86,000;0,200;2,000;12,098;16,000;-9,000;7,000;rrrrrgggggrrrrrrrrrrrGGGGG;2,000
J32;86,000;0,200;2,000;12,098;16,000;-9,000;7,000;rrrrrgggggrrrrrrrrrrrGGGGG;2,000
J32;86,000;0,200;2,000;12,098;16,000;-9,000;7,000;rrrrrgggggrrrrrrrrrrrGGGGG;2,000
J32;86,000;0,200;2,000;12,098;16,000;-9,000;7,000;rrrrrgggggrrrrrrrrrrrGGGGG;2,000
J32;86,000;0,200;2,000;12,098;16,000;-9,000;7,000;rrrrrgggggrrrrrrrrrrrGGGGG;2,000
J32;86,000;0,200;2,000;12,098;16,000;-9,000;7,000;rrrrrgggggrrrrrrrrrrrGGGGG;2,000
J32;86,000;0,200;2,000;12,098;16,000;-9,000;7,000;rrrrrgggggrrrrrrrrrrrGGGGG;2,000
J32;86,000;0,200;2,000;12,098;16,000;-9,000;7,000;rrrrrgggggrrrrrrrrrrrGGGGG;2,000
J32;86,000;0,200;2,000;12,098;16,000;17,547;33,547;rrrrrgggggrrrrrrrrrrrGGGGG;28,547
J32;86,000;0,200;2,000;12,098;16,000;17,547;33,547;rrrrrgggggrrrrrrrrrrrGGGGG;28,547
J32;86,000;0,200;2,000;12,098;16,000;-8,000;8,000;rrrrrgggggrrrrrrrrrrrGGGGG;3,000
J32;87,000;0,100;2,000;11,996;16,000;-8,000;8,000;rrrrrgggggrrrrrrrrrrrGGGGG;2,000
J32;87,000;0,100;2,000;11,996;16,000;-8,000;8,000;rrrrrgggggrrrrrrrrrrrGGGGG;2,000
J32;87,000;0,100;2,000;11,996;16,000;-8,000;8,000;rrrrrgggggrrrrrrrrrrrGGGGG;2,000
J32;87,000;0,100;2,000;11,996;16,000;-8,000;8,000;rrrrrgggggrrrrrrrrrrrGGGGG;2,000
J32;87,000;0,100;2,000;11,996;16,000;-8,000;8,000;rrrrrgggggrrrrrrrrrrrGGGGG;2,000
J32;87,000;0,100;2,000;11,996;16,000;-8,000;8,000;rrrrrgggggrrrrrrrrrrrGGGGG;2,000
J32;87,000;0,100;2,000;11,996;16,000;-8,000;8,000;rrrrrgggggrrrrrrrrrrrGGGGG;2,000
J32;87,000;0,100;2,000;11,996;16,000;-8,000;8,000;rrrrrgggggrrrrrrrrrrrGGGGG;2,000
J32;87,000;0,100;2,000;11,996;16,000;-8,000;8,000;rrrrrgggggrrrrrrrrrrrGGGGG;2,000
J32;87,000;0,100;2,000;11,996;16,000;-8,000;8,000;rrrrrgggggrrrrrrrrrrrGGGGG;2,000
J32;87,000;0,100;2,000;11,996;16,000;-8,000;8,000;rrrrrgggggrrrrrrrrrrrGGGGG;2,000
J32;87,000;0,100;2,000;11,996;16,000;-8,000;8,000;rrrrrgggggrrrrrrrrrrrGGGGG;2,000
J32;87,000;0,100;2,000;11,996;16,000;-8,000;8,000;rrrrrgggggrrrrrrrrrrrGGGGG;2,000
J32;87,000;0,100;2,000;11,996;16,000;-6,000;10,000;rrrrrgggggrrrrrrrrrrrGGGGG;4,000
J32;87,000;0,100;2,000;11,996;16,000;-6,000;10,000;rrrrrgggggrrrrrrrrrrrGGGGG;4,000
J32;88,000;0,200;2,100;11,814;16,000;-7,000;9,000;rrrrrgggggrrrrrrrrrrrGGGGG;2,000
J32;88,000;0,200;2,100;11,814;16,000;-7,000;9,000;rrrrrgggggrrrrrrrrrrrGGGGG;2,000
J32;88,000;0,200;2,100;11,814;16,000;-7,000;9,000;rrrrrgggggrrrrrrrrrrrGGGGG;2,000
J32;88,000;0,200;2,100;11,814;16,000;-7,000;9,000;rrrrrgggggrrrrrrrrrrrGGGGG;2,000
J32;88,000;0,200;2,100;11,814;16,000;-7,000;9,000;rrrrrgggggrrrrrrrrrrrGGGGG;2,000
J32;88,000;0,200;2,100;11,814;16,000;-7,000;9,000;rrrrrgggggrrrrrrrrrrrGGGGG;2,000
J32;88,000;0,200;2,100;11,814;16,000;-7,000;9,000;rrrrrgggggrrrrrrrrrrrGGGGG;2,000
J32;88,000;0,200;2,100;11,814;16,000;-7,000;9,000;rrrrrgggggrrrrrrrrrrrGGGGG;2,000
J32;88,000;0,200;2,100;11,814;16,000;-7,000;9,000;rrrrrgggggrrrrrrrrrrrGGGGG;2,000
J32;88,000;0,200;2,100;11,814;16,000;-7,000;9,000;rrrrrgggggrrrrrrrrrrrGGGGG;2,000
J32;88,000;0,200;2,100;11,814;16,000;-7,000;9,000;rrrrrgggggrrrrrrrrrrrGGGGG;2,000
J32;88,000;0,200;2,100;11,814;16,000;-7,000;9,000;rrrrrgggggrrrrrrrrrrrGGGGG;2,000
J32;88,000;0,200;2,100;11,814;16,000;-7,000;9,000;rrrrrgggggrrrrrrrrrrrGGGGG;2,000
J32;88,000;0,200;2,100;11,814;16,000;17,176;33,176;rrrrrgggggrrrrrrrrrrrGGGGG;26,176
J32;88,000;0,200;2,100;11,814;16,000;17,176;33,176;rrrrrgggggrrrrrrrrrrrGGGGG;26,176
J32;88,000;0,100;2,200;11,691;16,000;-6,000;10,000;rrrrrgggggrrrrrrrrrrrGGGGG;3,000
J32;89,000;0,100;2,200;11,691;16,000;-6,000;10,000;rrrrrgggggrrrrrrrrrrrGGGGG;2,000
J32;89,000;0,100;2,200;11,691;16,000;-6,000;10,000;rrrrrgggggrrrrrrrrrrrGGGGG;2,000
J32;89,000;0,100;2,200;11,691;16,000;-6,000;10,000;rrrrrgggggrrrrrrrrrrrGGGGG;2,000
J32;89,000;0,100;2,200;11,691;16,000;-6,000;10,000;rrrrrgggggrrrrrrrrrrrGGGGG;2,000
J32;89,000;0,100;2,200;11,691;16,000;-6,000;10,000;rrrrrgggggrrrrrrrrrrrGGGGG;2,000
J32;89,000;0,100;2,200;11,691;16,000;-6,000;10,000;rrrrrgggggrrrrrrrrrrrGGGGG;2,000
J32;89,000;0,100;2,200;11,691;16,000;-6,000;10,000;rrrrrgggggrrrrrrrrrrrGGGGG;2,000
J32;89,000;0,100;2,200;11,691;16,000;-6,000;10,000;rrrrrgggggrrrrrrrrrrrGGGGG;2,000
J32;89,000;0,100;2,200;11,691;16,000;-6,000;10,000;rrrrrgggggrrrrrrrrrrrGGGGG;2,000
J32;89,000;0,100;2,200;11,691;16,000;-6,000;10,000;rrrrrgggggrrrrrrrrrrrGGGGG;2,000
J32;89,000;0,100;2,200;11,691;16,000;-6,000;10,000;rrrrrgggggrrrrrrrrrrrGGGGG;2,000
J32;89,000;0,100;2,200;11,691;16,000;-6,000;10,000;rrrrrgggggrrrrrrrrrrrGGGGG;2,000
J32;89,000;0,100;2,200;11,691;16,000;-4,000;12,000;rrrrrgggggrrrrrrrrrrrGGGGG;4,000
J32;89,000;0,100;2,200;11,691;16,000;-4,000;12,000;rrrrrgggggrrrrrrrrrrrGGGGG;4,000
J32;90,000;0,200;2,400;11,656;16,000;-5,000;11,000;rrrrrgggggrrrrrrrrrrrGGGGG;2,000
J32;90,000;0,200;2,400;11,656;16,000;-5,000;11,000;rrrrrgggggrrrrrrrrrrrGGGGG;2,000
J32;90,000;0,200;2,400;11,656;16,000;-5,000;11,000;rrrrrgggggrrrrrrrrrrrGGGGG;2,000
J32;90,000;0,200;2,400;11,656;16,000;-5,000;11,000;rrrrrgggggrrrrrrrrrrrGGGGG;2,000
J32;90,000;0,200;2,400;11,656;16,000;-5,000;11,000;rrrrrgggggrrrrrrrrrrrGGGGG;2,000
J32;90,000;0,200;2,400;11,656;16,000;-5,000;11,000;rrrrrgggggrrrrrrrrrrrGGGGG;2,000
J32;90,000;0,200;2,400;11,656;16,000;-5,000;11,000;rrrrrgggggrrrrrrrrrrrGGGGG;2,000
J32;90,000;0,200;2,400;11,656;16,000;-5,000;11,000;rrrrrgggggrrrrrrrrrrrGGGGG;2,000
J32;90,000;0,200;2,400;11,656;16,000;-5,000;11,000;rrrrrgggggrrrrrrrrrrrGGGGG;2,000
J32;90,000;0,200;2,400;11,656;16,000;-5,000;11,000;rrrrrgggggrrrrrrrrrrrGGGGG;2,000
J32;90,000;0,200;2,400;11,656;16,000;-5,000;11,000;rrrrrgggggrrrrrrrrrrrGGGGG;2,000
J32;90,000;0,200;2,400;11,656;16,000;-5,000;11,000;rrrrrgggggrrrrrrrrrrrGGGGG;2,000
J32;90,000;0,200;2,400;11,656;16,000;-5,000;11,000;rrrrrgggggrrrrrrrrrrrGGGGG;2,000
J32;90,000;0,200;2,400;11,656;16,000;-5,000;11,000;rrrrrgggggrrrrrrrrrrrGGGGG;2,000
J32;90,000;0,200;2,400;11,656;16,000;-3,000;13,000;rrrrrgggggrrrrrrrrrrrGGGGG;4,000
J32;90,000;0,200;2,400;11,656;16,000;-3,000;13,000;rrrrrgggggrrrrrrrrrrrGGGGG;4,000
J32;90,000;0,200;2,400;11,656;16,000;-3,000;13,000;rrrrrgggggrrrrrrrrrrrGGGGG;4,000
J32;91,000;0,200;2,600;11,728;16,000;-4,000;12,000;rrrrrgggggrrrrrrrrrrrGGGGG;2,000
J32;91,000;0,200;2,600;11,728;16,000;-4,000;12,000;rrrrrgggggrrrrrrrrrrrGGGGG;2,000
J32;91,000;0,200;2,600;11,728;16,000;-4,000;12,000;rrrrrgggggrrrrrrrrrrrGGGGG;2,000
J32;91,000;0,200;2,600;11,728;16,000;-4,000;12,000;rrrrrgggggrrrrrrrrrrrGGGGG;2,000
J32;91,000;0,200;2,600;11,728;16,000;-4,000;12,000;rrrrrgggggrrrrrrrrrrrGGGGG;2,000
J32;91,000;0,200;2,600;11,728;16,000;-4,000;12,000;rrrrrgggggrrrrrrrrrrrGGGGG;2,000
J32;91,000;0,200;2,600;11,728;16,000;-4,000;12,000;rrrrrgggggrrrrrrrrrrrGGGGG;2,000
J32;91,000;0,200;2,600;11,728;16,000;-4,000;12,000;rrrrrgggggrrrrrrrrrrrGGGGG;2,000
J32;91,000;0,200;2,600;11,728;16,000;-4,000;12,000;rrrrrgggggrrrrrrrrrrrGGGGG;2,000
J32;91,000;0,200;2,600;11,728;16,000;-4,000;12,000;rrrrrgggggrrrrrrrrrrrGGGGG;2,000
J32;91,000;0,200;2,600;11,728;16,000;-4,000;12,000;rrrrrgggggrrrrrrrrrrrGGGGG;2,000
J32;91,000;0,200;2,600;11,728;16,000;-4,000;12,000;rrrrrgggggrrrrrrrrrrrGGGGG;2,000
J32;91,000;0,200;2,600;11,728;16,000;-4,000;12,000;rrrrrgggggrrrrrrrrrrrGGGGG;2,000
J32;91,000;0,200;2,600;11,728;16,000;-4,000;12,000;rrrrrgggggrrrrrrrrrrrGGGGG;2,000
J32;91,000;0,200;2,600;11,728;16,000;-2,000;14,000;rrrrrgggggrrrrrrrrrrrGGGGG;4,000
J32;91,000;0,200;2,600;11,728;16,000;-2,000;14,000;rrrrrgggggrrrrrrrrrrrGGGGG;4,000
J32;91,000;0,200;2,600;11,728;16,000;-3,000;13,000;rrrrrgggggrrrrrrrrrrrGGGGG;3,000
J32;91,000;0,200;2,600;11,728;16,000;-3,000;13,000;rrrrrgggggrrrrrrrrrrrGGGGG;3,000
J32;92,000;0,300;2,900;11,656;16,000;-3,000;13,000;rrrrrgggggrrrrrrrrrrrGGGGG;2,000
J32;92,000;0,300;2,900;11,656;16,000;-3,000;13,000;rrrrrgggggrrrrrrrrrrrGGGGG;2,000
J32;92,000;0,300;2,900;11,656;16,000;-3,000;13,000;rrrrrgggggrrrrrrrrrrrGGGGG;2,000
J32;92,000;0,300;2,900;11,656;16,000;-3,000;13,000;rrrrrgggggrrrrrrrrrrrGGGGG;2,000
J32;92,000;0,300;2,900;11,656;16,000;-3,000;13,000;rrrrrgggggrrrrrrrrrrrGGGGG;2,000
J32;92,000;0,300;2,900;11,656;16,000;-3,000;13,000;rrrrrgggggrrrrrrrrrrrGGGGG;2,000
J32;92,000;0,300;2,900;11,656;16,000;-3,000;13,000;rrrrrgggggrrrrrrrrrrrGGGGG;2,000
J32;92,000;0,300;2,900;11,656;16,000;-3,000;13,000;rrrrrgggggrrrrrrrrrrrGGGGG;2,000
J32;92,000;0,300;2,900;11,656;16,000;-3,000;13,000;rrrrrgggggrrrrrrrrrrrGGGGG;2,000
J32;92,000;0,300;2,900;11,656;16,000;-3,000;13,000;rrrrrgggggrrrrrrrrrrrGGGGG;2,000
J32;92,000;0,300;2,900;11,656;16,000;-3,000;13,000;rrrrrgggggrrrrrrrrrrrGGGGG;2,000
J32;92,000;0,300;2,900;11,656;16,000;-3,000;13,000;rrrrrgggggrrrrrrrrrrrGGGGG;2,000
J32;92,000;0,300;2,900;11,656;16,000;-1,000;15,000;rrrrrgggggrrrrrrrrrrrGGGGG;4,000
J32;92,000;0,300;2,900;11,656;16,000;-1,000;15,000;rrrrrgggggrrrrrrrrrrrGGGGG;4,000
J32;92,000;0,300;2,900;11,656;16,000;-1,000;15,000;rrrrrgggggrrrrrrrrrrrGGGGG;4,000
J32;93,000;0,300;3,200;11,573;16,000;-2,000;14,000;rrrrrgggggrrrrrrrrrrrGGGGG;2,000
J32;93,000;0,300;3,200;11,573;16,000;-2,000;14,000;rrrrrgggggrrrrrrrrrrrGGGGG;2,000
J32;93,000;0,300;3,200;11,573;16,000;-2,000;14,000;rrrrrgggggrrrrrrrrrrrGGGGG;2,000
J32;93,000;0,300;3,200;11,573;16,000;-2,000;14,000;rrrrrgggggrrrrrrrrrrrGGGGG;2,000
J32;93,000;0,300;3,200;11,573;16,000;-2,000;14,000;rrrrrgggggrrrrrrrrrrrGGGGG;2,000
J32;93,000;0,300;3,200;11,573;16,000;-2,000;14,000;rrrrrgggggrrrrrrrrrrrGGGGG;2,000
J32;93,000;0,300;3,200;11,573;16,000;-2,000;14,000;rrrrrgggggrrrrrrrrrrrGGGGG;2,000
J32;93,000;0,300;3,200;11,573;16,000;-2,000;14,000;rrrrrgggggrrrrrrrrrrrGGGGG;2,000
J32;93,000;0,300;3,200;11,573;16,000;-2,000;14,000;rrrrrgggggrrrrrrrrrrrGGGGG;2,000
J32;93,000;0,300;3,200;11,573;16,000;-2,000;14,000;rrrrrgggggrrrrrrrrrrrGGGGG;2,000
J32;93,000;0,300;3,200;11,573;16,000;-2,000;14,000;rrrrrgggggrrrrrrrrrrrGGGGG;2,000
J32;93,000;0,300;3,200;11,573;16,000;-2,000;14,000;rrrrrgggggrrrrrrrrrrrGGGGG;2,000
J32;93,000;0,300;3,200;11,573;16,000;-2,000;14,000;rrrrrgggggrrrrrrrrrrrGGGGG;2,000
J32;93,000;0,300;3,200;11,573;16,000;0,000;16,000;rrrrrgggggrrrrrrrrrrrGGGGG;4,000
J32;93,000;0,300;3,200;11,573;16,000;0,000;16,000;rrrrrgggggrrrrrrrrrrrGGGGG;4,000
J32;93,000;0,300;3,200;11,573;16,000;0,000;16,000;rrrrrgggggrrrrrrrrrrrGGGGG;4,000
J32;94,000;0,300;3,500;11,603;16,000;-1,000;15,000;rrrrrgggggrrrrrrrrrrrGGGGG;2,000
J32;94,000;0,300;3,500;11,603;16,000;-1,000;15,000;rrrrrgggggrrrrrrrrrrrGGGGG;2,000
J32;94,000;0,300;3,500;11,603;16,000;-1,000;15,000;rrrrrgggggrrrrrrrrrrrGGGGG;2,000
J32;94,000;0,300;3,500;11,603;16,000;-1,000;15,000;rrrrrgggggrrrrrrrrrrrGGGGG;2,000
J32;94,000;0,300;3,500;11,603;16,000;-1,000;15,000;rrrrrgggggrrrrrrrrrrrGGGGG;2,000
J32;94,000;0,300;3,500;11,603;16,000;-1,000;15,000;rrrrrgggggrrrrrrrrrrrGGGGG;2,000
J32;94,000;0,300;3,500;11,603;16,000;-1,000;15,000;rrrrrgggggrrrrrrrrrrrGGGGG;2,000
J32;94,000;0,300;3,500;11,603;16,000;-1,000;15,000;rrrrrgggggrrrrrrrrrrrGGGGG;2,000
J32;94,000;0,300;3,500;11,603;16,000;-1,000;15,000;rrrrrgggggrrrrrrrrrrrGGGGG;2,000
J32;94,000;0,300;3,500;11,603;16,000;-1,000;15,000;rrrrrgggggrrrrrrrrrrrGGGGG;2,000
J32;94,000;0,300;3,500;11,603;16,000;-1,000;15,000;rrrrrgggggrrrrrrrrrrrGGGGG;2,000
J32;94,000;0,300;3,500;11,603;16,000;-1,000;15,000;rrrrrgggggrrrrrrrrrrrGGGGG;2,000
J32;94,000;0,300;3,500;11,603;16,000;-1,000;15,000;rrrrrgggggrrrrrrrrrrrGGGGG;2,000
J32;94,000;0,300;3,500;11,603;16,000;-1,000;15,000;rrrrrgggggrrrrrrrrrrrGGGGG;2,000
J32;94,000;0,300;3,500;11,603;16,000;1,000;17,000;rrrrrgggggrrrrrrrrrrrGGGGG;4,000
J32;94,000;0,300;3,500;11,603;16,000;1,000;17,000;rrrrrgggggrrrrrrrrrrrGGGGG;4,000
J32;94,000;0,400;3,800;11,437;16,000;0,000;16,000;rrrrrgggggrrrrrrrrrrrGGGGG;3,000
J32;95,000;0,400;3,800;11,437;16,000;0,000;16,000;rrrrrgggggrrrrrrrrrrrGGGGG;2,000
J32;95,000;0,400;3,800;11,437;16,000;0,000;16,000;rrrrrgggggrrrrrrrrrrrGGGGG;2,000
J32;95,000;0,400;3,800;11,437;16,000;0,000;16,000;rrrrrgggggrrrrrrrrrrrGGGGG;2,000
J32;95,000;0,400;3,800;11,437;16,000;0,000;16,000;rrrrrgggggrrrrrrrrrrrGGGGG;2,000
J32;95,000;0,400;3,800;11,437;16,000;0,000;16,000;rrrrrgggggrrrrrrrrrrrGGGGG;2,000
J32;95,000;0,400;3,800;11,437;16,000;0,000;16,000;rrrrrgggggrrrrrrrrrrrGGGGG;2,000
J32;95,000;0,400;3,800;11,437;16,000;0,000;16,000;rrrrrgggggrrrrrrrrrrrGGGGG;2,000
J32;95,000;0,400;3,800;11,437;16,000;0,000;16,000;rrrrrgggggrrrrrrrrrrrGGGGG;2,000
J32;95,000;0,400;3,800;11,437;16,000;0,000;16,000;rrrrrgggggrrrrrrrrrrrGGGGG;2,000
J32;95,000;0,400;3,800;11,437;16,000;0,000;16,000;rrrrrgggggrrrrrrrrrrrGGGGG;2,000
J32;95,000;0,400;3,800;11,437;16,000;0,000;16,000;rrrrrgggggrrrrrrrrrrrGGGGG;2,000
J32;95,000;0,400;3,800;11,437;16,000;0,000;16,000;rrrrrgggggrrrrrrrrrrrGGGGG;2,000
J32;95,000;0,400;3,800;11,437;16,000;0,000;16,000;rrrrrgggggrrrrrrrrrrrGGGGG;2,000
J32;95,000;0,400;3,800;11,437;16,000;0,000;16,000;rrrrrgggggrrrrrrrrrrrGGGGG;2,000
J32;95,000;0,400;3,800;11,437;16,000;17,694;33,694;rrrrrgggggrrrrrrrrrrrGGGGG;19,694
J32;95,000;0,400;3,800;11,437;16,000;17,694;33,694;rrrrrgggggrrrrrrrrrrrGGGGG;19,694
J32;95,000;0,400;4,100;11,440;16,000;17,694;33,694;rrrrrgggggrrrrrrrrrrrGGGGG;19,694
J32;96,000;0,300;4,100;11,440;16,000;1,000;17,000;rrrrrgggggrrrrrrrrrrrGGGGG;2,000
J32;96,000;0,300;4,100;11,440;16,000;1,000;17,000;rrrrrgggggrrrrrrrrrrrGGGGG;2,000
J32;96,000;0,300;4,100;11,440;16,000;1,000;17,000;rrrrrgggggrrrrrrrrrrrGGGGG;2,000
J32;96,000;0,300;4,100;11,440;16,000;1,000;17,000;rrrrrgggggrrrrrrrrrrrGGGGG;2,000
J32;96,000;0,300;4,100;11,440;16,000;1,000;17,000;rrrrrgggggrrrrrrrrrrrGGGGG;2,000
J32;96,000;0,300;4,100;11,440;16,000;1,000;17,000;rrrrrgggggrrrrrrrrrrrGGGGG;2,000
J32;96,000;0,300;4,100;11,440;16,000;1,000;17,000;rrrrrgggggrrrrrrrrrrrGGGGG;2,000
J32;96,000;0,300;4,100;11,440;16,000;1,000;17,000;rrrrrgggggrrrrrrrrrrrGGGGG;2,000
J32;96,000;0,300;4,100;11,440;16,000;1,000;17,000;rrrrrgggggrrrrrrrrrrrGGGGG;2,000
J32;96,000;0,300;4,100;11,440;16,000;1,000;17,000;rrrrrgggggrrrrrrrrrrrGGGGG;2,000
J32;96,000;0,300;4,100;11,440;16,000;1,000;17,000;rrrrrgggggrrrrrrrrrrrGGGGG;2,000
J32;96,000;0,300;4,100;11,440;16,000;1,000;17,000;rrrrrgggggrrrrrrrrrrrGGGGG;2,000
J32;96,000;0,300;4,100;11,440;16,000;3,000;19,000;rrrrrgggggrrrrrrrrrrrGGGGG;4,000
J32;96,000;0,300;4,100;11,440;3,000;16,000;19,000;rrrrryyyyyrrrrrrrrrrryyyyy;4,000
J32;97,000;0,300;4,400;11,872;3,000;16,000;19,000;rrrrryyyyyrrrrrrrrrrryyyyy;3,000
J32;97,000;0,300;4,400;11,872;3,000;16,000;19,000;rrrrryyyyyrrrrrrrrrrryyyyy;3,000
J32;97,000;0,300;4,400;11,872;3,000;16,000;19,000;rrrrryyyyyrrrrrrrrrrryyyyy;3,000
J32;97,000;0,300;4,400;11,872;3,000;16,000;19,000;rrrrryyyyyrrrrrrrrrrryyyyy;3,000
J32;97,000;0,300;4,400;11,872;3,000;16,000;19,000;rrrrryyyyyrrrrrrrrrrryyyyy;3,000
J32;97,000;0,300;4,400;11,872;3,000;16,000;19,000;rrrrryyyyyrrrrrrrrrrryyyyy;3,000
J32;97,000;0,300;4,400;11,872;3,000;16,000;19,000;rrrrryyyyyrrrrrrrrrrryyyyy;3,000
J32;97,000;0,300;4,400;11,872;3,000;16,000;19,000;rrrrryyyyyrrrrrrrrrrryyyyy;3,000
J32;97,000;0,300;4,400;11,872;3,000;16,000;19,000;rrrrryyyyyrrrrrrrrrrryyyyy;3,000
J32;97,000;0,300;4,400;11,872;3,000;16,000;19,000;rrrrryyyyyrrrrrrrrrrryyyyy;3,000
J32;97,000;0,300;4,400;11,872;3,000;16,000;19,000;rrrrryyyyyrrrrrrrrrrryyyyy;3,000
J32;97,000;0,300;4,400;11,872;3,000;16,000;19,000;rrrrryyyyyrrrrrrrrrrryyyyy;3,000
J32;97,000;0,300;4,400;11,872;3,000;16,000;19,000;rrrrryyyyyrrrrrrrrrrryyyyy;3,000
J32;97,000;0,300;4,700;11,854;3,000;16,000;19,000;rrrrryyyyyrrrrrrrrrrryyyyy;3,000
J32;98,000;0,300;4,700;11,854;3,000;16,000;19,000;rrrrryyyyyrrrrrrrrrrryyyyy;2,000
J32;98,000;0,300;4,700;11,854;3,000;16,000;19,000;rrrrryyyyyrrrrrrrrrrryyyyy;2,000
J32;98,000;0,300;4,700;11,854;3,000;16,000;19,000;rrrrryyyyyrrrrrrrrrrryyyyy;2,000
J32;98,000;0,300;4,700;11,854;3,000;16,000;19,000;rrrrryyyyyrrrrrrrrrrryyyyy;2,000
J32;98,000;0,300;4,700;11,854;3,000;16,000;19,000;rrrrryyyyyrrrrrrrrrrryyyyy;2,000
J32;98,000;0,300;4,700;11,854;3,000;16,000;19,000;rrrrryyyyyrrrrrrrrrrryyyyy;2,000
J32;98,000;0,300;4,700;11,854;3,000;16,000;19,000;rrrrryyyyyrrrrrrrrrrryyyyy;2,000
J32;98,000;0,300;4,700;11,854;3,000;16,000;19,000;rrrrryyyyyrrrrrrrrrrryyyyy;2,000
J32;98,000;0,300;4,700;11,854;3,000;16,000;19,000;rrrrryyyyyrrrrrrrrrrryyyyy;2,000
J32;98,000;0,300;4,700;11,854;3,000;16,000;19,000;rrrrryyyyyrrrrrrrrrrryyyyy;2,000
J32;98,000;0,300;4,700;11,854;3,000;16,000;19,000;rrrrryyyyyrrrrrrrrrrryyyyy;2,000
J32;98,000;0,300;4,700;11,854;3,000;16,000;19,000;rrrrryyyyyrrrrrrrrrrryyyyy;2,000
J32;98,000;0,300;5,000;11,959;3,000;16,000;19,000;rrrrryyyyyrrrrrrrrrrryyyyy;2,000
J32;99,000;0,300;5,000;11,959;3,000;16,000;19,000;rrrrryyyyyrrrrrrrrrrryyyyy;1,000
J32;99,000;0,300;5,000;11,959;3,000;16,000;19,000;rrrrryyyyyrrrrrrrrrrryyyyy;1,000
J32;99,000;0,300;5,000;11,959;3,000;16,000;19,000;rrrrryyyyyrrrrrrrrrrryyyyy;1,000
J32;99,000;0,300;5,000;11,959;3,000;16,000;19,000;rrrrryyyyyrrrrrrrrrrryyyyy;1,000
J32;99,000;0,300;5,000;11,959;3,000;16,000;19,000;rrrrryyyyyrrrrrrrrrrryyyyy;1,000
J32;99,000;0,300;5,000;11,959;3,000;16,000;19,000;rrrrryyyyyrrrrrrrrrrryyyyy;1,000
J32;99,000;0,300;5,000;11,959;3,000;16,000;19,000;rrrrryyyyyrrrrrrrrrrryyyyy;1,000
J32;99,000;0,300;5,000;11,959;3,000;16,000;19,000;rrrrryyyyyrrrrrrrrrrryyyyy;1,000
J32;99,000;0,300;5,000;11,959;3,000;16,000;19,000;rrrrryyyyyrrrrrrrrrrryyyyy;1,000
J32;99,000;0,300;5,000;11,959;3,000;16,000;19,000;rrrrryyyyyrrrrrrrrrrryyyyy;1,000
J32;99,000;0,300;5,000;11,959;3,000;16,000;19,000;rrrrryyyyyrrrrrrrrrrryyyyy;1,000
J32;99,000;0,300;5,000;11,959;3,000;16,000;19,000;rrrrryyyyyrrrrrrrrrrryyyyy;1,000
J32;99,000;0,300;5,000;11,959;3,000;16,000;19,000;rrrrryyyyyrrrrrrrrrrryyyyy;1,000
J32;99,000;0,300;5,000;11,959;3,000;16,000;19,000;rrrrryyyyyrrrrrrrrrrryyyyy;1,000
J32;100,000;0,300;5,300;12,194;3,000;16,000;19,000;rrrrryyyyyrrrrrrrrrrryyyyy;0,000
J32;100,000;0,300;5,300;12,194;3,000;16,000;19,000;rrrrryyyyyrrrrrrrrrrryyyyy;0,000
J32;100,000;0,300;5,300;12,194;3,000;16,000;19,000;rrrrryyyyyrrrrrrrrrrryyyyy;0,000
J32;100,000;0,300;5,300;12,194;3,000;16,000;19,000;rrrrryyyyyrrrrrrrrrrryyyyy;0,000
J32;100,000;0,300;5,300;12,194;3,000;16,000;19,000;rrrrryyyyyrrrrrrrrrrryyyyy;0,000
J32;100,000;0,300;5,300;12,194;3,000;16,000;19,000;rrrrryyyyyrrrrrrrrrrryyyyy;0,000
J32;100,000;0,300;5,300;12,194;3,000;16,000;19,000;rrrrryyyyyrrrrrrrrrrryyyyy;0,000
J32;100,000;0,300;5,300;12,194;3,000;16,000;19,000;rrrrryyyyyrrrrrrrrrrryyyyy;0,000
J32;100,000;0,300;5,300;12,194;3,000;16,000;19,000;rrrrryyyyyrrrrrrrrrrryyyyy;0,000
J32;100,000;0,300;5,300;12,194;3,000;16,000;19,000;rrrrryyyyyrrrrrrrrrrryyyyy;0,000
J32;100,000;0,300;5,300;12,194;3,000;16,000;19,000;rrrrryyyyyrrrrrrrrrrryyyyy;0,000
J32;100,000;0,300;5,300;12,194;3,000;16,000;19,000;rrrrryyyyyrrrrrrrrrrryyyyy;0,000
J32;100,000;0,300;5,300;12,194;3,000;16,000;19,000;rrrrryyyyyrrrrrrrrrrryyyyy;0,000
J32;100,000;0,300;5,300;12,194;3,000;16,000;19,000;rrrrryyyyyrrrrrrrrrrryyyyy;0,000
J32;100,000;0,300;5,300;12,194;3,000;16,000;19,000;rrrrryyyyyrrrrrrrrrrryyyyy;0,000
J32;100,000;0,300;5,300;12,194;3,000;16,000;19,000;rrrrryyyyyrrrrrrrrrrryyyyy;0,000
J32;100,000;0,300;5,300;12,194;3,000;16,000;19,000;rrrrryyyyyrrrrrrrrrrryyyyy;0,000
J32;100,000;0,300;5,300;12,194;3,000;16,000;19,000;rrrrryyyyyrrrrrrrrrrryyyyy;0,000
J32;100,000;0,300;5,300;12,194;16,000;0,000;16,000;rrrrrrrrrrGGGGGGrrrrrrrrrr;16,000
J32;101,000;0,300;2,300;12,123;16,000;0,000;16,000;rrrrrrrrrrGGGGGGrrrrrrrrrr;15,000
J32;101,000;0,300;2,300;12,123;16,000;0,000;16,000;rrrrrrrrrrGGGGGGrrrrrrrrrr;15,000
J32;101,000;0,300;2,300;12,123;16,000;0,000;16,000;rrrrrrrrrrGGGGGGrrrrrrrrrr;15,000
J32;101,000;0,300;2,300;12,123;16,000;0,000;16,000;rrrrrrrrrrGGGGGGrrrrrrrrrr;15,000
J32;101,000;0,300;2,300;12,123;16,000;0,000;16,000;rrrrrrrrrrGGGGGGrrrrrrrrrr;15,000
J32;101,000;0,300;2,300;12,123;16,000;0,000;16,000;rrrrrrrrrrGGGGGGrrrrrrrrrr;15,000
J32;101,000;0,300;2,300;12,123;16,000;0,000;16,000;rrrrrrrrrrGGGGGGrrrrrrrrrr;15,000
J32;101,000;0,300;2,300;12,123;16,000;0,000;16,000;rrrrrrrrrrGGGGGGrrrrrrrrrr;15,000
J32;101,000;0,300;2,300;12,123;16,000;0,000;16,000;rrrrrrrrrrGGGGGGrrrrrrrrrr;15,000
J32;101,000;0,300;2,300;12,123;16,000;0,000;16,000;rrrrrrrrrrGGGGGGrrrrrrrrrr;15,000
J32;101,000;0,300;2,300;12,123;16,000;0,000;16,000;rrrrrrrrrrGGGGGGrrrrrrrrrr;15,000
J32;101,000;0,300;2,300;12,123;16,000;0,000;16,000;rrrrrrrrrrGGGGGGrrrrrrrrrr;15,000
J32;101,000;0,300;2,300;12,123;16,000;0,000;16,000;rrrrrrrrrrGGGGGGrrrrrrrrrr;15,000
J32;101,000;0,300;2,300;12,123;16,000;0,000;16,000;rrrrrrrrrrGGGGGGrrrrrrrrrr;15,000
J32;101,000;0,300;2,300;12,123;16,000;0,000;16,000;rrrrrrrrrrGGGGGGrrrrrrrrrr;15,000
J32;101,000;0,300;2,300;12,123;16,000;18,121;34,121;rrrrrrrrrrGGGGGGrrrrrrrrrr;33,121
J32;101,000;0,300;2,300;12,123;16,000;18,121;34,121;rrrrrrrrrrGGGGGGrrrrrrrrrr;33,121
J32;101,000;0,300;1,300;11,842;16,000;-12,000;4,000;rrrrrrrrrrGGGGGGrrrrrrrrrr;3,000
J32;102,000;0,300;1,300;11,842;16,000;-12,000;4,000;rrrrrrrrrrGGGGGGrrrrrrrrrr;2,000
J32;102,000;0,300;1,300;11,842;16,000;-12,000;4,000;rrrrrrrrrrGGGGGGrrrrrrrrrr;2,000
J32;102,000;0,300;1,300;11,842;16,000;-12,000;4,000;rrrrrrrrrrGGGGGGrrrrrrrrrr;2,000
J32;102,000;0,300;1,300;11,842;16,000;-12,000;4,000;rrrrrrrrrrGGGGGGrrrrrrrrrr;2,000
J32;102,000;0,300;1,300;11,842;16,000;-12,000;4,000;rrrrrrrrrrGGGGGGrrrrrrrrrr;2,000
J32;102,000;0,300;1,300;11,842;16,000;-12,000;4,000;rrrrrrrrrrGGGGGGrrrrrrrrrr;2,000
J32;102,000;0,300;1,300;11,842;16,000;-12,000;4,000;rrrrrrrrrrGGGGGGrrrrrrrrrr;2,000
J32;102,000;0,300;1,300;11,842;16,000;-12,000;4,000;rrrrrrrrrrGGGGGGrrrrrrrrrr;2,000
J32;102,000;0,300;1,300;11,842;16,000;-12,000;4,000;rrrrrrrrrrGGGGGGrrrrrrrrrr;2,000
J32;102,000;0,300;1,300;11,842;16,000;-12,000;4,000;rrrrrrrrrrGGGGGGrrrrrrrrrr;2,000
J32;102,000;0,300;1,300;11,842;16,000;-12,000;4,000;rrrrrrrrrrGGGGGGrrrrrrrrrr;2,000
J32;102,000;0,300;1,300;11,842;16,000;17,923;33,923;rrrrrrrrrrGGGGGGrrrrrrrrrr;31,923
J32;102,000;0,300;1,300;11,842;16,000;17,923;33,923;rrrrrrrrrrGGGGGGrrrrrrrrrr;31,923
J32;102,000;0,100;0,300;12,035;16,000;-11,000;5,000;rrrrrrrrrrGGGGGGrrrrrrrrrr;3,000
J32;103,000;0,100;0,300;12,035;16,000;-11,000;5,000;rrrrrrrrrrGGGGGGrrrrrrrrrr;2,000
J32;103,000;0,100;0,300;12,035;16,000;-11,000;5,000;rrrrrrrrrrGGGGGGrrrrrrrrrr;2,000
J32;103,000;0,100;0,300;12,035;16,000;-11,000;5,000;rrrrrrrrrrGGGGGGrrrrrrrrrr;2,000
J32;103,000;0,100;0,300;12,035;16,000;-11,000;5,000;rrrrrrrrrrGGGGGGrrrrrrrrrr;2,000
J32;103,000;0,100;0,300;12,035;16,000;-11,000;5,000;rrrrrrrrrrGGGGGGrrrrrrrrrr;2,000
J32;103,000;0,100;0,300;12,035;16,000;-11,000;5,000;rrrrrrrrrrGGGGGGrrrrrrrrrr;2,000
J32;103,000;0,100;0,300;12,035;16,000;-11,000;5,000;rrrrrrrrrrGGGGGGrrrrrrrrrr;2,000
J32;103,000;0,100;0,300;12,035;16,000;-11,000;5,000;rrrrrrrrrrGGGGGGrrrrrrrrrr;2,000
J32;103,000;0,100;0,300;12,035;16,000;-11,000;5,000;rrrrrrrrrrGGGGGGrrrrrrrrrr;2,000
J32;103,000;0,100;0,300;12,035;16,000;-9,000;7,000;rrrrrrrrrrGGGGGGrrrrrrrrrr;4,000
J32;103,000;0,100;0,300;12,035;16,000;-9,000;7,000;rrrrrrrrrrGGGGGGrrrrrrrrrr;4,000
J32;104,000;0,200;0,500;12,164;16,000;-10,000;6,000;rrrrrrrrrrGGGGGGrrrrrrrrrr;2,000
J32;104,000;0,200;0,500;12,164;16,000;-10,000;6,000;rrrrrrrrrrGGGGGGrrrrrrrrrr;2,000
J32;104,000;0,200;0,500;12,164;16,000;-10,000;6,000;rrrrrrrrrrGGGGGGrrrrrrrrrr;2,000
J32;104,000;0,200;0,500;12,164;16,000;-10,000;6,000;rrrrrrrrrrGGGGGGrrrrrrrrrr;2,000
J32;104,000;0,200;0,500;12,164;16,000;-10,000;6,000;rrrrrrrrrrGGGGGGrrrrrrrrrr;2,000
J32;104,000;0,200;0,500;12,164;16,000;-10,000;6,000;rrrrrrrrrrGGGGGGrrrrrrrrrr;2,000
J32;104,000;0,200;0,500;12,164;16,000;-10,000;6,000;rrrrrrrrrrGGGGGGrrrrrrrrrr;2,000
J32;104,000;0,200;0,500;12,164;16,000;-10,000;6,000;rrrrrrrrrrGGGGGGrrrrrrrrrr;2,000
J32;104,000;0,200;0,500;12,164;16,000;-10,000;6,000;rrrrrrrrrrGGGGGGrrrrrrrrrr;2,000
J32;104,000;0,200;0,500;12,164;16,000;-10,000;6,000;rrrrrrrrrrGGGGGGrrrrrrrrrr;2,000
J32;104,000;0,200;0,500;12,164;16,000;-10,000;6,000;rrrrrrrrrrGGGGGGrrrrrrrrrr;2,000
J32;104,000;0,200;0,500;12,164;16,000;-8,000;8,000;rrrrrrrrrrGGGGGGrrrrrrrrrr;4,000
J32;104,000;0,200;0,500;12,164;16,000;-8,000;8,000;rrrrrrrrrrGGGGGGrrrrrrrrrr;4,000
J32;104,000;0,200;0,700;12,145;16,000;-9,000;7,000;rrrrrrrrrrGGGGGGrrrrrrrrrr;3,000
J32;105,000;0,200;0,700;12,145;16,000;-9,000;7,000;rrrrrrrrrrGGGGGGrrrrrrrrrr;2,000
J32;105,000;0,200;0,700;12,145;16,000;-9,000;7,000;rrrrrrrrrrGGGGGGrrrrrrrrrr;2,000
J32;105,000;0,200;0,700;12,145;16,000;-9,000;7,000;rrrrrrrrrrGGGGGGrrrrrrrrrr;2,000
J32;105,000;0,200;0,700;12,145;16,000;-9,000;7,000;rrrrrrrrrrGGGGGGrrrrrrrrrr;2,000
J32;105,000;0,200;0,700;12,145;16,000;-9,000;7,000;rrrrrrrrrrGGGGGGrrrrrrrrrr;2,000
J32;105,000;0,200;0,700;12,145;16,000;-9,000;7,000;rrrrrrrrrrGGGGGGrrrrrrrrrr;2,000
J32;105,000;0,200;0,700;12,145;16,000;-9,000;7,000;rrrrrrrrrrGGGGGGrrrrrrrrrr;2,000
J32;105,000;0,200;0,700;12,145;16,000;-9,000;7,000;rrrrrrrrrrGGGGGGrrrrrrrrrr;2,000
J32;105,000;0,200;0,700;12,145;16,000;-9,000;7,000;rrrrrrrrrrGGGGGGrrrrrrrrrr;2,000
J32;105,000;0,200;0,700;12,145;16,000;-9,000;7,000;rrrrrrrrrrGGGGGGrrrrrrrrrr;2,000
J32;105,000;0,200;0,700;12,145;16,000;-7,000;9,000;rrrrrrrrrrGGGGGGrrrrrrrrrr;4,000
J32;105,000;0,200;0,700;12,145;16,000;-7,000;9,000;rrrrrrrrrrGGGGGGrrrrrrrrrr;4,000
J32;105,000;0,200;0,900;12,287;16,000;-8,000;8,000;rrrrrrrrrrGGGGGGrrrrrrrrrr;3,000
J32;106,000;0,200;0,900;12,287;16,000;-8,000;8,000;rrrrrrrrrrGGGGGGrrrrrrrrrr;2,000
J32;106,000;0,200;0,900;12,287;16,000;-8,000;8,000;rrrrrrrrrrGGGGGGrrrrrrrrrr;2,000
J32;106,000;0,200;0,900;12,287;16,000;-8,000;8,000;rrrrrrrrrrGGGGGGrrrrrrrrrr;2,000
J32;106,000;0,200;0,900;12,287;16,000;-8,000;8,000;rrrrrrrrrrGGGGGGrrrrrrrrrr;2,000
J32;106,000;0,200;0,900;12,287;16,000;-8,000;8,000;rrrrrrrrrrGGGGGGrrrrrrrrrr;2,000
J32;106,000;0,200;0,900;12,287;16,000;-8,000;8,000;rrrrrrrrrrGGGGGGrrrrrrrrrr;2,000
J32;107,000;0,200;1,100;12,240;16,000;-7,000;9,000;rrrrrrrrrrGGGGGGrrrrrrrrrr;2,000
J32;107,000;0,200;1,100;12,240;16,000;-7,000;9,000;rrrrrrrrrrGGGGGGrrrrrrrrrr;2,000
J32;107,000;0,200;1,100;12,240;16,000;-7,000;9,000;rrrrrrrrrrGGGGGGrrrrrrrrrr;2,000
J32;107,000;0,200;1,100;12,240;16,000;-7,000;9,000;rrrrrrrrrrGGGGGGrrrrrrrrrr;2,000
J32;107,000;0,200;1,100;12,240;16,000;-7,000;9,000;rrrrrrrrrrGGGGGGrrrrrrrrrr;2,000
J32;107,000;0,200;1,100;12,240;16,000;-7,000;9,000;rrrrrrrrrrGGGGGGrrrrrrrrrr;2,000
J32;107,000;0,200;1,100;12,240;16,000;-5,000;11,000;rrrrrrrrrrGGGGGGrrrrrrrrrr;4,000
J32;108,000;0,200;1,300;12,135;16,000;-6,000;10,000;rrrrrrrrrrGGGGGGrrrrrrrrrr;2,000
J32;108,000;0,200;1,300;12,135;16,000;-6,000;10,000;rrrrrrrrrrGGGGGGrrrrrrrrrr;2,000
J32;108,000;0,200;1,300;12,135;16,000;-6,000;10,000;rrrrrrrrrrGGGGGGrrrrrrrrrr;2,000
J32;108,000;0,200;1,300;12,135;16,000;-6,000;10,000;rrrrrrrrrrGGGGGGrrrrrrrrrr;2,000
J32;108,000;0,200;1,300;12,135;16,000;-4,000;12,000;rrrrrrrrrrGGGGGGrrrrrrrrrr;4,000
J32;108,000;0,200;1,300;12,135;16,000;-4,000;12,000;rrrrrrrrrrGGGGGGrrrrrrrrrr;4,000
J32;108,000;0,300;1,500;12,124;16,000;-5,000;11,000;rrrrrrrrrrGGGGGGrrrrrrrrrr;3,000
J32;109,000;0,300;1,500;12,124;16,000;-5,000;11,000;rrrrrrrrrrGGGGGGrrrrrrrrrr;2,000
J32;109,000;0,300;1,500;12,124;16,000;-5,000;11,000;rrrrrrrrrrGGGGGGrrrrrrrrrr;2,000
J32;109,000;0,300;1,500;12,124;16,000;-5,000;11,000;rrrrrrrrrrGGGGGGrrrrrrrrrr;2,000
J32;109,000;0,300;1,500;12,124;16,000;-5,000;11,000;rrrrrrrrrrGGGGGGrrrrrrrrrr;2,000
J32;109,000;0,300;1,500;12,124;16,000;-5,000;11,000;rrrrrrrrrrGGGGGGrrrrrrrrrr;2,000
J32;109,000;0,300;1,500;12,124;16,000;-3,000;13,000;rrrrrrrrrrGGGGGGrrrrrrrrrr;4,000
J32;110,000;0,200;1,700;12,082;16,000;-4,000;12,000;rrrrrrrrrrGGGGGGrrrrrrrrrr;2,000
J32;110,000;0,200;1,700;12,082;16,000;-4,000;12,000;rrrrrrrrrrGGGGGGrrrrrrrrrr;2,000
J32;110,000;0,200;1,700;12,082;16,000;-4,000;12,000;rrrrrrrrrrGGGGGGrrrrrrrrrr;2,000
J32;110,000;0,200;1,700;12,082;16,000;-4,000;12,000;rrrrrrrrrrGGGGGGrrrrrrrrrr;2,000
J32;110,000;0,200;1,700;12,082;16,000;-4,000;12,000;rrrrrrrrrrGGGGGGrrrrrrrrrr;2,000
J32;110,000;0,200;1,700;12,082;16,000;-4,000;12,000;rrrrrrrrrrGGGGGGrrrrrrrrrr;2,000
J32;110,000;0,200;1,700;12,082;16,000;-4,000;12,000;rrrrrrrrrrGGGGGGrrrrrrrrrr;2,000
J32;110,000;0,200;1,700;12,082;16,000;-4,000;12,000;rrrrrrrrrrGGGGGGrrrrrrrrrr;2,000
J32;110,000;0,200;1,700;12,082;16,000;-4,000;12,000;rrrrrrrrrrGGGGGGrrrrrrrrrr;2,000
J32;110,000;0,200;1,700;12,082;16,000;-4,000;12,000;rrrrrrrrrrGGGGGGrrrrrrrrrr;2,000
J32;110,000;0,200;1,700;12,082;16,000;-4,000;12,000;rrrrrrrrrrGGGGGGrrrrrrrrrr;2,000
J32;110,000;0,200;1,700;12,082;16,000;-2,000;14,000;rrrrrrrrrrGGGGGGrrrrrrrrrr;4,000
J32;110,000;0,300;2,000;12,153;16,000;-3,000;13,000;rrrrrrrrrrGGGGGGrrrrrrrrrr;3,000
J32;111,000;0,300;2,000;12,153;16,000;-3,000;13,000;rrrrrrrrrrGGGGGGrrrrrrrrrr;2,000
J32;111,000;0,300;2,000;12,153;16,000;-3,000;13,000;rrrrrrrrrrGGGGGGrrrrrrrrrr;2,000
J32;111,000;0,300;2,000;12,153;16,000;-3,000;13,000;rrrrrrrrrrGGGGGGrrrrrrrrrr;2,000
J32;111,000;0,300;2,000;12,153;16,000;-3,000;13,000;rrrrrrrrrrGGGGGGrrrrrrrrrr;2,000
J32;111,000;0,300;2,000;12,153;16,000;-3,000;13,000;rrrrrrrrrrGGGGGGrrrrrrrrrr;2,000
J32;111,000;0,300;2,000;12,153;16,000;-3,000;13,000;rrrrrrrrrrGGGGGGrrrrrrrrrr;2,000
J32;111,000;0,300;2,000;12,153;16,000;-3,000;13,000;rrrrrrrrrrGGGGGGrrrrrrrrrr;2,000
J32;111,000;0,300;2,000;12,153;16,000;-3,000;13,000;rrrrrrrrrrGGGGGGrrrrrrrrrr;2,000
J32;111,000;0,300;2,000;12,153;16,000;-3,000;13,000;rrrrrrrrrrGGGGGGrrrrrrrrrr;2,000
J32;111,000;0,300;2,000;12,153;16,000;-3,000;13,000;rrrrrrrrrrGGGGGGrrrrrrrrrr;2,000
J32;111,000;0,300;2,000;12,153;16,000;-3,000;13,000;rrrrrrrrrrGGGGGGrrrrrrrrrr;2,000
J32;111,000;0,300;2,000;12,153;16,000;-3,000;13,000;rrrrrrrrrrGGGGGGrrrrrrrrrr;2,000
J32;111,000;0,300;2,000;12,153;16,000;-1,000;15,000;rrrrrrrrrrGGGGGGrrrrrrrrrr;4,000
J32;111,000;0,300;2,000;12,153;16,000;-1,000;15,000;rrrrrrrrrrGGGGGGrrrrrrrrrr;4,000
J32;111,000;0,300;2,000;12,153;16,000;-1,000;15,000;rrrrrrrrrrGGGGGGrrrrrrrrrr;4,000
J32;111,000;0,300;2,000;12,153;16,000;-1,000;15,000;rrrrrrrrrrGGGGGGrrrrrrrrrr;4,000
J32;112,000;0,300;2,300;12,052;16,000;-2,000;14,000;rrrrrrrrrrGGGGGGrrrrrrrrrr;2,000
J32;112,000;0,300;2,300;12,052;16,000;-2,000;14,000;rrrrrrrrrrGGGGGGrrrrrrrrrr;2,000
J32;112,000;0,300;2,300;12,052;16,000;-2,000;14,000;rrrrrrrrrrGGGGGGrrrrrrrrrr;2,000
J32;112,000;0,300;2,300;12,052;16,000;-2,000;14,000;rrrrrrrrrrGGGGGGrrrrrrrrrr;2,000
J32;112,000;0,300;2,300;12,052;16,000;-2,000;14,000;rrrrrrrrrrGGGGGGrrrrrrrrrr;2,000
J32;112,000;0,300;2,300;12,052;16,000;-2,000;14,000;rrrrrrrrrrGGGGGGrrrrrrrrrr;2,000
J32;112,000;0,300;2,300;12,052;16,000;-2,000;14,000;rrrrrrrrrrGGGGGGrrrrrrrrrr;2,000
J32;112,000;0,300;2,300;12,052;16,000;-2,000;14,000;rrrrrrrrrrGGGGGGrrrrrrrrrr;2,000
J32;112,000;0,300;2,300;12,052;16,000;-2,000;14,000;rrrrrrrrrrGGGGGGrrrrrrrrrr;2,000
J32;112,000;0,300;2,300;12,052;16,000;-2,000;14,000;rrrrrrrrrrGGGGGGrrrrrrrrrr;2,000
J32;112,000;0,300;2,300;12,052;16,000;-2,000;14,000;rrrrrrrrrrGGGGGGrrrrrrrrrr;2,000
J32;112,000;0,300;2,300;12,052;16,000;-2,000;14,000;rrrrrrrrrrGGGGGGrrrrrrrrrr;2,000
J32;112,000;0,300;2,300;12,052;16,000;-2,000;14,000;rrrrrrrrrrGGGGGGrrrrrrrrrr;2,000
J32;112,000;0,300;2,300;12,052;16,000;-2,000;14,000;rrrrrrrrrrGGGGGGrrrrrrrrrr;2,000
J32;112,000;0,300;2,300;12,052;16,000;0,000;16,000;rrrrrrrrrrGGGGGGrrrrrrrrrr;4,000
J32;112,000;0,300;2,300;12,052;16,000;0,000;16,000;rrrrrrrrrrGGGGGGrrrrrrrrrr;4,000
J32;112,000;0,300;2,300;12,052;16,000;0,000;16,000;rrrrrrrrrrGGGGGGrrrrrrrrrr;4,000
J32;112,000;0,300;2,600;12,017;16,000;-1,000;15,000;rrrrrrrrrrGGGGGGrrrrrrrrrr;3,000
